model_id,task,format,uid,valid,qa_s_correct,qa_p_correct,qa_s,qa_p,jsem_filled_1_10,jsem_observed,jsem_normalized,judge,qa_micro,chamfer_distance,chamfer_distance_score,iou_csg,f_score_005,f_score_001,normal_consistency,no_open_edge,inverted_normal_score,non_manifold_edge_score,iou_measured,iou_inapplicable,geometry,topology
gemini38_flash,descriptive,json,0085/00852511,True,4,0,1.0,,10,10,1.0,1.0,,,,,,,,,,,,,,
gemini38_flash,descriptive,json,0009/00099014,True,4,0,1.0,,7,7,0.6666666666666666,0.8333333333333333,,,,,,,,,,,,,,
gemini38_flash,descriptive,json,0071/00710826,True,3,0,0.75,,6,6,0.5555555555555556,0.6527777777777778,,,,,,,,,,,,,,
gemini38_flash,descriptive,json,0005/00057589,True,4,0,1.0,,10,10,1.0,1.0,,,,,,,,,,,,,,
gemini38_flash,descriptive,json,0015/00155951,True,4,0,1.0,,5,5,0.4444444444444444,0.7222222222222222,,,,,,,,,,,,,,
gemini38_flash,descriptive,json,0013/00134405,True,4,0,1.0,,10,10,1.0,1.0,,,,,,,,,,,,,,
gemini38_flash,descriptive,json,0053/00531353,True,4,0,1.0,,7,7,0.6666666666666666,0.8333333333333333,,,,,,,,,,,,,,
gemini38_flash,descriptive,json,0094/00941813,True,4,0,1.0,,10,10,1.0,1.0,,,,,,,,,,,,,,
gemini38_flash,descriptive,json,0081/00817410,True,3,0,0.75,,10,10,1.0,0.875,,,,,,,,,,,,,,
gemini38_flash,descriptive,json,0045/00457640,True,3,0,0.75,,7,7,0.6666666666666666,0.7083333333333333,,,,,,,,,,,,,,
gemini38_flash,descriptive,json,0047/00478097,True,4,0,1.0,,10,10,1.0,1.0,,,,,,,,,,,,,,
gemini38_flash,descriptive,json,0013/00135353,True,4,0,1.0,,10,10,1.0,1.0,,,,,,,,,,,,,,
gemini38_flash,descriptive,json,0062/00621494,True,4,0,1.0,,8,8,0.7777777777777778,0.8888888888888888,,,,,,,,,,,,,,
gemini38_flash,descriptive,json,0016/00169954,True,4,0,1.0,,10,10,1.0,1.0,,,,,,,,,,,,,,
gemini38_flash,descriptive,json,0039/00390147,True,4,0,1.0,,10,10,1.0,1.0,,,,,,,,,,,,,,
gemini38_flash,descriptive,json,0089/00895528,True,4,0,1.0,,5,5,0.4444444444444444,0.7222222222222222,,,,,,,,,,,,,,
gemini38_flash,descriptive,json,0030/00306122,True,4,0,1.0,,10,10,1.0,1.0,,,,,,,,,,,,,,
gemini38_flash,descriptive,json,0070/00706059,True,4,0,1.0,,10,10,1.0,1.0,,,,,,,,,,,,,,
gemini38_flash,descriptive,json,0008/00086411,True,4,0,1.0,,10,10,1.0,1.0,,,,,,,,,,,,,,
gemini38_flash,descriptive,json,0073/00732007,True,4,0,1.0,,7,7,0.6666666666666666,0.8333333333333333,,,,,,,,,,,,,,
gemini38_flash,descriptive,json,0010/00103639,True,4,0,1.0,,10,10,1.0,1.0,,,,,,,,,,,,,,
gemini38_flash,descriptive,json,0019/00199917,True,3,0,0.75,,10,10,1.0,0.875,,,,,,,,,,,,,,
gemini38_flash,descriptive,json,0035/00350534,True,4,0,1.0,,4,4,0.3333333333333333,0.6666666666666666,,,,,,,,,,,,,,
gemini38_flash,descriptive,json,0043/00431078,True,3,0,0.75,,6,6,0.5555555555555556,0.6527777777777778,,,,,,,,,,,,,,
gemini38_flash,descriptive,json,0073/00737056,True,4,0,1.0,,6,6,0.5555555555555556,0.7777777777777778,,,,,,,,,,,,,,
gemini38_flash,descriptive,json,0078/00788594,True,3,0,0.75,,10,10,1.0,0.875,,,,,,,,,,,,,,
gemini38_flash,descriptive,json,0067/00677148,True,4,0,1.0,,10,10,1.0,1.0,,,,,,,,,,,,,,
gemini38_flash,descriptive,json,0093/00937375,True,3,0,0.75,,10,10,1.0,0.875,,,,,,,,,,,,,,
gemini38_flash,descriptive,json,0072/00726428,True,4,0,1.0,,4,4,0.3333333333333333,0.6666666666666666,,,,,,,,,,,,,,
gemini38_flash,descriptive,json,0049/00497058,True,4,0,1.0,,7,7,0.6666666666666666,0.8333333333333333,,,,,,,,,,,,,,
gemini38_flash,descriptive,json,0013/00133189,True,4,0,1.0,,10,10,1.0,1.0,,,,,,,,,,,,,,
gemini38_flash,descriptive,json,0024/00249966,True,4,0,1.0,,10,10,1.0,1.0,,,,,,,,,,,,,,
gemini38_flash,descriptive,json,0004/00042777,True,4,0,1.0,,6,6,0.5555555555555556,0.7777777777777778,,,,,,,,,,,,,,
gemini38_flash,descriptive,json,0055/00553999,True,4,0,1.0,,10,10,1.0,1.0,,,,,,,,,,,,,,
gemini38_flash,descriptive,json,0068/00681400,True,4,0,1.0,,6,6,0.5555555555555556,0.7777777777777778,,,,,,,,,,,,,,
gemini38_flash,descriptive,json,0071/00714935,True,4,0,1.0,,7,7,0.6666666666666666,0.8333333333333333,,,,,,,,,,,,,,
gemini38_flash,descriptive,json,0022/00227442,True,3,0,0.75,,7,7,0.6666666666666666,0.7083333333333333,,,,,,,,,,,,,,
gemini38_flash,descriptive,json,0039/00397627,True,3,0,0.75,,4,4,0.3333333333333333,0.5416666666666666,,,,,,,,,,,,,,
gemini38_flash,descriptive,json,0026/00268024,True,4,0,1.0,,10,10,1.0,1.0,,,,,,,,,,,,,,
gemini38_flash,descriptive,json,0007/00073282,True,3,0,0.75,,6,6,0.5555555555555556,0.6527777777777778,,,,,,,,,,,,,,
gemini38_flash,descriptive,json,0036/00369868,True,4,0,1.0,,6,6,0.5555555555555556,0.7777777777777778,,,,,,,,,,,,,,
gemini38_flash,descriptive,json,0084/00844862,True,4,0,1.0,,10,10,1.0,1.0,,,,,,,,,,,,,,
gemini38_flash,descriptive,json,0026/00268027,True,4,0,1.0,,10,10,1.0,1.0,,,,,,,,,,,,,,
gemini38_flash,descriptive,json,0092/00925049,True,4,0,1.0,,6,6,0.5555555555555556,0.7777777777777778,,,,,,,,,,,,,,
gemini38_flash,descriptive,json,0072/00725542,True,4,0,1.0,,6,6,0.5555555555555556,0.7777777777777778,,,,,,,,,,,,,,
gemini38_flash,descriptive,json,0015/00150938,True,4,0,1.0,,10,10,1.0,1.0,,,,,,,,,,,,,,
gemini38_flash,descriptive,json,0072/00726429,True,4,0,1.0,,3,3,0.2222222222222222,0.6111111111111112,,,,,,,,,,,,,,
gemini38_flash,descriptive,json,0065/00657969,True,4,0,1.0,,5,5,0.4444444444444444,0.7222222222222222,,,,,,,,,,,,,,
gemini38_flash,descriptive,json,0031/00310774,True,4,0,1.0,,8,8,0.7777777777777778,0.8888888888888888,,,,,,,,,,,,,,
gemini38_flash,descriptive,json,0061/00618813,True,2,0,0.5,,6,6,0.5555555555555556,0.5277777777777778,,,,,,,,,,,,,,
gemini38_flash,descriptive,json,0030/00307386,True,4,0,1.0,,10,10,1.0,1.0,,,,,,,,,,,,,,
gemini38_flash,descriptive,json,0072/00724192,True,4,0,1.0,,7,7,0.6666666666666666,0.8333333333333333,,,,,,,,,,,,,,
gemini38_flash,descriptive,json,0018/00189804,True,4,0,1.0,,10,10,1.0,1.0,,,,,,,,,,,,,,
gemini38_flash,descriptive,json,0080/00807326,True,4,0,1.0,,10,10,1.0,1.0,,,,,,,,,,,,,,
gemini38_flash,descriptive,json,0078/00789364,True,4,0,1.0,,7,7,0.6666666666666666,0.8333333333333333,,,,,,,,,,,,,,
gemini38_flash,descriptive,json,0002/00029952,True,4,0,1.0,,10,10,1.0,1.0,,,,,,,,,,,,,,
gemini38_flash,descriptive,json,0005/00051224,True,4,0,1.0,,10,10,1.0,1.0,,,,,,,,,,,,,,
gemini38_flash,descriptive,json,0087/00873073,True,4,0,1.0,,10,10,1.0,1.0,,,,,,,,,,,,,,
gemini38_flash,descriptive,json,0077/00779770,True,3,0,0.75,,5,5,0.4444444444444444,0.5972222222222222,,,,,,,,,,,,,,
gemini38_flash,descriptive,json,0077/00778195,True,4,0,1.0,,10,10,1.0,1.0,,,,,,,,,,,,,,
gemini38_flash,descriptive,json,0039/00397628,True,4,0,1.0,,4,4,0.3333333333333333,0.6666666666666666,,,,,,,,,,,,,,
gemini38_flash,descriptive,json,0008/00089777,True,4,0,1.0,,7,7,0.6666666666666666,0.8333333333333333,,,,,,,,,,,,,,
gemini38_flash,descriptive,json,0075/00758810,True,4,0,1.0,,5,5,0.4444444444444444,0.7222222222222222,,,,,,,,,,,,,,
gemini38_flash,descriptive,json,0028/00284926,True,4,0,1.0,,8,8,0.7777777777777778,0.8888888888888888,,,,,,,,,,,,,,
gemini38_flash,descriptive,json,0074/00741629,True,4,0,1.0,,8,8,0.7777777777777778,0.8888888888888888,,,,,,,,,,,,,,
gemini38_flash,descriptive,json,0097/00973497,True,4,0,1.0,,8,8,0.7777777777777778,0.8888888888888888,,,,,,,,,,,,,,
gemini38_flash,descriptive,json,0047/00474303,True,4,0,1.0,,10,10,1.0,1.0,,,,,,,,,,,,,,
gemini38_flash,descriptive,json,0061/00616188,True,3,0,0.75,,6,6,0.5555555555555556,0.6527777777777778,,,,,,,,,,,,,,
gemini38_flash,descriptive,json,0005/00051572,True,4,0,1.0,,10,10,1.0,1.0,,,,,,,,,,,,,,
gemini38_flash,descriptive,json,0025/00253807,True,4,0,1.0,,8,8,0.7777777777777778,0.8888888888888888,,,,,,,,,,,,,,
gemini38_flash,descriptive,json,0024/00242128,True,4,0,1.0,,6,6,0.5555555555555556,0.7777777777777778,,,,,,,,,,,,,,
gemini38_flash,descriptive,json,0029/00292492,True,4,0,1.0,,10,10,1.0,1.0,,,,,,,,,,,,,,
gemini38_flash,descriptive,json,0054/00547865,True,4,0,1.0,,7,7,0.6666666666666666,0.8333333333333333,,,,,,,,,,,,,,
gemini38_flash,descriptive,json,0005/00052091,True,4,0,1.0,,7,7,0.6666666666666666,0.8333333333333333,,,,,,,,,,,,,,
gemini38_flash,descriptive,json,0034/00344679,True,4,0,1.0,,3,3,0.2222222222222222,0.6111111111111112,,,,,,,,,,,,,,
gemini38_flash,descriptive,json,0092/00923543,True,4,0,1.0,,10,10,1.0,1.0,,,,,,,,,,,,,,
gemini38_flash,descriptive,json,0024/00242859,True,4,0,1.0,,10,10,1.0,1.0,,,,,,,,,,,,,,
gemini38_flash,descriptive,json,0079/00790247,True,4,0,1.0,,7,7,0.6666666666666666,0.8333333333333333,,,,,,,,,,,,,,
gemini38_flash,descriptive,json,0084/00843879,True,4,0,1.0,,10,10,1.0,1.0,,,,,,,,,,,,,,
gemini38_flash,descriptive,json,0010/00108226,True,4,0,1.0,,7,7,0.6666666666666666,0.8333333333333333,,,,,,,,,,,,,,
gemini38_flash,descriptive,json,0026/00268031,True,4,0,1.0,,10,10,1.0,1.0,,,,,,,,,,,,,,
gemini38_flash,descriptive,json,0022/00225399,True,4,0,1.0,,8,8,0.7777777777777778,0.8888888888888888,,,,,,,,,,,,,,
gemini38_flash,descriptive,json,0057/00570258,True,4,0,1.0,,10,10,1.0,1.0,,,,,,,,,,,,,,
gemini38_flash,descriptive,json,0010/00101896,True,4,0,1.0,,5,5,0.4444444444444444,0.7222222222222222,,,,,,,,,,,,,,
gemini38_flash,descriptive,json,0061/00619989,True,4,0,1.0,,5,5,0.4444444444444444,0.7222222222222222,,,,,,,,,,,,,,
gemini38_flash,descriptive,json,0022/00226013,True,4,0,1.0,,7,7,0.6666666666666666,0.8333333333333333,,,,,,,,,,,,,,
gemini38_flash,descriptive,json,0052/00523563,True,4,0,1.0,,10,10,1.0,1.0,,,,,,,,,,,,,,
gemini38_flash,descriptive,json,0036/00361447,True,4,0,1.0,,7,7,0.6666666666666666,0.8333333333333333,,,,,,,,,,,,,,
gemini38_flash,descriptive,json,0070/00709862,True,4,0,1.0,,10,10,1.0,1.0,,,,,,,,,,,,,,
gemini38_flash,descriptive,json,0054/00541109,True,4,0,1.0,,5,5,0.4444444444444444,0.7222222222222222,,,,,,,,,,,,,,
gemini38_flash,descriptive,json,0086/00866616,True,4,0,1.0,,7,7,0.6666666666666666,0.8333333333333333,,,,,,,,,,,,,,
gemini38_flash,descriptive,json,0027/00279318,True,4,0,1.0,,10,10,1.0,1.0,,,,,,,,,,,,,,
gemini38_flash,descriptive,json,0082/00827203,True,4,0,1.0,,4,4,0.3333333333333333,0.6666666666666666,,,,,,,,,,,,,,
gemini38_flash,descriptive,json,0039/00391450,True,3,0,0.75,,4,4,0.3333333333333333,0.5416666666666666,,,,,,,,,,,,,,
gemini38_flash,descriptive,json,0013/00135378,True,4,0,1.0,,7,7,0.6666666666666666,0.8333333333333333,,,,,,,,,,,,,,
gemini38_flash,descriptive,json,0093/00934405,True,4,0,1.0,,10,10,1.0,1.0,,,,,,,,,,,,,,
gemini38_flash,descriptive,json,0056/00568816,True,4,0,1.0,,4,4,0.3333333333333333,0.6666666666666666,,,,,,,,,,,,,,
gemini38_flash,descriptive,json,0072/00728052,True,4,0,1.0,,4,4,0.3333333333333333,0.6666666666666666,,,,,,,,,,,,,,
gemini38_flash,descriptive,json,0021/00210983,True,4,0,1.0,,7,7,0.6666666666666666,0.8333333333333333,,,,,,,,,,,,,,
gemini38_flash,descriptive,json,0046/00460772,True,3,0,0.75,,7,7,0.6666666666666666,0.7083333333333333,,,,,,,,,,,,,,
gemini38_flash,descriptive,openscad,0085/00852511,True,4,0,1.0,,10,10,1.0,1.0,,,,,,,,,,,,,,
gemini38_flash,descriptive,openscad,0009/00099014,True,4,0,1.0,,7,7,0.6666666666666666,0.8333333333333333,,,,,,,,,,,,,,
gemini38_flash,descriptive,openscad,0071/00710826,True,4,0,1.0,,6,6,0.5555555555555556,0.7777777777777778,,,,,,,,,,,,,,
gemini38_flash,descriptive,openscad,0005/00057589,True,4,0,1.0,,8,8,0.7777777777777778,0.8888888888888888,,,,,,,,,,,,,,
gemini38_flash,descriptive,openscad,0015/00155951,True,4,0,1.0,,10,10,1.0,1.0,,,,,,,,,,,,,,
gemini38_flash,descriptive,openscad,0013/00134405,True,4,0,1.0,,10,10,1.0,1.0,,,,,,,,,,,,,,
gemini38_flash,descriptive,openscad,0053/00531353,True,4,0,1.0,,6,6,0.5555555555555556,0.7777777777777778,,,,,,,,,,,,,,
gemini38_flash,descriptive,openscad,0094/00941813,True,4,0,1.0,,10,10,1.0,1.0,,,,,,,,,,,,,,
gemini38_flash,descriptive,openscad,0081/00817410,True,4,0,1.0,,10,10,1.0,1.0,,,,,,,,,,,,,,
gemini38_flash,descriptive,openscad,0045/00457640,True,4,0,1.0,,7,7,0.6666666666666666,0.8333333333333333,,,,,,,,,,,,,,
gemini38_flash,descriptive,openscad,0047/00478097,True,4,0,1.0,,10,10,1.0,1.0,,,,,,,,,,,,,,
gemini38_flash,descriptive,openscad,0013/00135353,True,4,0,1.0,,10,10,1.0,1.0,,,,,,,,,,,,,,
gemini38_flash,descriptive,openscad,0062/00621494,True,4,0,1.0,,6,6,0.5555555555555556,0.7777777777777778,,,,,,,,,,,,,,
gemini38_flash,descriptive,openscad,0016/00169954,True,4,0,1.0,,10,10,1.0,1.0,,,,,,,,,,,,,,
gemini38_flash,descriptive,openscad,0039/00390147,True,4,0,1.0,,10,10,1.0,1.0,,,,,,,,,,,,,,
gemini38_flash,descriptive,openscad,0089/00895528,True,4,0,1.0,,7,7,0.6666666666666666,0.8333333333333333,,,,,,,,,,,,,,
gemini38_flash,descriptive,openscad,0030/00306122,True,4,0,1.0,,10,10,1.0,1.0,,,,,,,,,,,,,,
gemini38_flash,descriptive,openscad,0070/00706059,True,4,0,1.0,,10,10,1.0,1.0,,,,,,,,,,,,,,
gemini38_flash,descriptive,openscad,0008/00086411,True,4,0,1.0,,10,10,1.0,1.0,,,,,,,,,,,,,,
gemini38_flash,descriptive,openscad,0073/00732007,True,4,0,1.0,,7,7,0.6666666666666666,0.8333333333333333,,,,,,,,,,,,,,
gemini38_flash,descriptive,openscad,0010/00103639,True,4,0,1.0,,10,10,1.0,1.0,,,,,,,,,,,,,,
gemini38_flash,descriptive,openscad,0019/00199917,True,4,0,1.0,,10,10,1.0,1.0,,,,,,,,,,,,,,
gemini38_flash,descriptive,openscad,0035/00350534,True,3,0,0.75,,8,8,0.7777777777777778,0.7638888888888888,,,,,,,,,,,,,,
gemini38_flash,descriptive,openscad,0043/00431078,True,4,0,1.0,,7,7,0.6666666666666666,0.8333333333333333,,,,,,,,,,,,,,
gemini38_flash,descriptive,openscad,0073/00737056,True,4,0,1.0,,4,4,0.3333333333333333,0.6666666666666666,,,,,,,,,,,,,,
gemini38_flash,descriptive,openscad,0078/00788594,True,4,0,1.0,,10,10,1.0,1.0,,,,,,,,,,,,,,
gemini38_flash,descriptive,openscad,0067/00677148,True,4,0,1.0,,4,4,0.3333333333333333,0.6666666666666666,,,,,,,,,,,,,,
gemini38_flash,descriptive,openscad,0093/00937375,True,4,0,1.0,,10,10,1.0,1.0,,,,,,,,,,,,,,
gemini38_flash,descriptive,openscad,0072/00726428,True,4,0,1.0,,4,4,0.3333333333333333,0.6666666666666666,,,,,,,,,,,,,,
gemini38_flash,descriptive,openscad,0049/00497058,True,4,0,1.0,,7,7,0.6666666666666666,0.8333333333333333,,,,,,,,,,,,,,
gemini38_flash,descriptive,openscad,0013/00133189,True,4,0,1.0,,10,10,1.0,1.0,,,,,,,,,,,,,,
gemini38_flash,descriptive,openscad,0024/00249966,True,4,0,1.0,,10,10,1.0,1.0,,,,,,,,,,,,,,
gemini38_flash,descriptive,openscad,0004/00042777,True,4,0,1.0,,10,10,1.0,1.0,,,,,,,,,,,,,,
gemini38_flash,descriptive,openscad,0055/00553999,True,4,0,1.0,,10,10,1.0,1.0,,,,,,,,,,,,,,
gemini38_flash,descriptive,openscad,0068/00681400,True,4,0,1.0,,7,7,0.6666666666666666,0.8333333333333333,,,,,,,,,,,,,,
gemini38_flash,descriptive,openscad,0071/00714935,True,4,0,1.0,,7,7,0.6666666666666666,0.8333333333333333,,,,,,,,,,,,,,
gemini38_flash,descriptive,openscad,0022/00227442,True,4,0,1.0,,7,7,0.6666666666666666,0.8333333333333333,,,,,,,,,,,,,,
gemini38_flash,descriptive,openscad,0039/00397627,True,4,0,1.0,,4,4,0.3333333333333333,0.6666666666666666,,,,,,,,,,,,,,
gemini38_flash,descriptive,openscad,0026/00268024,True,4,0,1.0,,10,10,1.0,1.0,,,,,,,,,,,,,,
gemini38_flash,descriptive,openscad,0007/00073282,True,3,0,0.75,,5,5,0.4444444444444444,0.5972222222222222,,,,,,,,,,,,,,
gemini38_flash,descriptive,openscad,0036/00369868,True,4,0,1.0,,6,6,0.5555555555555556,0.7777777777777778,,,,,,,,,,,,,,
gemini38_flash,descriptive,openscad,0084/00844862,True,4,0,1.0,,8,8,0.7777777777777778,0.8888888888888888,,,,,,,,,,,,,,
gemini38_flash,descriptive,openscad,0026/00268027,True,4,0,1.0,,10,10,1.0,1.0,,,,,,,,,,,,,,
gemini38_flash,descriptive,openscad,0092/00925049,True,4,0,1.0,,7,7,0.6666666666666666,0.8333333333333333,,,,,,,,,,,,,,
gemini38_flash,descriptive,openscad,0072/00725542,True,4,0,1.0,,7,7,0.6666666666666666,0.8333333333333333,,,,,,,,,,,,,,
gemini38_flash,descriptive,openscad,0015/00150938,True,4,0,1.0,,8,8,0.7777777777777778,0.8888888888888888,,,,,,,,,,,,,,
gemini38_flash,descriptive,openscad,0072/00726429,True,4,0,1.0,,4,4,0.3333333333333333,0.6666666666666666,,,,,,,,,,,,,,
gemini38_flash,descriptive,openscad,0065/00657969,True,4,0,1.0,,5,5,0.4444444444444444,0.7222222222222222,,,,,,,,,,,,,,
gemini38_flash,descriptive,openscad,0031/00310774,True,4,0,1.0,,10,10,1.0,1.0,,,,,,,,,,,,,,
gemini38_flash,descriptive,openscad,0061/00618813,True,4,0,1.0,,10,10,1.0,1.0,,,,,,,,,,,,,,
gemini38_flash,descriptive,openscad,0030/00307386,True,4,0,1.0,,10,10,1.0,1.0,,,,,,,,,,,,,,
gemini38_flash,descriptive,openscad,0072/00724192,True,4,0,1.0,,7,7,0.6666666666666666,0.8333333333333333,,,,,,,,,,,,,,
gemini38_flash,descriptive,openscad,0018/00189804,True,4,0,1.0,,10,10,1.0,1.0,,,,,,,,,,,,,,
gemini38_flash,descriptive,openscad,0080/00807326,True,4,0,1.0,,5,5,0.4444444444444444,0.7222222222222222,,,,,,,,,,,,,,
gemini38_flash,descriptive,openscad,0078/00789364,True,4,0,1.0,,7,7,0.6666666666666666,0.8333333333333333,,,,,,,,,,,,,,
gemini38_flash,descriptive,openscad,0002/00029952,True,4,0,1.0,,10,10,1.0,1.0,,,,,,,,,,,,,,
gemini38_flash,descriptive,openscad,0005/00051224,True,4,0,1.0,,10,10,1.0,1.0,,,,,,,,,,,,,,
gemini38_flash,descriptive,openscad,0087/00873073,True,4,0,1.0,,7,7,0.6666666666666666,0.8333333333333333,,,,,,,,,,,,,,
gemini38_flash,descriptive,openscad,0077/00779770,True,4,0,1.0,,3,3,0.2222222222222222,0.6111111111111112,,,,,,,,,,,,,,
gemini38_flash,descriptive,openscad,0077/00778195,True,4,0,1.0,,10,10,1.0,1.0,,,,,,,,,,,,,,
gemini38_flash,descriptive,openscad,0039/00397628,True,4,0,1.0,,3,3,0.2222222222222222,0.6111111111111112,,,,,,,,,,,,,,
gemini38_flash,descriptive,openscad,0008/00089777,True,4,0,1.0,,7,7,0.6666666666666666,0.8333333333333333,,,,,,,,,,,,,,
gemini38_flash,descriptive,openscad,0075/00758810,True,4,0,1.0,,6,6,0.5555555555555556,0.7777777777777778,,,,,,,,,,,,,,
gemini38_flash,descriptive,openscad,0028/00284926,True,4,0,1.0,,10,10,1.0,1.0,,,,,,,,,,,,,,
gemini38_flash,descriptive,openscad,0074/00741629,True,4,0,1.0,,10,10,1.0,1.0,,,,,,,,,,,,,,
gemini38_flash,descriptive,openscad,0097/00973497,True,4,0,1.0,,8,8,0.7777777777777778,0.8888888888888888,,,,,,,,,,,,,,
gemini38_flash,descriptive,openscad,0047/00474303,True,4,0,1.0,,8,8,0.7777777777777778,0.8888888888888888,,,,,,,,,,,,,,
gemini38_flash,descriptive,openscad,0061/00616188,True,4,0,1.0,,6,6,0.5555555555555556,0.7777777777777778,,,,,,,,,,,,,,
gemini38_flash,descriptive,openscad,0005/00051572,True,4,0,1.0,,10,10,1.0,1.0,,,,,,,,,,,,,,
gemini38_flash,descriptive,openscad,0025/00253807,True,4,0,1.0,,8,8,0.7777777777777778,0.8888888888888888,,,,,,,,,,,,,,
gemini38_flash,descriptive,openscad,0024/00242128,True,4,0,1.0,,7,7,0.6666666666666666,0.8333333333333333,,,,,,,,,,,,,,
gemini38_flash,descriptive,openscad,0029/00292492,True,4,0,1.0,,10,10,1.0,1.0,,,,,,,,,,,,,,
gemini38_flash,descriptive,openscad,0054/00547865,True,4,0,1.0,,7,7,0.6666666666666666,0.8333333333333333,,,,,,,,,,,,,,
gemini38_flash,descriptive,openscad,0005/00052091,True,4,0,1.0,,10,10,1.0,1.0,,,,,,,,,,,,,,
gemini38_flash,descriptive,openscad,0034/00344679,True,4,0,1.0,,4,4,0.3333333333333333,0.6666666666666666,,,,,,,,,,,,,,
gemini38_flash,descriptive,openscad,0092/00923543,True,4,0,1.0,,6,6,0.5555555555555556,0.7777777777777778,,,,,,,,,,,,,,
gemini38_flash,descriptive,openscad,0024/00242859,True,4,0,1.0,,6,6,0.5555555555555556,0.7777777777777778,,,,,,,,,,,,,,
gemini38_flash,descriptive,openscad,0079/00790247,True,4,0,1.0,,7,7,0.6666666666666666,0.8333333333333333,,,,,,,,,,,,,,
gemini38_flash,descriptive,openscad,0084/00843879,True,4,0,1.0,,10,10,1.0,1.0,,,,,,,,,,,,,,
gemini38_flash,descriptive,openscad,0010/00108226,True,4,0,1.0,,7,7,0.6666666666666666,0.8333333333333333,,,,,,,,,,,,,,
gemini38_flash,descriptive,openscad,0026/00268031,True,4,0,1.0,,10,10,1.0,1.0,,,,,,,,,,,,,,
gemini38_flash,descriptive,openscad,0022/00225399,True,4,0,1.0,,10,10,1.0,1.0,,,,,,,,,,,,,,
gemini38_flash,descriptive,openscad,0057/00570258,True,4,0,1.0,,10,10,1.0,1.0,,,,,,,,,,,,,,
gemini38_flash,descriptive,openscad,0010/00101896,True,4,0,1.0,,6,6,0.5555555555555556,0.7777777777777778,,,,,,,,,,,,,,
gemini38_flash,descriptive,openscad,0061/00619989,True,4,0,1.0,,5,5,0.4444444444444444,0.7222222222222222,,,,,,,,,,,,,,
gemini38_flash,descriptive,openscad,0022/00226013,True,4,0,1.0,,7,7,0.6666666666666666,0.8333333333333333,,,,,,,,,,,,,,
gemini38_flash,descriptive,openscad,0052/00523563,True,4,0,1.0,,10,10,1.0,1.0,,,,,,,,,,,,,,
gemini38_flash,descriptive,openscad,0036/00361447,True,4,0,1.0,,7,7,0.6666666666666666,0.8333333333333333,,,,,,,,,,,,,,
gemini38_flash,descriptive,openscad,0070/00709862,True,4,0,1.0,,10,10,1.0,1.0,,,,,,,,,,,,,,
gemini38_flash,descriptive,openscad,0054/00541109,True,4,0,1.0,,4,4,0.3333333333333333,0.6666666666666666,,,,,,,,,,,,,,
gemini38_flash,descriptive,openscad,0086/00866616,True,4,0,1.0,,7,7,0.6666666666666666,0.8333333333333333,,,,,,,,,,,,,,
gemini38_flash,descriptive,openscad,0027/00279318,True,4,0,1.0,,7,7,0.6666666666666666,0.8333333333333333,,,,,,,,,,,,,,
gemini38_flash,descriptive,openscad,0082/00827203,True,4,0,1.0,,4,4,0.3333333333333333,0.6666666666666666,,,,,,,,,,,,,,
gemini38_flash,descriptive,openscad,0039/00391450,True,4,0,1.0,,6,6,0.5555555555555556,0.7777777777777778,,,,,,,,,,,,,,
gemini38_flash,descriptive,openscad,0013/00135378,True,4,0,1.0,,7,7,0.6666666666666666,0.8333333333333333,,,,,,,,,,,,,,
gemini38_flash,descriptive,openscad,0093/00934405,True,4,0,1.0,,10,10,1.0,1.0,,,,,,,,,,,,,,
gemini38_flash,descriptive,openscad,0056/00568816,True,4,0,1.0,,4,4,0.3333333333333333,0.6666666666666666,,,,,,,,,,,,,,
gemini38_flash,descriptive,openscad,0072/00728052,True,4,0,1.0,,10,10,1.0,1.0,,,,,,,,,,,,,,
gemini38_flash,descriptive,openscad,0021/00210983,True,4,0,1.0,,6,6,0.5555555555555556,0.7777777777777778,,,,,,,,,,,,,,
gemini38_flash,descriptive,openscad,0046/00460772,True,4,0,1.0,,10,10,1.0,1.0,,,,,,,,,,,,,,
gemini38_flash,descriptive,cadquery,0085/00852511,True,4,0,1.0,,10,10,1.0,1.0,,,,,,,,,,,,,,
gemini38_flash,descriptive,cadquery,0009/00099014,True,4,0,1.0,,7,7,0.6666666666666666,0.8333333333333333,,,,,,,,,,,,,,
gemini38_flash,descriptive,cadquery,0071/00710826,True,4,0,1.0,,10,10,1.0,1.0,,,,,,,,,,,,,,
gemini38_flash,descriptive,cadquery,0005/00057589,True,4,0,1.0,,10,10,1.0,1.0,,,,,,,,,,,,,,
gemini38_flash,descriptive,cadquery,0015/00155951,True,4,0,1.0,,6,6,0.5555555555555556,0.7777777777777778,,,,,,,,,,,,,,
gemini38_flash,descriptive,cadquery,0013/00134405,False,0,0,0.0,,1.0,,0.0,0.0,,,,,,,,,,,,,,
gemini38_flash,descriptive,cadquery,0053/00531353,True,4,0,1.0,,6,6,0.5555555555555556,0.7777777777777778,,,,,,,,,,,,,,
gemini38_flash,descriptive,cadquery,0094/00941813,True,4,0,1.0,,10,10,1.0,1.0,,,,,,,,,,,,,,
gemini38_flash,descriptive,cadquery,0081/00817410,True,4,0,1.0,,10,10,1.0,1.0,,,,,,,,,,,,,,
gemini38_flash,descriptive,cadquery,0045/00457640,True,4,0,1.0,,7,7,0.6666666666666666,0.8333333333333333,,,,,,,,,,,,,,
gemini38_flash,descriptive,cadquery,0047/00478097,True,4,0,1.0,,10,10,1.0,1.0,,,,,,,,,,,,,,
gemini38_flash,descriptive,cadquery,0013/00135353,True,4,0,1.0,,10,10,1.0,1.0,,,,,,,,,,,,,,
gemini38_flash,descriptive,cadquery,0062/00621494,True,4,0,1.0,,7,7,0.6666666666666666,0.8333333333333333,,,,,,,,,,,,,,
gemini38_flash,descriptive,cadquery,0016/00169954,False,0,0,0.0,,1.0,,0.0,0.0,,,,,,,,,,,,,,
gemini38_flash,descriptive,cadquery,0039/00390147,True,4,0,1.0,,8,8,0.7777777777777778,0.8888888888888888,,,,,,,,,,,,,,
gemini38_flash,descriptive,cadquery,0089/00895528,True,4,0,1.0,,6,6,0.5555555555555556,0.7777777777777778,,,,,,,,,,,,,,
gemini38_flash,descriptive,cadquery,0030/00306122,True,4,0,1.0,,10,10,1.0,1.0,,,,,,,,,,,,,,
gemini38_flash,descriptive,cadquery,0070/00706059,True,4,0,1.0,,10,10,1.0,1.0,,,,,,,,,,,,,,
gemini38_flash,descriptive,cadquery,0008/00086411,True,4,0,1.0,,10,10,1.0,1.0,,,,,,,,,,,,,,
gemini38_flash,descriptive,cadquery,0073/00732007,True,4,0,1.0,,7,7,0.6666666666666666,0.8333333333333333,,,,,,,,,,,,,,
gemini38_flash,descriptive,cadquery,0010/00103639,False,0,0,0.0,,1.0,,0.0,0.0,,,,,,,,,,,,,,
gemini38_flash,descriptive,cadquery,0019/00199917,True,4,0,1.0,,10,10,1.0,1.0,,,,,,,,,,,,,,
gemini38_flash,descriptive,cadquery,0035/00350534,True,4,0,1.0,,6,6,0.5555555555555556,0.7777777777777778,,,,,,,,,,,,,,
gemini38_flash,descriptive,cadquery,0043/00431078,True,4,0,1.0,,7,7,0.6666666666666666,0.8333333333333333,,,,,,,,,,,,,,
gemini38_flash,descriptive,cadquery,0073/00737056,False,0,0,0.0,,1.0,,0.0,0.0,,,,,,,,,,,,,,
gemini38_flash,descriptive,cadquery,0078/00788594,True,4,0,1.0,,10,10,1.0,1.0,,,,,,,,,,,,,,
gemini38_flash,descriptive,cadquery,0067/00677148,True,4,0,1.0,,10,10,1.0,1.0,,,,,,,,,,,,,,
gemini38_flash,descriptive,cadquery,0093/00937375,True,4,0,1.0,,10,10,1.0,1.0,,,,,,,,,,,,,,
gemini38_flash,descriptive,cadquery,0072/00726428,False,0,0,0.0,,1.0,,0.0,0.0,,,,,,,,,,,,,,
gemini38_flash,descriptive,cadquery,0049/00497058,True,4,0,1.0,,7,7,0.6666666666666666,0.8333333333333333,,,,,,,,,,,,,,
gemini38_flash,descriptive,cadquery,0013/00133189,True,4,0,1.0,,10,10,1.0,1.0,,,,,,,,,,,,,,
gemini38_flash,descriptive,cadquery,0024/00249966,True,4,0,1.0,,10,10,1.0,1.0,,,,,,,,,,,,,,
gemini38_flash,descriptive,cadquery,0004/00042777,True,4,0,1.0,,10,10,1.0,1.0,,,,,,,,,,,,,,
gemini38_flash,descriptive,cadquery,0055/00553999,True,4,0,1.0,,10,10,1.0,1.0,,,,,,,,,,,,,,
gemini38_flash,descriptive,cadquery,0068/00681400,True,4,0,1.0,,7,7,0.6666666666666666,0.8333333333333333,,,,,,,,,,,,,,
gemini38_flash,descriptive,cadquery,0071/00714935,True,4,0,1.0,,7,7,0.6666666666666666,0.8333333333333333,,,,,,,,,,,,,,
gemini38_flash,descriptive,cadquery,0022/00227442,True,4,0,1.0,,7,7,0.6666666666666666,0.8333333333333333,,,,,,,,,,,,,,
gemini38_flash,descriptive,cadquery,0039/00397627,False,0,0,0.0,,1.0,,0.0,0.0,,,,,,,,,,,,,,
gemini38_flash,descriptive,cadquery,0026/00268024,True,4,0,1.0,,10,10,1.0,1.0,,,,,,,,,,,,,,
gemini38_flash,descriptive,cadquery,0007/00073282,True,3,0,0.75,,5,5,0.4444444444444444,0.5972222222222222,,,,,,,,,,,,,,
gemini38_flash,descriptive,cadquery,0036/00369868,False,0,0,0.0,,1.0,,0.0,0.0,,,,,,,,,,,,,,
gemini38_flash,descriptive,cadquery,0084/00844862,True,4,0,1.0,,8,8,0.7777777777777778,0.8888888888888888,,,,,,,,,,,,,,
gemini38_flash,descriptive,cadquery,0026/00268027,True,4,0,1.0,,10,10,1.0,1.0,,,,,,,,,,,,,,
gemini38_flash,descriptive,cadquery,0092/00925049,True,3,0,0.75,,7,7,0.6666666666666666,0.7083333333333333,,,,,,,,,,,,,,
gemini38_flash,descriptive,cadquery,0072/00725542,True,4,0,1.0,,7,7,0.6666666666666666,0.8333333333333333,,,,,,,,,,,,,,
gemini38_flash,descriptive,cadquery,0015/00150938,True,4,0,1.0,,8,8,0.7777777777777778,0.8888888888888888,,,,,,,,,,,,,,
gemini38_flash,descriptive,cadquery,0072/00726429,True,4,0,1.0,,3,3,0.2222222222222222,0.6111111111111112,,,,,,,,,,,,,,
gemini38_flash,descriptive,cadquery,0065/00657969,True,4,0,1.0,,4,4,0.3333333333333333,0.6666666666666666,,,,,,,,,,,,,,
gemini38_flash,descriptive,cadquery,0031/00310774,True,4,0,1.0,,10,10,1.0,1.0,,,,,,,,,,,,,,
gemini38_flash,descriptive,cadquery,0061/00618813,True,4,0,1.0,,7,7,0.6666666666666666,0.8333333333333333,,,,,,,,,,,,,,
gemini38_flash,descriptive,cadquery,0030/00307386,False,0,0,0.0,,1.0,,0.0,0.0,,,,,,,,,,,,,,
gemini38_flash,descriptive,cadquery,0072/00724192,False,0,0,0.0,,1.0,,0.0,0.0,,,,,,,,,,,,,,
gemini38_flash,descriptive,cadquery,0018/00189804,True,4,0,1.0,,7,7,0.6666666666666666,0.8333333333333333,,,,,,,,,,,,,,
gemini38_flash,descriptive,cadquery,0080/00807326,True,4,0,1.0,,5,5,0.4444444444444444,0.7222222222222222,,,,,,,,,,,,,,
gemini38_flash,descriptive,cadquery,0078/00789364,False,0,0,0.0,,1.0,,0.0,0.0,,,,,,,,,,,,,,
gemini38_flash,descriptive,cadquery,0002/00029952,True,4,0,1.0,,7,7,0.6666666666666666,0.8333333333333333,,,,,,,,,,,,,,
gemini38_flash,descriptive,cadquery,0005/00051224,True,4,0,1.0,,7,7,0.6666666666666666,0.8333333333333333,,,,,,,,,,,,,,
gemini38_flash,descriptive,cadquery,0087/00873073,True,4,0,1.0,,7,7,0.6666666666666666,0.8333333333333333,,,,,,,,,,,,,,
gemini38_flash,descriptive,cadquery,0077/00779770,True,4,0,1.0,,3,3,0.2222222222222222,0.6111111111111112,,,,,,,,,,,,,,
gemini38_flash,descriptive,cadquery,0077/00778195,True,4,0,1.0,,7,7,0.6666666666666666,0.8333333333333333,,,,,,,,,,,,,,
gemini38_flash,descriptive,cadquery,0039/00397628,True,4,0,1.0,,3,3,0.2222222222222222,0.6111111111111112,,,,,,,,,,,,,,
gemini38_flash,descriptive,cadquery,0008/00089777,True,4,0,1.0,,7,7,0.6666666666666666,0.8333333333333333,,,,,,,,,,,,,,
gemini38_flash,descriptive,cadquery,0075/00758810,True,4,0,1.0,,6,6,0.5555555555555556,0.7777777777777778,,,,,,,,,,,,,,
gemini38_flash,descriptive,cadquery,0028/00284926,True,4,0,1.0,,7,7,0.6666666666666666,0.8333333333333333,,,,,,,,,,,,,,
gemini38_flash,descriptive,cadquery,0074/00741629,True,4,0,1.0,,7,7,0.6666666666666666,0.8333333333333333,,,,,,,,,,,,,,
gemini38_flash,descriptive,cadquery,0097/00973497,True,4,0,1.0,,7,7,0.6666666666666666,0.8333333333333333,,,,,,,,,,,,,,
gemini38_flash,descriptive,cadquery,0047/00474303,True,4,0,1.0,,7,7,0.6666666666666666,0.8333333333333333,,,,,,,,,,,,,,
gemini38_flash,descriptive,cadquery,0061/00616188,True,4,0,1.0,,6,6,0.5555555555555556,0.7777777777777778,,,,,,,,,,,,,,
gemini38_flash,descriptive,cadquery,0005/00051572,True,4,0,1.0,,7,7,0.6666666666666666,0.8333333333333333,,,,,,,,,,,,,,
gemini38_flash,descriptive,cadquery,0025/00253807,True,4,0,1.0,,5,5,0.4444444444444444,0.7222222222222222,,,,,,,,,,,,,,
gemini38_flash,descriptive,cadquery,0024/00242128,True,4,0,1.0,,6,6,0.5555555555555556,0.7777777777777778,,,,,,,,,,,,,,
gemini38_flash,descriptive,cadquery,0029/00292492,False,0,0,0.0,,1.0,,0.0,0.0,,,,,,,,,,,,,,
gemini38_flash,descriptive,cadquery,0054/00547865,True,4,0,1.0,,7,7,0.6666666666666666,0.8333333333333333,,,,,,,,,,,,,,
gemini38_flash,descriptive,cadquery,0005/00052091,False,0,0,0.0,,1.0,,0.0,0.0,,,,,,,,,,,,,,
gemini38_flash,descriptive,cadquery,0034/00344679,False,0,0,0.0,,1.0,,0.0,0.0,,,,,,,,,,,,,,
gemini38_flash,descriptive,cadquery,0092/00923543,True,4,0,1.0,,10,10,1.0,1.0,,,,,,,,,,,,,,
gemini38_flash,descriptive,cadquery,0024/00242859,True,4,0,1.0,,6,6,0.5555555555555556,0.7777777777777778,,,,,,,,,,,,,,
gemini38_flash,descriptive,cadquery,0079/00790247,True,4,0,1.0,,7,7,0.6666666666666666,0.8333333333333333,,,,,,,,,,,,,,
gemini38_flash,descriptive,cadquery,0084/00843879,True,4,0,1.0,,7,7,0.6666666666666666,0.8333333333333333,,,,,,,,,,,,,,
gemini38_flash,descriptive,cadquery,0010/00108226,True,4,0,1.0,,10,10,1.0,1.0,,,,,,,,,,,,,,
gemini38_flash,descriptive,cadquery,0026/00268031,True,4,0,1.0,,7,7,0.6666666666666666,0.8333333333333333,,,,,,,,,,,,,,
gemini38_flash,descriptive,cadquery,0022/00225399,False,0,0,0.0,,1.0,,0.0,0.0,,,,,,,,,,,,,,
gemini38_flash,descriptive,cadquery,0057/00570258,True,4,0,1.0,,7,7,0.6666666666666666,0.8333333333333333,,,,,,,,,,,,,,
gemini38_flash,descriptive,cadquery,0010/00101896,False,0,0,0.0,,1.0,,0.0,0.0,,,,,,,,,,,,,,
gemini38_flash,descriptive,cadquery,0061/00619989,True,4,0,1.0,,6,6,0.5555555555555556,0.7777777777777778,,,,,,,,,,,,,,
gemini38_flash,descriptive,cadquery,0022/00226013,True,4,0,1.0,,7,7,0.6666666666666666,0.8333333333333333,,,,,,,,,,,,,,
gemini38_flash,descriptive,cadquery,0052/00523563,True,4,0,1.0,,7,7,0.6666666666666666,0.8333333333333333,,,,,,,,,,,,,,
gemini38_flash,descriptive,cadquery,0036/00361447,True,4,0,1.0,,7,7,0.6666666666666666,0.8333333333333333,,,,,,,,,,,,,,
gemini38_flash,descriptive,cadquery,0070/00709862,True,4,0,1.0,,7,7,0.6666666666666666,0.8333333333333333,,,,,,,,,,,,,,
gemini38_flash,descriptive,cadquery,0054/00541109,False,0,0,0.0,,1.0,,0.0,0.0,,,,,,,,,,,,,,
gemini38_flash,descriptive,cadquery,0086/00866616,True,4,0,1.0,,7,7,0.6666666666666666,0.8333333333333333,,,,,,,,,,,,,,
gemini38_flash,descriptive,cadquery,0027/00279318,False,0,0,0.0,,1.0,,0.0,0.0,,,,,,,,,,,,,,
gemini38_flash,descriptive,cadquery,0082/00827203,False,0,0,0.0,,1.0,,0.0,0.0,,,,,,,,,,,,,,
gemini38_flash,descriptive,cadquery,0039/00391450,True,4,0,1.0,,4,4,0.3333333333333333,0.6666666666666666,,,,,,,,,,,,,,
gemini38_flash,descriptive,cadquery,0013/00135378,True,3,0,0.75,,4,4,0.3333333333333333,0.5416666666666666,,,,,,,,,,,,,,
gemini38_flash,descriptive,cadquery,0093/00934405,True,4,0,1.0,,10,10,1.0,1.0,,,,,,,,,,,,,,
gemini38_flash,descriptive,cadquery,0056/00568816,True,3,0,0.75,,4,4,0.3333333333333333,0.5416666666666666,,,,,,,,,,,,,,
gemini38_flash,descriptive,cadquery,0072/00728052,True,4,0,1.0,,5,5,0.4444444444444444,0.7222222222222222,,,,,,,,,,,,,,
gemini38_flash,descriptive,cadquery,0021/00210983,True,4,0,1.0,,5,5,0.4444444444444444,0.7222222222222222,,,,,,,,,,,,,,
gemini38_flash,descriptive,cadquery,0046/00460772,True,4,0,1.0,,7,7,0.6666666666666666,0.8333333333333333,,,,,,,,,,,,,,
gemini38_flash,descriptive,threejs,0085/00852511,True,4,0,1.0,,10,10,1.0,1.0,,,,,,,,,,,,,,
gemini38_flash,descriptive,threejs,0009/00099014,True,4,0,1.0,,7,7,0.6666666666666666,0.8333333333333333,,,,,,,,,,,,,,
gemini38_flash,descriptive,threejs,0071/00710826,True,4,0,1.0,,7,7,0.6666666666666666,0.8333333333333333,,,,,,,,,,,,,,
gemini38_flash,descriptive,threejs,0005/00057589,True,4,0,1.0,,10,10,1.0,1.0,,,,,,,,,,,,,,
gemini38_flash,descriptive,threejs,0015/00155951,True,4,0,1.0,,10,10,1.0,1.0,,,,,,,,,,,,,,
gemini38_flash,descriptive,threejs,0013/00134405,True,4,0,1.0,,10,10,1.0,1.0,,,,,,,,,,,,,,
gemini38_flash,descriptive,threejs,0053/00531353,True,4,0,1.0,,7,7,0.6666666666666666,0.8333333333333333,,,,,,,,,,,,,,
gemini38_flash,descriptive,threejs,0094/00941813,False,0,0,0.0,,1.0,,0.0,0.0,,,,,,,,,,,,,,
gemini38_flash,descriptive,threejs,0081/00817410,True,4,0,1.0,,10,10,1.0,1.0,,,,,,,,,,,,,,
gemini38_flash,descriptive,threejs,0045/00457640,True,4,0,1.0,,6,6,0.5555555555555556,0.7777777777777778,,,,,,,,,,,,,,
gemini38_flash,descriptive,threejs,0047/00478097,False,0,0,0.0,,1.0,,0.0,0.0,,,,,,,,,,,,,,
gemini38_flash,descriptive,threejs,0013/00135353,True,4,0,1.0,,10,10,1.0,1.0,,,,,,,,,,,,,,
gemini38_flash,descriptive,threejs,0062/00621494,True,4,0,1.0,,7,7,0.6666666666666666,0.8333333333333333,,,,,,,,,,,,,,
gemini38_flash,descriptive,threejs,0016/00169954,True,4,0,1.0,,10,10,1.0,1.0,,,,,,,,,,,,,,
gemini38_flash,descriptive,threejs,0039/00390147,True,4,0,1.0,,10,10,1.0,1.0,,,,,,,,,,,,,,
gemini38_flash,descriptive,threejs,0089/00895528,True,4,0,1.0,,7,7,0.6666666666666666,0.8333333333333333,,,,,,,,,,,,,,
gemini38_flash,descriptive,threejs,0030/00306122,True,4,0,1.0,,10,10,1.0,1.0,,,,,,,,,,,,,,
gemini38_flash,descriptive,threejs,0070/00706059,True,4,0,1.0,,10,10,1.0,1.0,,,,,,,,,,,,,,
gemini38_flash,descriptive,threejs,0008/00086411,True,4,0,1.0,,10,10,1.0,1.0,,,,,,,,,,,,,,
gemini38_flash,descriptive,threejs,0073/00732007,True,4,0,1.0,,7,7,0.6666666666666666,0.8333333333333333,,,,,,,,,,,,,,
gemini38_flash,descriptive,threejs,0010/00103639,True,4,0,1.0,,10,10,1.0,1.0,,,,,,,,,,,,,,
gemini38_flash,descriptive,threejs,0019/00199917,True,4,0,1.0,,10,10,1.0,1.0,,,,,,,,,,,,,,
gemini38_flash,descriptive,threejs,0035/00350534,True,3,0,0.75,,10,10,1.0,0.875,,,,,,,,,,,,,,
gemini38_flash,descriptive,threejs,0043/00431078,True,3,0,0.75,,7,7,0.6666666666666666,0.7083333333333333,,,,,,,,,,,,,,
gemini38_flash,descriptive,threejs,0073/00737056,True,4,0,1.0,,4,4,0.3333333333333333,0.6666666666666666,,,,,,,,,,,,,,
gemini38_flash,descriptive,threejs,0078/00788594,True,4,0,1.0,,10,10,1.0,1.0,,,,,,,,,,,,,,
gemini38_flash,descriptive,threejs,0067/00677148,True,4,0,1.0,,10,10,1.0,1.0,,,,,,,,,,,,,,
gemini38_flash,descriptive,threejs,0093/00937375,True,4,0,1.0,,10,10,1.0,1.0,,,,,,,,,,,,,,
gemini38_flash,descriptive,threejs,0072/00726428,True,4,0,1.0,,4,4,0.3333333333333333,0.6666666666666666,,,,,,,,,,,,,,
gemini38_flash,descriptive,threejs,0049/00497058,True,4,0,1.0,,7,7,0.6666666666666666,0.8333333333333333,,,,,,,,,,,,,,
gemini38_flash,descriptive,threejs,0013/00133189,True,4,0,1.0,,10,10,1.0,1.0,,,,,,,,,,,,,,
gemini38_flash,descriptive,threejs,0024/00249966,True,4,0,1.0,,10,10,1.0,1.0,,,,,,,,,,,,,,
gemini38_flash,descriptive,threejs,0004/00042777,True,4,0,1.0,,6,6,0.5555555555555556,0.7777777777777778,,,,,,,,,,,,,,
gemini38_flash,descriptive,threejs,0055/00553999,True,4,0,1.0,,10,10,1.0,1.0,,,,,,,,,,,,,,
gemini38_flash,descriptive,threejs,0068/00681400,True,4,0,1.0,,6,6,0.5555555555555556,0.7777777777777778,,,,,,,,,,,,,,
gemini38_flash,descriptive,threejs,0071/00714935,True,4,0,1.0,,7,7,0.6666666666666666,0.8333333333333333,,,,,,,,,,,,,,
gemini38_flash,descriptive,threejs,0022/00227442,True,4,0,1.0,,7,7,0.6666666666666666,0.8333333333333333,,,,,,,,,,,,,,
gemini38_flash,descriptive,threejs,0039/00397627,True,4,0,1.0,,4,4,0.3333333333333333,0.6666666666666666,,,,,,,,,,,,,,
gemini38_flash,descriptive,threejs,0026/00268024,True,4,0,1.0,,10,10,1.0,1.0,,,,,,,,,,,,,,
gemini38_flash,descriptive,threejs,0007/00073282,True,4,0,1.0,,3,3,0.2222222222222222,0.6111111111111112,,,,,,,,,,,,,,
gemini38_flash,descriptive,threejs,0036/00369868,True,4,0,1.0,,7,7,0.6666666666666666,0.8333333333333333,,,,,,,,,,,,,,
gemini38_flash,descriptive,threejs,0084/00844862,True,4,0,1.0,,10,10,1.0,1.0,,,,,,,,,,,,,,
gemini38_flash,descriptive,threejs,0026/00268027,True,4,0,1.0,,10,10,1.0,1.0,,,,,,,,,,,,,,
gemini38_flash,descriptive,threejs,0092/00925049,False,0,0,0.0,,1.0,,0.0,0.0,,,,,,,,,,,,,,
gemini38_flash,descriptive,threejs,0072/00725542,True,4,0,1.0,,7,7,0.6666666666666666,0.8333333333333333,,,,,,,,,,,,,,
gemini38_flash,descriptive,threejs,0015/00150938,True,4,0,1.0,,10,10,1.0,1.0,,,,,,,,,,,,,,
gemini38_flash,descriptive,threejs,0072/00726429,True,4,0,1.0,,3,3,0.2222222222222222,0.6111111111111112,,,,,,,,,,,,,,
gemini38_flash,descriptive,threejs,0065/00657969,True,4,0,1.0,,4,4,0.3333333333333333,0.6666666666666666,,,,,,,,,,,,,,
gemini38_flash,descriptive,threejs,0031/00310774,True,4,0,1.0,,10,10,1.0,1.0,,,,,,,,,,,,,,
gemini38_flash,descriptive,threejs,0061/00618813,True,4,0,1.0,,10,10,1.0,1.0,,,,,,,,,,,,,,
gemini38_flash,descriptive,threejs,0030/00307386,True,4,0,1.0,,10,10,1.0,1.0,,,,,,,,,,,,,,
gemini38_flash,descriptive,threejs,0072/00724192,True,4,0,1.0,,7,7,0.6666666666666666,0.8333333333333333,,,,,,,,,,,,,,
gemini38_flash,descriptive,threejs,0018/00189804,True,4,0,1.0,,10,10,1.0,1.0,,,,,,,,,,,,,,
gemini38_flash,descriptive,threejs,0080/00807326,True,4,0,1.0,,10,10,1.0,1.0,,,,,,,,,,,,,,
gemini38_flash,descriptive,threejs,0078/00789364,True,4,0,1.0,,7,7,0.6666666666666666,0.8333333333333333,,,,,,,,,,,,,,
gemini38_flash,descriptive,threejs,0002/00029952,True,4,0,1.0,,10,10,1.0,1.0,,,,,,,,,,,,,,
gemini38_flash,descriptive,threejs,0005/00051224,True,4,0,1.0,,10,10,1.0,1.0,,,,,,,,,,,,,,
gemini38_flash,descriptive,threejs,0087/00873073,False,0,0,0.0,,1.0,,0.0,0.0,,,,,,,,,,,,,,
gemini38_flash,descriptive,threejs,0077/00779770,True,4,0,1.0,,4,4,0.3333333333333333,0.6666666666666666,,,,,,,,,,,,,,
gemini38_flash,descriptive,threejs,0077/00778195,True,4,0,1.0,,10,10,1.0,1.0,,,,,,,,,,,,,,
gemini38_flash,descriptive,threejs,0039/00397628,False,0,0,0.0,,1.0,,0.0,0.0,,,,,,,,,,,,,,
gemini38_flash,descriptive,threejs,0008/00089777,True,4,0,1.0,,7,7,0.6666666666666666,0.8333333333333333,,,,,,,,,,,,,,
gemini38_flash,descriptive,threejs,0075/00758810,True,4,0,1.0,,5,5,0.4444444444444444,0.7222222222222222,,,,,,,,,,,,,,
gemini38_flash,descriptive,threejs,0028/00284926,True,4,0,1.0,,10,10,1.0,1.0,,,,,,,,,,,,,,
gemini38_flash,descriptive,threejs,0074/00741629,True,4,0,1.0,,10,10,1.0,1.0,,,,,,,,,,,,,,
gemini38_flash,descriptive,threejs,0097/00973497,True,4,0,1.0,,8,8,0.7777777777777778,0.8888888888888888,,,,,,,,,,,,,,
gemini38_flash,descriptive,threejs,0047/00474303,True,4,0,1.0,,1,1,0.0,0.5,,,,,,,,,,,,,,
gemini38_flash,descriptive,threejs,0061/00616188,True,4,0,1.0,,8,8,0.7777777777777778,0.8888888888888888,,,,,,,,,,,,,,
gemini38_flash,descriptive,threejs,0005/00051572,True,4,0,1.0,,10,10,1.0,1.0,,,,,,,,,,,,,,
gemini38_flash,descriptive,threejs,0025/00253807,True,4,0,1.0,,4,4,0.3333333333333333,0.6666666666666666,,,,,,,,,,,,,,
gemini38_flash,descriptive,threejs,0024/00242128,True,4,0,1.0,,5,5,0.4444444444444444,0.7222222222222222,,,,,,,,,,,,,,
gemini38_flash,descriptive,threejs,0029/00292492,True,4,0,1.0,,10,10,1.0,1.0,,,,,,,,,,,,,,
gemini38_flash,descriptive,threejs,0054/00547865,True,4,0,1.0,,7,7,0.6666666666666666,0.8333333333333333,,,,,,,,,,,,,,
gemini38_flash,descriptive,threejs,0005/00052091,True,4,0,1.0,,7,7,0.6666666666666666,0.8333333333333333,,,,,,,,,,,,,,
gemini38_flash,descriptive,threejs,0034/00344679,True,4,0,1.0,,3,3,0.2222222222222222,0.6111111111111112,,,,,,,,,,,,,,
gemini38_flash,descriptive,threejs,0092/00923543,True,4,0,1.0,,10,10,1.0,1.0,,,,,,,,,,,,,,
gemini38_flash,descriptive,threejs,0024/00242859,True,4,0,1.0,,1,1,0.0,0.5,,,,,,,,,,,,,,
gemini38_flash,descriptive,threejs,0079/00790247,True,4,0,1.0,,7,7,0.6666666666666666,0.8333333333333333,,,,,,,,,,,,,,
gemini38_flash,descriptive,threejs,0084/00843879,True,4,0,1.0,,10,10,1.0,1.0,,,,,,,,,,,,,,
gemini38_flash,descriptive,threejs,0010/00108226,True,4,0,1.0,,7,7,0.6666666666666666,0.8333333333333333,,,,,,,,,,,,,,
gemini38_flash,descriptive,threejs,0026/00268031,True,4,0,1.0,,10,10,1.0,1.0,,,,,,,,,,,,,,
gemini38_flash,descriptive,threejs,0022/00225399,True,4,0,1.0,,10,10,1.0,1.0,,,,,,,,,,,,,,
gemini38_flash,descriptive,threejs,0057/00570258,True,4,0,1.0,,10,10,1.0,1.0,,,,,,,,,,,,,,
gemini38_flash,descriptive,threejs,0010/00101896,False,0,0,0.0,,1.0,,0.0,0.0,,,,,,,,,,,,,,
gemini38_flash,descriptive,threejs,0061/00619989,True,4,0,1.0,,3,3,0.2222222222222222,0.6111111111111112,,,,,,,,,,,,,,
gemini38_flash,descriptive,threejs,0022/00226013,True,4,0,1.0,,7,7,0.6666666666666666,0.8333333333333333,,,,,,,,,,,,,,
gemini38_flash,descriptive,threejs,0052/00523563,True,4,0,1.0,,10,10,1.0,1.0,,,,,,,,,,,,,,
gemini38_flash,descriptive,threejs,0036/00361447,True,4,0,1.0,,7,7,0.6666666666666666,0.8333333333333333,,,,,,,,,,,,,,
gemini38_flash,descriptive,threejs,0070/00709862,True,4,0,1.0,,10,10,1.0,1.0,,,,,,,,,,,,,,
gemini38_flash,descriptive,threejs,0054/00541109,True,4,0,1.0,,5,5,0.4444444444444444,0.7222222222222222,,,,,,,,,,,,,,
gemini38_flash,descriptive,threejs,0086/00866616,True,4,0,1.0,,7,7,0.6666666666666666,0.8333333333333333,,,,,,,,,,,,,,
gemini38_flash,descriptive,threejs,0027/00279318,True,4,0,1.0,,7,7,0.6666666666666666,0.8333333333333333,,,,,,,,,,,,,,
gemini38_flash,descriptive,threejs,0082/00827203,True,4,0,1.0,,4,4,0.3333333333333333,0.6666666666666666,,,,,,,,,,,,,,
gemini38_flash,descriptive,threejs,0039/00391450,True,4,0,1.0,,1,1,0.0,0.5,,,,,,,,,,,,,,
gemini38_flash,descriptive,threejs,0013/00135378,True,4,0,1.0,,7,7,0.6666666666666666,0.8333333333333333,,,,,,,,,,,,,,
gemini38_flash,descriptive,threejs,0093/00934405,True,4,0,1.0,,10,10,1.0,1.0,,,,,,,,,,,,,,
gemini38_flash,descriptive,threejs,0056/00568816,True,3,0,0.75,,6,6,0.5555555555555556,0.6527777777777778,,,,,,,,,,,,,,
gemini38_flash,descriptive,threejs,0072/00728052,True,4,0,1.0,,6,6,0.5555555555555556,0.7777777777777778,,,,,,,,,,,,,,
gemini38_flash,descriptive,threejs,0021/00210983,True,4,0,1.0,,6,6,0.5555555555555556,0.7777777777777778,,,,,,,,,,,,,,
gemini38_flash,descriptive,threejs,0046/00460772,True,4,0,1.0,,7,7,0.6666666666666666,0.8333333333333333,,,,,,,,,,,,,,
claude_opus5,descriptive,json,0085/00852511,True,4,0,1.0,,10,10,1.0,1.0,,,,,,,,,,,,,,
claude_opus5,descriptive,json,0009/00099014,True,4,0,1.0,,7,7,0.6666666666666666,0.8333333333333333,,,,,,,,,,,,,,
claude_opus5,descriptive,json,0071/00710826,True,3,0,0.75,,6,6,0.5555555555555556,0.6527777777777778,,,,,,,,,,,,,,
claude_opus5,descriptive,json,0005/00057589,True,4,0,1.0,,8,8,0.7777777777777778,0.8888888888888888,,,,,,,,,,,,,,
claude_opus5,descriptive,json,0015/00155951,True,4,0,1.0,,6,6,0.5555555555555556,0.7777777777777778,,,,,,,,,,,,,,
claude_opus5,descriptive,json,0013/00134405,True,4,0,1.0,,10,10,1.0,1.0,,,,,,,,,,,,,,
claude_opus5,descriptive,json,0053/00531353,True,4,0,1.0,,6,6,0.5555555555555556,0.7777777777777778,,,,,,,,,,,,,,
claude_opus5,descriptive,json,0094/00941813,True,4,0,1.0,,10,10,1.0,1.0,,,,,,,,,,,,,,
claude_opus5,descriptive,json,0081/00817410,True,4,0,1.0,,10,10,1.0,1.0,,,,,,,,,,,,,,
claude_opus5,descriptive,json,0045/00457640,True,4,0,1.0,,7,7,0.6666666666666666,0.8333333333333333,,,,,,,,,,,,,,
claude_opus5,descriptive,json,0047/00478097,True,4,0,1.0,,10,10,1.0,1.0,,,,,,,,,,,,,,
claude_opus5,descriptive,json,0013/00135353,True,4,0,1.0,,8,8,0.7777777777777778,0.8888888888888888,,,,,,,,,,,,,,
claude_opus5,descriptive,json,0062/00621494,True,4,0,1.0,,5,5,0.4444444444444444,0.7222222222222222,,,,,,,,,,,,,,
claude_opus5,descriptive,json,0016/00169954,True,4,0,1.0,,10,10,1.0,1.0,,,,,,,,,,,,,,
claude_opus5,descriptive,json,0039/00390147,True,4,0,1.0,,10,10,1.0,1.0,,,,,,,,,,,,,,
claude_opus5,descriptive,json,0089/00895528,True,4,0,1.0,,6,6,0.5555555555555556,0.7777777777777778,,,,,,,,,,,,,,
claude_opus5,descriptive,json,0030/00306122,True,4,0,1.0,,10,10,1.0,1.0,,,,,,,,,,,,,,
claude_opus5,descriptive,json,0070/00706059,True,4,0,1.0,,10,10,1.0,1.0,,,,,,,,,,,,,,
claude_opus5,descriptive,json,0008/00086411,True,4,0,1.0,,10,10,1.0,1.0,,,,,,,,,,,,,,
claude_opus5,descriptive,json,0073/00732007,True,4,0,1.0,,7,7,0.6666666666666666,0.8333333333333333,,,,,,,,,,,,,,
claude_opus5,descriptive,json,0010/00103639,True,4,0,1.0,,10,10,1.0,1.0,,,,,,,,,,,,,,
claude_opus5,descriptive,json,0019/00199917,True,3,0,0.75,,10,10,1.0,0.875,,,,,,,,,,,,,,
claude_opus5,descriptive,json,0035/00350534,True,3,0,0.75,,6,6,0.5555555555555556,0.6527777777777778,,,,,,,,,,,,,,
claude_opus5,descriptive,json,0043/00431078,True,4,0,1.0,,6,6,0.5555555555555556,0.7777777777777778,,,,,,,,,,,,,,
claude_opus5,descriptive,json,0073/00737056,True,4,0,1.0,,3,3,0.2222222222222222,0.6111111111111112,,,,,,,,,,,,,,
claude_opus5,descriptive,json,0078/00788594,True,4,0,1.0,,10,10,1.0,1.0,,,,,,,,,,,,,,
claude_opus5,descriptive,json,0067/00677148,True,4,0,1.0,,10,10,1.0,1.0,,,,,,,,,,,,,,
claude_opus5,descriptive,json,0093/00937375,True,3,0,0.75,,8,8,0.7777777777777778,0.7638888888888888,,,,,,,,,,,,,,
claude_opus5,descriptive,json,0072/00726428,True,4,0,1.0,,1,1,0.0,0.5,,,,,,,,,,,,,,
claude_opus5,descriptive,json,0049/00497058,True,4,0,1.0,,7,7,0.6666666666666666,0.8333333333333333,,,,,,,,,,,,,,
claude_opus5,descriptive,json,0013/00133189,True,3,0,0.75,,10,10,1.0,0.875,,,,,,,,,,,,,,
claude_opus5,descriptive,json,0024/00249966,True,4,0,1.0,,10,10,1.0,1.0,,,,,,,,,,,,,,
claude_opus5,descriptive,json,0004/00042777,True,4,0,1.0,,8,8,0.7777777777777778,0.8888888888888888,,,,,,,,,,,,,,
claude_opus5,descriptive,json,0055/00553999,True,4,0,1.0,,5,5,0.4444444444444444,0.7222222222222222,,,,,,,,,,,,,,
claude_opus5,descriptive,json,0068/00681400,True,4,0,1.0,,6,6,0.5555555555555556,0.7777777777777778,,,,,,,,,,,,,,
claude_opus5,descriptive,json,0071/00714935,True,4,0,1.0,,7,7,0.6666666666666666,0.8333333333333333,,,,,,,,,,,,,,
claude_opus5,descriptive,json,0022/00227442,True,4,0,1.0,,7,7,0.6666666666666666,0.8333333333333333,,,,,,,,,,,,,,
claude_opus5,descriptive,json,0039/00397627,True,3,0,0.75,,4,4,0.3333333333333333,0.5416666666666666,,,,,,,,,,,,,,
claude_opus5,descriptive,json,0026/00268024,True,4,0,1.0,,10,10,1.0,1.0,,,,,,,,,,,,,,
claude_opus5,descriptive,json,0007/00073282,True,3,0,0.75,,4,4,0.3333333333333333,0.5416666666666666,,,,,,,,,,,,,,
claude_opus5,descriptive,json,0036/00369868,True,3,0,0.75,,6,6,0.5555555555555556,0.6527777777777778,,,,,,,,,,,,,,
claude_opus5,descriptive,json,0084/00844862,True,4,0,1.0,,10,10,1.0,1.0,,,,,,,,,,,,,,
claude_opus5,descriptive,json,0026/00268027,True,4,0,1.0,,10,10,1.0,1.0,,,,,,,,,,,,,,
claude_opus5,descriptive,json,0092/00925049,True,2,0,0.5,,3,3,0.2222222222222222,0.3611111111111111,,,,,,,,,,,,,,
claude_opus5,descriptive,json,0072/00725542,True,4,0,1.0,,6,6,0.5555555555555556,0.7777777777777778,,,,,,,,,,,,,,
claude_opus5,descriptive,json,0015/00150938,True,4,0,1.0,,10,10,1.0,1.0,,,,,,,,,,,,,,
claude_opus5,descriptive,json,0072/00726429,True,4,0,1.0,,3,3,0.2222222222222222,0.6111111111111112,,,,,,,,,,,,,,
claude_opus5,descriptive,json,0065/00657969,True,4,0,1.0,,4,4,0.3333333333333333,0.6666666666666666,,,,,,,,,,,,,,
claude_opus5,descriptive,json,0031/00310774,True,4,0,1.0,,8,8,0.7777777777777778,0.8888888888888888,,,,,,,,,,,,,,
claude_opus5,descriptive,json,0061/00618813,True,4,0,1.0,,8,8,0.7777777777777778,0.8888888888888888,,,,,,,,,,,,,,
claude_opus5,descriptive,json,0030/00307386,True,4,0,1.0,,10,10,1.0,1.0,,,,,,,,,,,,,,
claude_opus5,descriptive,json,0072/00724192,True,4,0,1.0,,7,7,0.6666666666666666,0.8333333333333333,,,,,,,,,,,,,,
claude_opus5,descriptive,json,0018/00189804,True,2,0,0.5,,8,8,0.7777777777777778,0.6388888888888888,,,,,,,,,,,,,,
claude_opus5,descriptive,json,0080/00807326,True,4,0,1.0,,5,5,0.4444444444444444,0.7222222222222222,,,,,,,,,,,,,,
claude_opus5,descriptive,json,0078/00789364,True,3,0,0.75,,7,7,0.6666666666666666,0.7083333333333333,,,,,,,,,,,,,,
claude_opus5,descriptive,json,0002/00029952,True,4,0,1.0,,10,10,1.0,1.0,,,,,,,,,,,,,,
claude_opus5,descriptive,json,0005/00051224,True,4,0,1.0,,10,10,1.0,1.0,,,,,,,,,,,,,,
claude_opus5,descriptive,json,0087/00873073,True,4,0,1.0,,10,10,1.0,1.0,,,,,,,,,,,,,,
claude_opus5,descriptive,json,0077/00779770,True,3,0,0.75,,4,4,0.3333333333333333,0.5416666666666666,,,,,,,,,,,,,,
claude_opus5,descriptive,json,0077/00778195,True,4,0,1.0,,10,10,1.0,1.0,,,,,,,,,,,,,,
claude_opus5,descriptive,json,0039/00397628,True,4,0,1.0,,3,3,0.2222222222222222,0.6111111111111112,,,,,,,,,,,,,,
claude_opus5,descriptive,json,0008/00089777,True,4,0,1.0,,7,7,0.6666666666666666,0.8333333333333333,,,,,,,,,,,,,,
claude_opus5,descriptive,json,0075/00758810,True,4,0,1.0,,6,6,0.5555555555555556,0.7777777777777778,,,,,,,,,,,,,,
claude_opus5,descriptive,json,0028/00284926,True,4,0,1.0,,10,10,1.0,1.0,,,,,,,,,,,,,,
claude_opus5,descriptive,json,0074/00741629,True,4,0,1.0,,10,10,1.0,1.0,,,,,,,,,,,,,,
claude_opus5,descriptive,json,0097/00973497,True,4,0,1.0,,10,10,1.0,1.0,,,,,,,,,,,,,,
claude_opus5,descriptive,json,0047/00474303,True,4,0,1.0,,10,10,1.0,1.0,,,,,,,,,,,,,,
claude_opus5,descriptive,json,0061/00616188,True,2,0,0.5,,6,6,0.5555555555555556,0.5277777777777778,,,,,,,,,,,,,,
claude_opus5,descriptive,json,0005/00051572,True,4,0,1.0,,10,10,1.0,1.0,,,,,,,,,,,,,,
claude_opus5,descriptive,json,0025/00253807,True,4,0,1.0,,8,8,0.7777777777777778,0.8888888888888888,,,,,,,,,,,,,,
claude_opus5,descriptive,json,0024/00242128,True,4,0,1.0,,5,5,0.4444444444444444,0.7222222222222222,,,,,,,,,,,,,,
claude_opus5,descriptive,json,0029/00292492,True,4,0,1.0,,2,2,0.1111111111111111,0.5555555555555556,,,,,,,,,,,,,,
claude_opus5,descriptive,json,0054/00547865,True,4,0,1.0,,10,10,1.0,1.0,,,,,,,,,,,,,,
claude_opus5,descriptive,json,0005/00052091,True,4,0,1.0,,4,4,0.3333333333333333,0.6666666666666666,,,,,,,,,,,,,,
claude_opus5,descriptive,json,0034/00344679,True,3,0,0.75,,7,7,0.6666666666666666,0.7083333333333333,,,,,,,,,,,,,,
claude_opus5,descriptive,json,0092/00923543,True,4,0,1.0,,8,8,0.7777777777777778,0.8888888888888888,,,,,,,,,,,,,,
claude_opus5,descriptive,json,0024/00242859,True,4,0,1.0,,4,4,0.3333333333333333,0.6666666666666666,,,,,,,,,,,,,,
claude_opus5,descriptive,json,0079/00790247,True,4,0,1.0,,7,7,0.6666666666666666,0.8333333333333333,,,,,,,,,,,,,,
claude_opus5,descriptive,json,0084/00843879,True,4,0,1.0,,10,10,1.0,1.0,,,,,,,,,,,,,,
claude_opus5,descriptive,json,0010/00108226,True,4,0,1.0,,7,7,0.6666666666666666,0.8333333333333333,,,,,,,,,,,,,,
claude_opus5,descriptive,json,0026/00268031,True,4,0,1.0,,10,10,1.0,1.0,,,,,,,,,,,,,,
claude_opus5,descriptive,json,0022/00225399,True,3,0,0.75,,10,10,1.0,0.875,,,,,,,,,,,,,,
claude_opus5,descriptive,json,0057/00570258,True,4,0,1.0,,10,10,1.0,1.0,,,,,,,,,,,,,,
claude_opus5,descriptive,json,0010/00101896,True,2,0,0.5,,5,5,0.4444444444444444,0.4722222222222222,,,,,,,,,,,,,,
claude_opus5,descriptive,json,0061/00619989,True,3,0,0.75,,4,4,0.3333333333333333,0.5416666666666666,,,,,,,,,,,,,,
claude_opus5,descriptive,json,0022/00226013,True,4,0,1.0,,7,7,0.6666666666666666,0.8333333333333333,,,,,,,,,,,,,,
claude_opus5,descriptive,json,0052/00523563,True,4,0,1.0,,10,10,1.0,1.0,,,,,,,,,,,,,,
claude_opus5,descriptive,json,0036/00361447,True,4,0,1.0,,7,7,0.6666666666666666,0.8333333333333333,,,,,,,,,,,,,,
claude_opus5,descriptive,json,0070/00709862,True,4,0,1.0,,10,10,1.0,1.0,,,,,,,,,,,,,,
claude_opus5,descriptive,json,0054/00541109,True,4,0,1.0,,7,7,0.6666666666666666,0.8333333333333333,,,,,,,,,,,,,,
claude_opus5,descriptive,json,0086/00866616,True,3,0,0.75,,7,7,0.6666666666666666,0.7083333333333333,,,,,,,,,,,,,,
claude_opus5,descriptive,json,0027/00279318,True,4,0,1.0,,7,7,0.6666666666666666,0.8333333333333333,,,,,,,,,,,,,,
claude_opus5,descriptive,json,0082/00827203,True,4,0,1.0,,4,4,0.3333333333333333,0.6666666666666666,,,,,,,,,,,,,,
claude_opus5,descriptive,json,0039/00391450,True,1,0,0.25,,4,4,0.3333333333333333,0.29166666666666663,,,,,,,,,,,,,,
claude_opus5,descriptive,json,0013/00135378,True,4,0,1.0,,7,7,0.6666666666666666,0.8333333333333333,,,,,,,,,,,,,,
claude_opus5,descriptive,json,0093/00934405,True,4,0,1.0,,10,10,1.0,1.0,,,,,,,,,,,,,,
claude_opus5,descriptive,json,0056/00568816,True,3,0,0.75,,5,5,0.4444444444444444,0.5972222222222222,,,,,,,,,,,,,,
claude_opus5,descriptive,json,0072/00728052,True,4,0,1.0,,8,8,0.7777777777777778,0.8888888888888888,,,,,,,,,,,,,,
claude_opus5,descriptive,json,0021/00210983,True,4,0,1.0,,10,10,1.0,1.0,,,,,,,,,,,,,,
claude_opus5,descriptive,json,0046/00460772,True,3,0,0.75,,10,10,1.0,0.875,,,,,,,,,,,,,,
claude_opus5,descriptive,openscad,0085/00852511,True,4,0,1.0,,10,10,1.0,1.0,,,,,,,,,,,,,,
claude_opus5,descriptive,openscad,0009/00099014,True,4,0,1.0,,7,7,0.6666666666666666,0.8333333333333333,,,,,,,,,,,,,,
claude_opus5,descriptive,openscad,0071/00710826,True,4,0,1.0,,7,7,0.6666666666666666,0.8333333333333333,,,,,,,,,,,,,,
claude_opus5,descriptive,openscad,0005/00057589,True,4,0,1.0,,10,10,1.0,1.0,,,,,,,,,,,,,,
claude_opus5,descriptive,openscad,0015/00155951,True,4,0,1.0,,10,10,1.0,1.0,,,,,,,,,,,,,,
claude_opus5,descriptive,openscad,0013/00134405,True,4,0,1.0,,10,10,1.0,1.0,,,,,,,,,,,,,,
claude_opus5,descriptive,openscad,0053/00531353,True,4,0,1.0,,6,6,0.5555555555555556,0.7777777777777778,,,,,,,,,,,,,,
claude_opus5,descriptive,openscad,0094/00941813,True,4,0,1.0,,10,10,1.0,1.0,,,,,,,,,,,,,,
claude_opus5,descriptive,openscad,0081/00817410,True,4,0,1.0,,10,10,1.0,1.0,,,,,,,,,,,,,,
claude_opus5,descriptive,openscad,0045/00457640,True,4,0,1.0,,7,7,0.6666666666666666,0.8333333333333333,,,,,,,,,,,,,,
claude_opus5,descriptive,openscad,0047/00478097,True,4,0,1.0,,10,10,1.0,1.0,,,,,,,,,,,,,,
claude_opus5,descriptive,openscad,0013/00135353,True,3,0,0.75,,10,10,1.0,0.875,,,,,,,,,,,,,,
claude_opus5,descriptive,openscad,0062/00621494,True,4,0,1.0,,5,5,0.4444444444444444,0.7222222222222222,,,,,,,,,,,,,,
claude_opus5,descriptive,openscad,0016/00169954,True,4,0,1.0,,10,10,1.0,1.0,,,,,,,,,,,,,,
claude_opus5,descriptive,openscad,0039/00390147,True,4,0,1.0,,6,6,0.5555555555555556,0.7777777777777778,,,,,,,,,,,,,,
claude_opus5,descriptive,openscad,0089/00895528,True,4,0,1.0,,5,5,0.4444444444444444,0.7222222222222222,,,,,,,,,,,,,,
claude_opus5,descriptive,openscad,0030/00306122,True,4,0,1.0,,10,10,1.0,1.0,,,,,,,,,,,,,,
claude_opus5,descriptive,openscad,0070/00706059,True,4,0,1.0,,10,10,1.0,1.0,,,,,,,,,,,,,,
claude_opus5,descriptive,openscad,0008/00086411,True,4,0,1.0,,9,9,0.8888888888888888,0.9444444444444444,,,,,,,,,,,,,,
claude_opus5,descriptive,openscad,0073/00732007,True,4,0,1.0,,7,7,0.6666666666666666,0.8333333333333333,,,,,,,,,,,,,,
claude_opus5,descriptive,openscad,0010/00103639,True,4,0,1.0,,10,10,1.0,1.0,,,,,,,,,,,,,,
claude_opus5,descriptive,openscad,0019/00199917,True,4,0,1.0,,10,10,1.0,1.0,,,,,,,,,,,,,,
claude_opus5,descriptive,openscad,0035/00350534,True,3,0,0.75,,4,4,0.3333333333333333,0.5416666666666666,,,,,,,,,,,,,,
claude_opus5,descriptive,openscad,0043/00431078,True,4,0,1.0,,6,6,0.5555555555555556,0.7777777777777778,,,,,,,,,,,,,,
claude_opus5,descriptive,openscad,0073/00737056,True,4,0,1.0,,4,4,0.3333333333333333,0.6666666666666666,,,,,,,,,,,,,,
claude_opus5,descriptive,openscad,0078/00788594,True,4,0,1.0,,7,7,0.6666666666666666,0.8333333333333333,,,,,,,,,,,,,,
claude_opus5,descriptive,openscad,0067/00677148,True,4,0,1.0,,10,10,1.0,1.0,,,,,,,,,,,,,,
claude_opus5,descriptive,openscad,0093/00937375,True,4,0,1.0,,10,10,1.0,1.0,,,,,,,,,,,,,,
claude_opus5,descriptive,openscad,0072/00726428,True,4,0,1.0,,4,4,0.3333333333333333,0.6666666666666666,,,,,,,,,,,,,,
claude_opus5,descriptive,openscad,0049/00497058,True,4,0,1.0,,7,7,0.6666666666666666,0.8333333333333333,,,,,,,,,,,,,,
claude_opus5,descriptive,openscad,0013/00133189,True,4,0,1.0,,10,10,1.0,1.0,,,,,,,,,,,,,,
claude_opus5,descriptive,openscad,0024/00249966,True,4,0,1.0,,10,10,1.0,1.0,,,,,,,,,,,,,,
claude_opus5,descriptive,openscad,0004/00042777,True,4,0,1.0,,6,6,0.5555555555555556,0.7777777777777778,,,,,,,,,,,,,,
claude_opus5,descriptive,openscad,0055/00553999,True,4,0,1.0,,10,10,1.0,1.0,,,,,,,,,,,,,,
claude_opus5,descriptive,openscad,0068/00681400,True,4,0,1.0,,6,6,0.5555555555555556,0.7777777777777778,,,,,,,,,,,,,,
claude_opus5,descriptive,openscad,0071/00714935,True,4,0,1.0,,7,7,0.6666666666666666,0.8333333333333333,,,,,,,,,,,,,,
claude_opus5,descriptive,openscad,0022/00227442,True,2,0,0.5,,6,6,0.5555555555555556,0.5277777777777778,,,,,,,,,,,,,,
claude_opus5,descriptive,openscad,0039/00397627,True,4,0,1.0,,4,4,0.3333333333333333,0.6666666666666666,,,,,,,,,,,,,,
claude_opus5,descriptive,openscad,0026/00268024,True,4,0,1.0,,10,10,1.0,1.0,,,,,,,,,,,,,,
claude_opus5,descriptive,openscad,0007/00073282,True,4,0,1.0,,5,5,0.4444444444444444,0.7222222222222222,,,,,,,,,,,,,,
claude_opus5,descriptive,openscad,0036/00369868,True,4,0,1.0,,6,6,0.5555555555555556,0.7777777777777778,,,,,,,,,,,,,,
claude_opus5,descriptive,openscad,0084/00844862,True,4,0,1.0,,8,8,0.7777777777777778,0.8888888888888888,,,,,,,,,,,,,,
claude_opus5,descriptive,openscad,0026/00268027,True,4,0,1.0,,10,10,1.0,1.0,,,,,,,,,,,,,,
claude_opus5,descriptive,openscad,0092/00925049,True,4,0,1.0,,7,7,0.6666666666666666,0.8333333333333333,,,,,,,,,,,,,,
claude_opus5,descriptive,openscad,0072/00725542,True,4,0,1.0,,7,7,0.6666666666666666,0.8333333333333333,,,,,,,,,,,,,,
claude_opus5,descriptive,openscad,0015/00150938,True,4,0,1.0,,10,10,1.0,1.0,,,,,,,,,,,,,,
claude_opus5,descriptive,openscad,0072/00726429,True,4,0,1.0,,3,3,0.2222222222222222,0.6111111111111112,,,,,,,,,,,,,,
claude_opus5,descriptive,openscad,0065/00657969,True,4,0,1.0,,8,8,0.7777777777777778,0.8888888888888888,,,,,,,,,,,,,,
claude_opus5,descriptive,openscad,0031/00310774,True,3,0,0.75,,8,8,0.7777777777777778,0.7638888888888888,,,,,,,,,,,,,,
claude_opus5,descriptive,openscad,0061/00618813,True,4,0,1.0,,10,10,1.0,1.0,,,,,,,,,,,,,,
claude_opus5,descriptive,openscad,0030/00307386,True,4,0,1.0,,10,10,1.0,1.0,,,,,,,,,,,,,,
claude_opus5,descriptive,openscad,0072/00724192,True,4,0,1.0,,7,7,0.6666666666666666,0.8333333333333333,,,,,,,,,,,,,,
claude_opus5,descriptive,openscad,0018/00189804,True,4,0,1.0,,10,10,1.0,1.0,,,,,,,,,,,,,,
claude_opus5,descriptive,openscad,0080/00807326,True,4,0,1.0,,8,8,0.7777777777777778,0.8888888888888888,,,,,,,,,,,,,,
claude_opus5,descriptive,openscad,0078/00789364,True,4,0,1.0,,7,7,0.6666666666666666,0.8333333333333333,,,,,,,,,,,,,,
claude_opus5,descriptive,openscad,0002/00029952,True,4,0,1.0,,10,10,1.0,1.0,,,,,,,,,,,,,,
claude_opus5,descriptive,openscad,0005/00051224,True,4,0,1.0,,10,10,1.0,1.0,,,,,,,,,,,,,,
claude_opus5,descriptive,openscad,0087/00873073,True,4,0,1.0,,10,10,1.0,1.0,,,,,,,,,,,,,,
claude_opus5,descriptive,openscad,0077/00779770,True,4,0,1.0,,4,4,0.3333333333333333,0.6666666666666666,,,,,,,,,,,,,,
claude_opus5,descriptive,openscad,0077/00778195,True,4,0,1.0,,10,10,1.0,1.0,,,,,,,,,,,,,,
claude_opus5,descriptive,openscad,0039/00397628,True,4,0,1.0,,4,4,0.3333333333333333,0.6666666666666666,,,,,,,,,,,,,,
claude_opus5,descriptive,openscad,0008/00089777,True,4,0,1.0,,7,7,0.6666666666666666,0.8333333333333333,,,,,,,,,,,,,,
claude_opus5,descriptive,openscad,0075/00758810,True,4,0,1.0,,6,6,0.5555555555555556,0.7777777777777778,,,,,,,,,,,,,,
claude_opus5,descriptive,openscad,0028/00284926,True,4,0,1.0,,10,10,1.0,1.0,,,,,,,,,,,,,,
claude_opus5,descriptive,openscad,0074/00741629,True,4,0,1.0,,10,10,1.0,1.0,,,,,,,,,,,,,,
claude_opus5,descriptive,openscad,0097/00973497,True,4,0,1.0,,10,10,1.0,1.0,,,,,,,,,,,,,,
claude_opus5,descriptive,openscad,0047/00474303,True,4,0,1.0,,10,10,1.0,1.0,,,,,,,,,,,,,,
claude_opus5,descriptive,openscad,0061/00616188,True,4,0,1.0,,7,7,0.6666666666666666,0.8333333333333333,,,,,,,,,,,,,,
claude_opus5,descriptive,openscad,0005/00051572,True,4,0,1.0,,10,10,1.0,1.0,,,,,,,,,,,,,,
claude_opus5,descriptive,openscad,0025/00253807,True,4,0,1.0,,8,8,0.7777777777777778,0.8888888888888888,,,,,,,,,,,,,,
claude_opus5,descriptive,openscad,0024/00242128,True,4,0,1.0,,7,7,0.6666666666666666,0.8333333333333333,,,,,,,,,,,,,,
claude_opus5,descriptive,openscad,0029/00292492,True,4,0,1.0,,10,10,1.0,1.0,,,,,,,,,,,,,,
claude_opus5,descriptive,openscad,0054/00547865,True,4,0,1.0,,7,7,0.6666666666666666,0.8333333333333333,,,,,,,,,,,,,,
claude_opus5,descriptive,openscad,0005/00052091,True,4,0,1.0,,10,10,1.0,1.0,,,,,,,,,,,,,,
claude_opus5,descriptive,openscad,0034/00344679,True,4,0,1.0,,3,3,0.2222222222222222,0.6111111111111112,,,,,,,,,,,,,,
claude_opus5,descriptive,openscad,0092/00923543,True,0,0,0.0,,3,3,0.2222222222222222,0.1111111111111111,,,,,,,,,,,,,,
claude_opus5,descriptive,openscad,0024/00242859,True,4,0,1.0,,5,5,0.4444444444444444,0.7222222222222222,,,,,,,,,,,,,,
claude_opus5,descriptive,openscad,0079/00790247,True,4,0,1.0,,7,7,0.6666666666666666,0.8333333333333333,,,,,,,,,,,,,,
claude_opus5,descriptive,openscad,0084/00843879,True,4,0,1.0,,10,10,1.0,1.0,,,,,,,,,,,,,,
claude_opus5,descriptive,openscad,0010/00108226,True,4,0,1.0,,7,7,0.6666666666666666,0.8333333333333333,,,,,,,,,,,,,,
claude_opus5,descriptive,openscad,0026/00268031,True,4,0,1.0,,10,10,1.0,1.0,,,,,,,,,,,,,,
claude_opus5,descriptive,openscad,0022/00225399,True,4,0,1.0,,10,10,1.0,1.0,,,,,,,,,,,,,,
claude_opus5,descriptive,openscad,0057/00570258,True,4,0,1.0,,10,10,1.0,1.0,,,,,,,,,,,,,,
claude_opus5,descriptive,openscad,0010/00101896,True,4,0,1.0,,6,6,0.5555555555555556,0.7777777777777778,,,,,,,,,,,,,,
claude_opus5,descriptive,openscad,0061/00619989,True,4,0,1.0,,5,5,0.4444444444444444,0.7222222222222222,,,,,,,,,,,,,,
claude_opus5,descriptive,openscad,0022/00226013,True,4,0,1.0,,7,7,0.6666666666666666,0.8333333333333333,,,,,,,,,,,,,,
claude_opus5,descriptive,openscad,0052/00523563,True,4,0,1.0,,10,10,1.0,1.0,,,,,,,,,,,,,,
claude_opus5,descriptive,openscad,0036/00361447,True,4,0,1.0,,7,7,0.6666666666666666,0.8333333333333333,,,,,,,,,,,,,,
claude_opus5,descriptive,openscad,0070/00709862,True,4,0,1.0,,10,10,1.0,1.0,,,,,,,,,,,,,,
claude_opus5,descriptive,openscad,0054/00541109,True,4,0,1.0,,6,6,0.5555555555555556,0.7777777777777778,,,,,,,,,,,,,,
claude_opus5,descriptive,openscad,0086/00866616,True,4,0,1.0,,7,7,0.6666666666666666,0.8333333333333333,,,,,,,,,,,,,,
claude_opus5,descriptive,openscad,0027/00279318,True,4,0,1.0,,7,7,0.6666666666666666,0.8333333333333333,,,,,,,,,,,,,,
claude_opus5,descriptive,openscad,0082/00827203,True,4,0,1.0,,4,4,0.3333333333333333,0.6666666666666666,,,,,,,,,,,,,,
claude_opus5,descriptive,openscad,0039/00391450,True,4,0,1.0,,4,4,0.3333333333333333,0.6666666666666666,,,,,,,,,,,,,,
claude_opus5,descriptive,openscad,0013/00135378,True,4,0,1.0,,7,7,0.6666666666666666,0.8333333333333333,,,,,,,,,,,,,,
claude_opus5,descriptive,openscad,0093/00934405,True,4,0,1.0,,10,10,1.0,1.0,,,,,,,,,,,,,,
claude_opus5,descriptive,openscad,0056/00568816,True,3,0,0.75,,5,5,0.4444444444444444,0.5972222222222222,,,,,,,,,,,,,,
claude_opus5,descriptive,openscad,0072/00728052,True,4,0,1.0,,10,10,1.0,1.0,,,,,,,,,,,,,,
claude_opus5,descriptive,openscad,0021/00210983,True,4,0,1.0,,5,5,0.4444444444444444,0.7222222222222222,,,,,,,,,,,,,,
claude_opus5,descriptive,openscad,0046/00460772,True,4,0,1.0,,7,7,0.6666666666666666,0.8333333333333333,,,,,,,,,,,,,,
grok46,descriptive,json,0085/00852511,True,4,0,1.0,,10,10,1.0,1.0,,,,,,,,,,,,,,
grok46,descriptive,json,0009/00099014,True,4,0,1.0,,7,7,0.6666666666666666,0.8333333333333333,,,,,,,,,,,,,,
grok46,descriptive,json,0071/00710826,True,4,0,1.0,,6,6,0.5555555555555556,0.7777777777777778,,,,,,,,,,,,,,
grok46,descriptive,json,0005/00057589,True,4,0,1.0,,10,10,1.0,1.0,,,,,,,,,,,,,,
grok46,descriptive,json,0015/00155951,True,4,0,1.0,,4,4,0.3333333333333333,0.6666666666666666,,,,,,,,,,,,,,
grok46,descriptive,json,0013/00134405,True,4,0,1.0,,10,10,1.0,1.0,,,,,,,,,,,,,,
grok46,descriptive,json,0053/00531353,True,4,0,1.0,,7,7,0.6666666666666666,0.8333333333333333,,,,,,,,,,,,,,
grok46,descriptive,json,0094/00941813,True,3,0,0.75,,10,10,1.0,0.875,,,,,,,,,,,,,,
grok46,descriptive,json,0081/00817410,True,4,0,1.0,,10,10,1.0,1.0,,,,,,,,,,,,,,
grok46,descriptive,json,0045/00457640,True,4,0,1.0,,7,7,0.6666666666666666,0.8333333333333333,,,,,,,,,,,,,,
grok46,descriptive,json,0047/00478097,True,4,0,1.0,,10,10,1.0,1.0,,,,,,,,,,,,,,
grok46,descriptive,json,0013/00135353,True,4,0,1.0,,8,8,0.7777777777777778,0.8888888888888888,,,,,,,,,,,,,,
grok46,descriptive,json,0062/00621494,True,4,0,1.0,,5,5,0.4444444444444444,0.7222222222222222,,,,,,,,,,,,,,
grok46,descriptive,json,0016/00169954,True,4,0,1.0,,10,10,1.0,1.0,,,,,,,,,,,,,,
grok46,descriptive,json,0039/00390147,True,4,0,1.0,,10,10,1.0,1.0,,,,,,,,,,,,,,
grok46,descriptive,json,0089/00895528,True,4,0,1.0,,4,4,0.3333333333333333,0.6666666666666666,,,,,,,,,,,,,,
grok46,descriptive,json,0030/00306122,True,4,0,1.0,,4,4,0.3333333333333333,0.6666666666666666,,,,,,,,,,,,,,
grok46,descriptive,json,0070/00706059,True,4,0,1.0,,10,10,1.0,1.0,,,,,,,,,,,,,,
grok46,descriptive,json,0008/00086411,True,4,0,1.0,,10,10,1.0,1.0,,,,,,,,,,,,,,
grok46,descriptive,json,0073/00732007,True,4,0,1.0,,7,7,0.6666666666666666,0.8333333333333333,,,,,,,,,,,,,,
grok46,descriptive,json,0010/00103639,True,4,0,1.0,,10,10,1.0,1.0,,,,,,,,,,,,,,
grok46,descriptive,json,0019/00199917,True,3,0,0.75,,10,10,1.0,0.875,,,,,,,,,,,,,,
grok46,descriptive,json,0035/00350534,True,2,0,0.5,,5,5,0.4444444444444444,0.4722222222222222,,,,,,,,,,,,,,
grok46,descriptive,json,0043/00431078,True,3,0,0.75,,6,6,0.5555555555555556,0.6527777777777778,,,,,,,,,,,,,,
grok46,descriptive,json,0073/00737056,True,4,0,1.0,,4,4,0.3333333333333333,0.6666666666666666,,,,,,,,,,,,,,
grok46,descriptive,json,0078/00788594,True,4,0,1.0,,10,10,1.0,1.0,,,,,,,,,,,,,,
grok46,descriptive,json,0067/00677148,True,4,0,1.0,,10,10,1.0,1.0,,,,,,,,,,,,,,
grok46,descriptive,json,0093/00937375,True,3,0,0.75,,10,10,1.0,0.875,,,,,,,,,,,,,,
grok46,descriptive,json,0072/00726428,True,4,0,1.0,,1,1,0.0,0.5,,,,,,,,,,,,,,
grok46,descriptive,json,0049/00497058,True,4,0,1.0,,7,7,0.6666666666666666,0.8333333333333333,,,,,,,,,,,,,,
grok46,descriptive,json,0013/00133189,True,3,0,0.75,,10,10,1.0,0.875,,,,,,,,,,,,,,
grok46,descriptive,json,0024/00249966,True,4,0,1.0,,10,10,1.0,1.0,,,,,,,,,,,,,,
grok46,descriptive,json,0004/00042777,True,4,0,1.0,,7,7,0.6666666666666666,0.8333333333333333,,,,,,,,,,,,,,
grok46,descriptive,json,0055/00553999,True,3,0,0.75,,6,6,0.5555555555555556,0.6527777777777778,,,,,,,,,,,,,,
grok46,descriptive,json,0068/00681400,True,4,0,1.0,,6,6,0.5555555555555556,0.7777777777777778,,,,,,,,,,,,,,
grok46,descriptive,json,0071/00714935,True,4,0,1.0,,7,7,0.6666666666666666,0.8333333333333333,,,,,,,,,,,,,,
grok46,descriptive,json,0022/00227442,True,4,0,1.0,,7,7,0.6666666666666666,0.8333333333333333,,,,,,,,,,,,,,
grok46,descriptive,json,0039/00397627,True,4,0,1.0,,4,4,0.3333333333333333,0.6666666666666666,,,,,,,,,,,,,,
grok46,descriptive,json,0026/00268024,True,4,0,1.0,,10,10,1.0,1.0,,,,,,,,,,,,,,
grok46,descriptive,json,0007/00073282,True,3,0,0.75,,7,7,0.6666666666666666,0.7083333333333333,,,,,,,,,,,,,,
grok46,descriptive,json,0036/00369868,True,4,0,1.0,,6,6,0.5555555555555556,0.7777777777777778,,,,,,,,,,,,,,
grok46,descriptive,json,0084/00844862,True,4,0,1.0,,10,10,1.0,1.0,,,,,,,,,,,,,,
grok46,descriptive,json,0026/00268027,True,4,0,1.0,,10,10,1.0,1.0,,,,,,,,,,,,,,
grok46,descriptive,json,0092/00925049,True,4,0,1.0,,6,6,0.5555555555555556,0.7777777777777778,,,,,,,,,,,,,,
grok46,descriptive,json,0072/00725542,True,4,0,1.0,,7,7,0.6666666666666666,0.8333333333333333,,,,,,,,,,,,,,
grok46,descriptive,json,0015/00150938,True,4,0,1.0,,10,10,1.0,1.0,,,,,,,,,,,,,,
grok46,descriptive,json,0072/00726429,True,4,0,1.0,,3,3,0.2222222222222222,0.6111111111111112,,,,,,,,,,,,,,
grok46,descriptive,json,0065/00657969,True,4,0,1.0,,4,4,0.3333333333333333,0.6666666666666666,,,,,,,,,,,,,,
grok46,descriptive,json,0031/00310774,True,4,0,1.0,,10,10,1.0,1.0,,,,,,,,,,,,,,
grok46,descriptive,json,0061/00618813,True,4,0,1.0,,8,8,0.7777777777777778,0.8888888888888888,,,,,,,,,,,,,,
grok46,descriptive,json,0030/00307386,True,4,0,1.0,,10,10,1.0,1.0,,,,,,,,,,,,,,
grok46,descriptive,json,0072/00724192,True,4,0,1.0,,6,6,0.5555555555555556,0.7777777777777778,,,,,,,,,,,,,,
grok46,descriptive,json,0018/00189804,True,4,0,1.0,,10,10,1.0,1.0,,,,,,,,,,,,,,
grok46,descriptive,json,0080/00807326,True,4,0,1.0,,10,10,1.0,1.0,,,,,,,,,,,,,,
grok46,descriptive,json,0078/00789364,True,3,0,0.75,,7,7,0.6666666666666666,0.7083333333333333,,,,,,,,,,,,,,
grok46,descriptive,json,0002/00029952,True,4,0,1.0,,10,10,1.0,1.0,,,,,,,,,,,,,,
grok46,descriptive,json,0005/00051224,True,4,0,1.0,,10,10,1.0,1.0,,,,,,,,,,,,,,
grok46,descriptive,json,0087/00873073,True,4,0,1.0,,5,5,0.4444444444444444,0.7222222222222222,,,,,,,,,,,,,,
grok46,descriptive,json,0077/00779770,True,3,0,0.75,,5,5,0.4444444444444444,0.5972222222222222,,,,,,,,,,,,,,
grok46,descriptive,json,0077/00778195,True,4,0,1.0,,10,10,1.0,1.0,,,,,,,,,,,,,,
grok46,descriptive,json,0039/00397628,True,4,0,1.0,,3,3,0.2222222222222222,0.6111111111111112,,,,,,,,,,,,,,
grok46,descriptive,json,0008/00089777,True,4,0,1.0,,7,7,0.6666666666666666,0.8333333333333333,,,,,,,,,,,,,,
grok46,descriptive,json,0075/00758810,True,4,0,1.0,,6,6,0.5555555555555556,0.7777777777777778,,,,,,,,,,,,,,
grok46,descriptive,json,0028/00284926,True,4,0,1.0,,10,10,1.0,1.0,,,,,,,,,,,,,,
grok46,descriptive,json,0074/00741629,True,3,0,0.75,,10,10,1.0,0.875,,,,,,,,,,,,,,
grok46,descriptive,json,0097/00973497,True,4,0,1.0,,8,8,0.7777777777777778,0.8888888888888888,,,,,,,,,,,,,,
grok46,descriptive,json,0047/00474303,True,4,0,1.0,,10,10,1.0,1.0,,,,,,,,,,,,,,
grok46,descriptive,json,0061/00616188,True,2,0,0.5,,6,6,0.5555555555555556,0.5277777777777778,,,,,,,,,,,,,,
grok46,descriptive,json,0005/00051572,True,4,0,1.0,,10,10,1.0,1.0,,,,,,,,,,,,,,
grok46,descriptive,json,0025/00253807,True,4,0,1.0,,4,4,0.3333333333333333,0.6666666666666666,,,,,,,,,,,,,,
grok46,descriptive,json,0024/00242128,True,4,0,1.0,,5,5,0.4444444444444444,0.7222222222222222,,,,,,,,,,,,,,
grok46,descriptive,json,0029/00292492,True,4,0,1.0,,10,10,1.0,1.0,,,,,,,,,,,,,,
grok46,descriptive,json,0054/00547865,True,4,0,1.0,,10,10,1.0,1.0,,,,,,,,,,,,,,
grok46,descriptive,json,0005/00052091,True,4,0,1.0,,7,7,0.6666666666666666,0.8333333333333333,,,,,,,,,,,,,,
grok46,descriptive,json,0034/00344679,True,4,0,1.0,,3,3,0.2222222222222222,0.6111111111111112,,,,,,,,,,,,,,
grok46,descriptive,json,0092/00923543,True,4,0,1.0,,7,7,0.6666666666666666,0.8333333333333333,,,,,,,,,,,,,,
grok46,descriptive,json,0024/00242859,True,4,0,1.0,,4,4,0.3333333333333333,0.6666666666666666,,,,,,,,,,,,,,
grok46,descriptive,json,0079/00790247,True,4,0,1.0,,7,7,0.6666666666666666,0.8333333333333333,,,,,,,,,,,,,,
grok46,descriptive,json,0084/00843879,True,4,0,1.0,,10,10,1.0,1.0,,,,,,,,,,,,,,
grok46,descriptive,json,0010/00108226,True,4,0,1.0,,7,7,0.6666666666666666,0.8333333333333333,,,,,,,,,,,,,,
grok46,descriptive,json,0026/00268031,True,4,0,1.0,,10,10,1.0,1.0,,,,,,,,,,,,,,
grok46,descriptive,json,0022/00225399,True,4,0,1.0,,10,10,1.0,1.0,,,,,,,,,,,,,,
grok46,descriptive,json,0057/00570258,True,4,0,1.0,,10,10,1.0,1.0,,,,,,,,,,,,,,
grok46,descriptive,json,0010/00101896,True,4,0,1.0,,5,5,0.4444444444444444,0.7222222222222222,,,,,,,,,,,,,,
grok46,descriptive,json,0061/00619989,True,4,0,1.0,,4,4,0.3333333333333333,0.6666666666666666,,,,,,,,,,,,,,
grok46,descriptive,json,0022/00226013,True,4,0,1.0,,7,7,0.6666666666666666,0.8333333333333333,,,,,,,,,,,,,,
grok46,descriptive,json,0052/00523563,True,4,0,1.0,,10,10,1.0,1.0,,,,,,,,,,,,,,
grok46,descriptive,json,0036/00361447,True,4,0,1.0,,7,7,0.6666666666666666,0.8333333333333333,,,,,,,,,,,,,,
grok46,descriptive,json,0070/00709862,True,4,0,1.0,,10,10,1.0,1.0,,,,,,,,,,,,,,
grok46,descriptive,json,0054/00541109,True,4,0,1.0,,5,5,0.4444444444444444,0.7222222222222222,,,,,,,,,,,,,,
grok46,descriptive,json,0086/00866616,True,4,0,1.0,,7,7,0.6666666666666666,0.8333333333333333,,,,,,,,,,,,,,
grok46,descriptive,json,0027/00279318,True,4,0,1.0,,7,7,0.6666666666666666,0.8333333333333333,,,,,,,,,,,,,,
grok46,descriptive,json,0082/00827203,True,4,0,1.0,,4,4,0.3333333333333333,0.6666666666666666,,,,,,,,,,,,,,
grok46,descriptive,json,0039/00391450,True,4,0,1.0,,4,4,0.3333333333333333,0.6666666666666666,,,,,,,,,,,,,,
grok46,descriptive,json,0013/00135378,True,4,0,1.0,,7,7,0.6666666666666666,0.8333333333333333,,,,,,,,,,,,,,
grok46,descriptive,json,0093/00934405,True,4,0,1.0,,10,10,1.0,1.0,,,,,,,,,,,,,,
grok46,descriptive,json,0056/00568816,True,4,0,1.0,,4,4,0.3333333333333333,0.6666666666666666,,,,,,,,,,,,,,
grok46,descriptive,json,0072/00728052,True,4,0,1.0,,10,10,1.0,1.0,,,,,,,,,,,,,,
grok46,descriptive,json,0021/00210983,True,3,0,0.75,,8,8,0.7777777777777778,0.7638888888888888,,,,,,,,,,,,,,
grok46,descriptive,json,0046/00460772,True,3,0,0.75,,7,7,0.6666666666666666,0.7083333333333333,,,,,,,,,,,,,,
grok46,descriptive,openscad,0085/00852511,True,4,0,1.0,,10,10,1.0,1.0,,,,,,,,,,,,,,
grok46,descriptive,openscad,0009/00099014,True,4,0,1.0,,7,7,0.6666666666666666,0.8333333333333333,,,,,,,,,,,,,,
grok46,descriptive,openscad,0071/00710826,True,4,0,1.0,,10,10,1.0,1.0,,,,,,,,,,,,,,
grok46,descriptive,openscad,0005/00057589,True,4,0,1.0,,10,10,1.0,1.0,,,,,,,,,,,,,,
grok46,descriptive,openscad,0015/00155951,True,4,0,1.0,,10,10,1.0,1.0,,,,,,,,,,,,,,
grok46,descriptive,openscad,0013/00134405,True,4,0,1.0,,10,10,1.0,1.0,,,,,,,,,,,,,,
grok46,descriptive,openscad,0053/00531353,True,4,0,1.0,,6,6,0.5555555555555556,0.7777777777777778,,,,,,,,,,,,,,
grok46,descriptive,openscad,0094/00941813,True,4,0,1.0,,10,10,1.0,1.0,,,,,,,,,,,,,,
grok46,descriptive,openscad,0081/00817410,True,4,0,1.0,,10,10,1.0,1.0,,,,,,,,,,,,,,
grok46,descriptive,openscad,0045/00457640,True,4,0,1.0,,7,7,0.6666666666666666,0.8333333333333333,,,,,,,,,,,,,,
grok46,descriptive,openscad,0047/00478097,True,4,0,1.0,,10,10,1.0,1.0,,,,,,,,,,,,,,
grok46,descriptive,openscad,0013/00135353,True,4,0,1.0,,10,10,1.0,1.0,,,,,,,,,,,,,,
grok46,descriptive,openscad,0062/00621494,True,4,0,1.0,,10,10,1.0,1.0,,,,,,,,,,,,,,
grok46,descriptive,openscad,0016/00169954,True,4,0,1.0,,10,10,1.0,1.0,,,,,,,,,,,,,,
grok46,descriptive,openscad,0039/00390147,True,4,0,1.0,,10,10,1.0,1.0,,,,,,,,,,,,,,
grok46,descriptive,openscad,0089/00895528,True,4,0,1.0,,7,7,0.6666666666666666,0.8333333333333333,,,,,,,,,,,,,,
grok46,descriptive,openscad,0030/00306122,True,4,0,1.0,,8,8,0.7777777777777778,0.8888888888888888,,,,,,,,,,,,,,
grok46,descriptive,openscad,0070/00706059,True,4,0,1.0,,10,10,1.0,1.0,,,,,,,,,,,,,,
grok46,descriptive,openscad,0008/00086411,True,4,0,1.0,,10,10,1.0,1.0,,,,,,,,,,,,,,
grok46,descriptive,openscad,0073/00732007,True,4,0,1.0,,7,7,0.6666666666666666,0.8333333333333333,,,,,,,,,,,,,,
grok46,descriptive,openscad,0010/00103639,True,4,0,1.0,,10,10,1.0,1.0,,,,,,,,,,,,,,
grok46,descriptive,openscad,0019/00199917,True,4,0,1.0,,10,10,1.0,1.0,,,,,,,,,,,,,,
grok46,descriptive,openscad,0035/00350534,True,4,0,1.0,,8,8,0.7777777777777778,0.8888888888888888,,,,,,,,,,,,,,
grok46,descriptive,openscad,0043/00431078,True,3,0,0.75,,7,7,0.6666666666666666,0.7083333333333333,,,,,,,,,,,,,,
grok46,descriptive,openscad,0073/00737056,True,4,0,1.0,,4,4,0.3333333333333333,0.6666666666666666,,,,,,,,,,,,,,
grok46,descriptive,openscad,0078/00788594,True,4,0,1.0,,7,7,0.6666666666666666,0.8333333333333333,,,,,,,,,,,,,,
grok46,descriptive,openscad,0067/00677148,True,4,0,1.0,,10,10,1.0,1.0,,,,,,,,,,,,,,
grok46,descriptive,openscad,0093/00937375,True,4,0,1.0,,10,10,1.0,1.0,,,,,,,,,,,,,,
grok46,descriptive,openscad,0072/00726428,True,4,0,1.0,,1,1,0.0,0.5,,,,,,,,,,,,,,
grok46,descriptive,openscad,0049/00497058,True,4,0,1.0,,7,7,0.6666666666666666,0.8333333333333333,,,,,,,,,,,,,,
grok46,descriptive,openscad,0013/00133189,True,4,0,1.0,,10,10,1.0,1.0,,,,,,,,,,,,,,
grok46,descriptive,openscad,0024/00249966,True,4,0,1.0,,10,10,1.0,1.0,,,,,,,,,,,,,,
grok46,descriptive,openscad,0004/00042777,True,4,0,1.0,,10,10,1.0,1.0,,,,,,,,,,,,,,
grok46,descriptive,openscad,0055/00553999,True,4,0,1.0,,4,4,0.3333333333333333,0.6666666666666666,,,,,,,,,,,,,,
grok46,descriptive,openscad,0068/00681400,True,4,0,1.0,,7,7,0.6666666666666666,0.8333333333333333,,,,,,,,,,,,,,
grok46,descriptive,openscad,0071/00714935,True,4,0,1.0,,7,7,0.6666666666666666,0.8333333333333333,,,,,,,,,,,,,,
grok46,descriptive,openscad,0022/00227442,True,4,0,1.0,,7,7,0.6666666666666666,0.8333333333333333,,,,,,,,,,,,,,
grok46,descriptive,openscad,0039/00397627,True,4,0,1.0,,4,4,0.3333333333333333,0.6666666666666666,,,,,,,,,,,,,,
grok46,descriptive,openscad,0026/00268024,True,4,0,1.0,,10,10,1.0,1.0,,,,,,,,,,,,,,
grok46,descriptive,openscad,0007/00073282,True,3,0,0.75,,4,4,0.3333333333333333,0.5416666666666666,,,,,,,,,,,,,,
grok46,descriptive,openscad,0036/00369868,True,4,0,1.0,,6,6,0.5555555555555556,0.7777777777777778,,,,,,,,,,,,,,
grok46,descriptive,openscad,0084/00844862,True,4,0,1.0,,10,10,1.0,1.0,,,,,,,,,,,,,,
grok46,descriptive,openscad,0026/00268027,True,4,0,1.0,,10,10,1.0,1.0,,,,,,,,,,,,,,
grok46,descriptive,openscad,0092/00925049,True,4,0,1.0,,7,7,0.6666666666666666,0.8333333333333333,,,,,,,,,,,,,,
grok46,descriptive,openscad,0072/00725542,True,4,0,1.0,,7,7,0.6666666666666666,0.8333333333333333,,,,,,,,,,,,,,
grok46,descriptive,openscad,0015/00150938,True,4,0,1.0,,8,8,0.7777777777777778,0.8888888888888888,,,,,,,,,,,,,,
grok46,descriptive,openscad,0072/00726429,True,4,0,1.0,,3,3,0.2222222222222222,0.6111111111111112,,,,,,,,,,,,,,
grok46,descriptive,openscad,0065/00657969,True,4,0,1.0,,2,2,0.1111111111111111,0.5555555555555556,,,,,,,,,,,,,,
grok46,descriptive,openscad,0031/00310774,True,4,0,1.0,,10,10,1.0,1.0,,,,,,,,,,,,,,
grok46,descriptive,openscad,0061/00618813,True,4,0,1.0,,10,10,1.0,1.0,,,,,,,,,,,,,,
grok46,descriptive,openscad,0030/00307386,True,4,0,1.0,,10,10,1.0,1.0,,,,,,,,,,,,,,
grok46,descriptive,openscad,0072/00724192,True,4,0,1.0,,7,7,0.6666666666666666,0.8333333333333333,,,,,,,,,,,,,,
grok46,descriptive,openscad,0018/00189804,True,4,0,1.0,,10,10,1.0,1.0,,,,,,,,,,,,,,
grok46,descriptive,openscad,0080/00807326,True,4,0,1.0,,10,10,1.0,1.0,,,,,,,,,,,,,,
grok46,descriptive,openscad,0078/00789364,True,4,0,1.0,,7,7,0.6666666666666666,0.8333333333333333,,,,,,,,,,,,,,
grok46,descriptive,openscad,0002/00029952,True,4,0,1.0,,10,10,1.0,1.0,,,,,,,,,,,,,,
grok46,descriptive,openscad,0005/00051224,True,4,0,1.0,,10,10,1.0,1.0,,,,,,,,,,,,,,
grok46,descriptive,openscad,0087/00873073,True,4,0,1.0,,6,6,0.5555555555555556,0.7777777777777778,,,,,,,,,,,,,,
grok46,descriptive,openscad,0077/00779770,True,4,0,1.0,,5,5,0.4444444444444444,0.7222222222222222,,,,,,,,,,,,,,
grok46,descriptive,openscad,0077/00778195,True,4,0,1.0,,10,10,1.0,1.0,,,,,,,,,,,,,,
grok46,descriptive,openscad,0039/00397628,True,4,0,1.0,,4,4,0.3333333333333333,0.6666666666666666,,,,,,,,,,,,,,
grok46,descriptive,openscad,0008/00089777,True,4,0,1.0,,7,7,0.6666666666666666,0.8333333333333333,,,,,,,,,,,,,,
grok46,descriptive,openscad,0075/00758810,True,4,0,1.0,,4,4,0.3333333333333333,0.6666666666666666,,,,,,,,,,,,,,
grok46,descriptive,openscad,0028/00284926,True,4,0,1.0,,10,10,1.0,1.0,,,,,,,,,,,,,,
grok46,descriptive,openscad,0074/00741629,True,4,0,1.0,,10,10,1.0,1.0,,,,,,,,,,,,,,
grok46,descriptive,openscad,0097/00973497,True,4,0,1.0,,10,10,1.0,1.0,,,,,,,,,,,,,,
grok46,descriptive,openscad,0047/00474303,True,4,0,1.0,,10,10,1.0,1.0,,,,,,,,,,,,,,
grok46,descriptive,openscad,0061/00616188,True,4,0,1.0,,8,8,0.7777777777777778,0.8888888888888888,,,,,,,,,,,,,,
grok46,descriptive,openscad,0005/00051572,True,4,0,1.0,,10,10,1.0,1.0,,,,,,,,,,,,,,
grok46,descriptive,openscad,0025/00253807,True,4,0,1.0,,6,6,0.5555555555555556,0.7777777777777778,,,,,,,,,,,,,,
grok46,descriptive,openscad,0024/00242128,True,4,0,1.0,,7,7,0.6666666666666666,0.8333333333333333,,,,,,,,,,,,,,
grok46,descriptive,openscad,0029/00292492,True,4,0,1.0,,10,10,1.0,1.0,,,,,,,,,,,,,,
grok46,descriptive,openscad,0054/00547865,True,4,0,1.0,,7,7,0.6666666666666666,0.8333333333333333,,,,,,,,,,,,,,
grok46,descriptive,openscad,0005/00052091,True,4,0,1.0,,5,5,0.4444444444444444,0.7222222222222222,,,,,,,,,,,,,,
grok46,descriptive,openscad,0034/00344679,True,4,0,1.0,,4,4,0.3333333333333333,0.6666666666666666,,,,,,,,,,,,,,
grok46,descriptive,openscad,0092/00923543,True,4,0,1.0,,7,7,0.6666666666666666,0.8333333333333333,,,,,,,,,,,,,,
grok46,descriptive,openscad,0024/00242859,True,4,0,1.0,,4,4,0.3333333333333333,0.6666666666666666,,,,,,,,,,,,,,
grok46,descriptive,openscad,0079/00790247,True,4,0,1.0,,7,7,0.6666666666666666,0.8333333333333333,,,,,,,,,,,,,,
grok46,descriptive,openscad,0084/00843879,True,4,0,1.0,,10,10,1.0,1.0,,,,,,,,,,,,,,
grok46,descriptive,openscad,0010/00108226,True,4,0,1.0,,7,7,0.6666666666666666,0.8333333333333333,,,,,,,,,,,,,,
grok46,descriptive,openscad,0026/00268031,True,4,0,1.0,,10,10,1.0,1.0,,,,,,,,,,,,,,
grok46,descriptive,openscad,0022/00225399,True,4,0,1.0,,10,10,1.0,1.0,,,,,,,,,,,,,,
grok46,descriptive,openscad,0057/00570258,True,4,0,1.0,,10,10,1.0,1.0,,,,,,,,,,,,,,
grok46,descriptive,openscad,0010/00101896,True,4,0,1.0,,3,3,0.2222222222222222,0.6111111111111112,,,,,,,,,,,,,,
grok46,descriptive,openscad,0061/00619989,True,4,0,1.0,,4,4,0.3333333333333333,0.6666666666666666,,,,,,,,,,,,,,
grok46,descriptive,openscad,0022/00226013,True,4,0,1.0,,7,7,0.6666666666666666,0.8333333333333333,,,,,,,,,,,,,,
grok46,descriptive,openscad,0052/00523563,True,4,0,1.0,,10,10,1.0,1.0,,,,,,,,,,,,,,
grok46,descriptive,openscad,0036/00361447,True,4,0,1.0,,7,7,0.6666666666666666,0.8333333333333333,,,,,,,,,,,,,,
grok46,descriptive,openscad,0070/00709862,True,4,0,1.0,,10,10,1.0,1.0,,,,,,,,,,,,,,
grok46,descriptive,openscad,0054/00541109,True,4,0,1.0,,6,6,0.5555555555555556,0.7777777777777778,,,,,,,,,,,,,,
grok46,descriptive,openscad,0086/00866616,True,4,0,1.0,,7,7,0.6666666666666666,0.8333333333333333,,,,,,,,,,,,,,
grok46,descriptive,openscad,0027/00279318,True,4,0,1.0,,10,10,1.0,1.0,,,,,,,,,,,,,,
grok46,descriptive,openscad,0082/00827203,True,4,0,1.0,,4,4,0.3333333333333333,0.6666666666666666,,,,,,,,,,,,,,
grok46,descriptive,openscad,0039/00391450,True,4,0,1.0,,4,4,0.3333333333333333,0.6666666666666666,,,,,,,,,,,,,,
grok46,descriptive,openscad,0013/00135378,True,4,0,1.0,,7,7,0.6666666666666666,0.8333333333333333,,,,,,,,,,,,,,
grok46,descriptive,openscad,0093/00934405,True,4,0,1.0,,10,10,1.0,1.0,,,,,,,,,,,,,,
grok46,descriptive,openscad,0056/00568816,True,4,0,1.0,,4,4,0.3333333333333333,0.6666666666666666,,,,,,,,,,,,,,
grok46,descriptive,openscad,0072/00728052,True,4,0,1.0,,10,10,1.0,1.0,,,,,,,,,,,,,,
grok46,descriptive,openscad,0021/00210983,True,4,0,1.0,,6,6,0.5555555555555556,0.7777777777777778,,,,,,,,,,,,,,
grok46,descriptive,openscad,0046/00460772,True,4,0,1.0,,7,7,0.6666666666666666,0.8333333333333333,,,,,,,,,,,,,,
gemini38_flash,parametric,json,0085/00852511,True,4,8,1.0,1.0,,,,1.0,1.0,0.000147,0.9853,0.9633,0.9714,0.7764,0.8753,1.0,1.0,1.0,True,False,0.900075,1.0
gemini38_flash,parametric,json,0009/00099014,True,4,8,1.0,1.0,,,,1.0,1.0,3.6e-05,0.9964,0.9987,1.0,0.7854,0.9669,1.0,1.0,1.0,True,False,0.93685,1.0
gemini38_flash,parametric,json,0071/00710826,True,4,8,1.0,1.0,,,,1.0,1.0,0.00064,0.9359999999999999,0.5996,0.8806,0.3629,0.7807,1.0,1.0,1.0,True,False,0.6698,1.0
gemini38_flash,parametric,json,0005/00057589,True,4,6,1.0,0.75,,,,0.8333333333333334,0.8333333333333334,9.2e-05,0.9908,0.7358,0.9852,0.7063,0.9212,1.0,1.0,1.0,True,False,0.838525,1.0
gemini38_flash,parametric,json,0015/00155951,True,2,5,0.5,0.625,,,,0.5833333333333334,0.5833333333333334,0.007625,0.23750000000000004,0.1246,0.3227,0.0261,0.3877,1.0,1.0,1.0,True,False,0.193975,1.0
gemini38_flash,parametric,json,0013/00134405,True,4,8,1.0,1.0,,,,1.0,1.0,3e-05,0.997,0.9133,1.0,0.8471,0.8713,1.0,1.0,1.0,True,False,0.907175,1.0
gemini38_flash,parametric,json,0053/00531353,True,2,6,0.5,0.75,,,,0.6666666666666666,0.6666666666666666,0.00071,0.929,0.6273,0.8864,0.2406,0.7509,1.0,1.0,1.0,True,False,0.63695,1.0
gemini38_flash,parametric,json,0094/00941813,True,4,8,1.0,1.0,,,,1.0,1.0,0.000109,0.9891,0.9846,0.9998,0.4425,0.9263,1.0,1.0,1.0,True,False,0.8356250000000001,1.0
gemini38_flash,parametric,json,0081/00817410,True,4,8,1.0,1.0,,,,1.0,1.0,0.00024,0.976,0.7088,0.9497,0.5392,0.8175,1.0,1.0,1.0,True,False,0.760375,1.0
gemini38_flash,parametric,json,0045/00457640,True,3,7,0.75,0.875,,,,0.8333333333333334,0.8333333333333334,0.000184,0.9816,0.5967,1.0,0.4171,0.914,1.0,1.0,1.0,True,False,0.72735,1.0
gemini38_flash,parametric,json,0047/00478097,True,4,8,1.0,1.0,,,,1.0,1.0,3.2e-05,0.9968,0.9797,0.9977,0.8399,0.9378,1.0,1.0,1.0,True,False,0.93855,1.0
gemini38_flash,parametric,json,0013/00135353,True,4,8,1.0,1.0,,,,1.0,1.0,0.000467,0.9533,0.609,0.8858,0.2841,0.7351,1.0,1.0,1.0,True,False,0.645375,1.0
gemini38_flash,parametric,json,0062/00621494,True,4,8,1.0,1.0,,,,1.0,1.0,0.000459,0.9541,0.5721,0.9364,0.2792,0.8585,1.0,1.0,1.0,True,False,0.665975,1.0
gemini38_flash,parametric,json,0016/00169954,True,3,8,0.75,1.0,,,,0.9166666666666666,0.9166666666666666,0.002778,0.7222,0.0859,0.6673,0.1748,0.5208,1.0,1.0,1.0,True,False,0.375925,1.0
gemini38_flash,parametric,json,0039/00390147,True,4,8,1.0,1.0,,,,1.0,1.0,0.000785,0.9215,0.6033,0.8996,0.2906,0.6934,1.0,1.0,1.0,True,False,0.6272,1.0
gemini38_flash,parametric,json,0089/00895528,True,4,6,1.0,0.75,,,,0.8333333333333334,0.8333333333333334,0.004035,0.5965,0.2308,0.5723,0.0597,0.6186,1.0,1.0,1.0,True,False,0.3764,1.0
gemini38_flash,parametric,json,0030/00306122,True,4,5,1.0,0.625,,,,0.75,0.75,0.001276,0.8724000000000001,0.3362,0.7787,0.0995,0.5635,1.0,1.0,1.0,True,False,0.46790000000000004,1.0
gemini38_flash,parametric,json,0070/00706059,True,3,6,0.75,0.75,,,,0.75,0.75,0.000268,0.9732,0.8974,0.9491,0.4823,0.8601,1.0,1.0,1.0,True,False,0.80325,1.0
gemini38_flash,parametric,json,0008/00086411,True,3,8,0.75,1.0,,,,0.9166666666666666,0.9166666666666666,0.004584,0.5416,0.1185,0.455,0.1214,0.3758,1.0,1.0,1.0,True,False,0.289325,1.0
gemini38_flash,parametric,json,0073/00732007,True,2,2,0.5,0.25,,,,0.3333333333333333,0.3333333333333333,0.000386,0.9614,0.6493,0.9185,0.6734,0.8473,1.0,1.0,1.0,True,False,0.78285,1.0
gemini38_flash,parametric,json,0010/00103639,True,4,7,1.0,0.875,,,,0.9166666666666666,0.9166666666666666,0.00013,0.987,0.6107,0.9695,0.8324,0.7655,1.0,1.0,0.989422,True,False,0.7988999999999999,0.9964740000000001
gemini38_flash,parametric,json,0019/00199917,True,4,6,1.0,0.75,,,,0.8333333333333334,0.8333333333333334,0.000993,0.9007000000000001,0.5965,0.8881,0.3009,0.7274,1.0,1.0,1.0,True,False,0.631375,1.0
gemini38_flash,parametric,json,0035/00350534,True,3,7,0.75,0.875,,,,0.8333333333333334,0.8333333333333334,0.00213,0.787,0.3705,0.6526,0.2096,0.6747,1.0,1.0,1.0,True,False,0.51045,1.0
gemini38_flash,parametric,json,0043/00431078,True,4,8,1.0,1.0,,,,1.0,1.0,0.000198,0.9802,0.7711,0.9808,0.5198,0.8568,1.0,1.0,1.0,True,False,0.781975,1.0
gemini38_flash,parametric,json,0073/00737056,True,4,8,1.0,1.0,,,,1.0,1.0,0.000532,0.9468,0.4442,0.9278,0.3215,0.8526,1.0,1.0,1.0,True,False,0.641275,1.0
gemini38_flash,parametric,json,0078/00788594,True,4,7,1.0,0.875,,,,0.9166666666666666,0.9166666666666666,0.000639,0.9361,0.6132,0.94,0.3618,0.8492,1.0,1.0,1.0,True,False,0.690075,1.0
gemini38_flash,parametric,json,0067/00677148,True,2,6,0.5,0.75,,,,0.6666666666666666,0.6666666666666666,0.000895,0.9105,0.553,0.881,0.224,0.7467,1.0,1.0,1.0,True,False,0.60855,1.0
gemini38_flash,parametric,json,0093/00937375,True,4,8,1.0,1.0,,,,1.0,1.0,0.000284,0.9716,0.0,0.975,0.4895,0.8105,0.0,1.0,0.998798,False,True,0.5679,0.6662659999999999
gemini38_flash,parametric,json,0072/00726428,True,4,7,1.0,0.875,,,,0.9166666666666666,0.9166666666666666,0.001934,0.8066,0.6087,0.796,0.1691,0.7094,1.0,1.0,1.0,True,False,0.57345,1.0
gemini38_flash,parametric,json,0049/00497058,True,4,8,1.0,1.0,,,,1.0,1.0,5.7e-05,0.9943,0.0,1.0,0.6577,0.8951,1.0,1.0,1.0,False,True,0.636775,1.0
gemini38_flash,parametric,json,0013/00133189,True,3,7,0.75,0.875,,,,0.8333333333333334,0.8333333333333334,0.000539,0.9461,0.4909,0.8706,0.2656,0.5815,1.0,1.0,1.0,True,False,0.571025,1.0
gemini38_flash,parametric,json,0024/00249966,True,3,8,0.75,1.0,,,,0.9166666666666666,0.9166666666666666,0.000772,0.9228,0.6972,0.8725,0.5621,0.7811,1.0,1.0,1.0,True,False,0.7408,1.0
gemini38_flash,parametric,json,0004/00042777,True,4,8,1.0,1.0,,,,1.0,1.0,0.00369,0.631,0.3303,0.6305,0.3497,0.5146,1.0,1.0,1.0,True,False,0.4564,1.0
gemini38_flash,parametric,json,0055/00553999,True,4,7,1.0,0.875,,,,0.9166666666666666,0.9166666666666666,0.006891,0.31089999999999995,0.1773,0.3508,0.0226,0.5697,1.0,1.0,1.0,True,False,0.270125,1.0
gemini38_flash,parametric,json,0068/00681400,True,4,8,1.0,1.0,,,,1.0,1.0,0.000368,0.9632000000000001,0.783,0.9315,0.7457,0.8195,1.0,1.0,1.0,True,False,0.82785,1.0
gemini38_flash,parametric,json,0071/00714935,True,4,7,1.0,0.875,,,,0.9166666666666666,0.9166666666666666,0.000319,0.9681,0.8996,0.9632,0.4203,0.911,1.0,1.0,1.0,True,False,0.79975,1.0
gemini38_flash,parametric,json,0022/00227442,True,4,8,1.0,1.0,,,,1.0,1.0,8.8e-05,0.9912,0.8641,1.0,0.5358,0.9103,1.0,1.0,1.0,True,False,0.82535,1.0
gemini38_flash,parametric,json,0039/00397627,True,3,5,0.75,0.625,,,,0.6666666666666666,0.6666666666666666,0.003008,0.6992,0.4473,0.7626,0.18,0.5645,1.0,1.0,1.0,True,False,0.47275,1.0
gemini38_flash,parametric,json,0026/00268024,True,4,8,1.0,1.0,,,,1.0,1.0,3e-06,0.9997,0.9989,1.0,0.9843,0.9892,1.0,1.0,1.0,True,False,0.993025,1.0
gemini38_flash,parametric,json,0007/00073282,True,4,7,1.0,0.875,,,,0.9166666666666666,0.9166666666666666,0.002405,0.7595000000000001,0.0693,0.8424,0.1295,0.7704,1.0,1.0,1.0,True,False,0.43217500000000003,1.0
gemini38_flash,parametric,json,0036/00369868,True,2,8,0.5,1.0,,,,0.8333333333333334,0.8333333333333334,0.004845,0.5155,0.2566,0.5535,0.1226,0.4536,1.0,1.0,0.99903,True,False,0.337075,0.9996766666666667
gemini38_flash,parametric,json,0084/00844862,True,3,8,0.75,1.0,,,,0.9166666666666666,0.9166666666666666,2.9e-05,0.9971,0.974,1.0,0.8425,0.9422,1.0,1.0,1.0,True,False,0.93895,1.0
gemini38_flash,parametric,json,0026/00268027,True,4,8,1.0,1.0,,,,1.0,1.0,5e-06,0.9995,0.9975,1.0,0.9951,0.9623,1.0,1.0,1.0,True,False,0.9886,1.0
gemini38_flash,parametric,json,0092/00925049,True,4,6,1.0,0.75,,,,0.8333333333333334,0.8333333333333334,0.00032,0.968,0.404,0.9668,0.4932,0.7804,1.0,1.0,1.0,True,False,0.6614,1.0
gemini38_flash,parametric,json,0072/00725542,True,3,7,0.75,0.875,,,,0.8333333333333334,0.8333333333333334,0.000681,0.9319,0.7812,0.9212,0.4265,0.8642,1.0,1.0,1.0,True,False,0.75095,1.0
gemini38_flash,parametric,json,0015/00150938,True,4,8,1.0,1.0,,,,1.0,1.0,0.000258,0.9742,0.785,0.9569,0.6327,0.8724,1.0,1.0,1.0,True,False,0.816075,1.0
gemini38_flash,parametric,json,0072/00726429,True,4,8,1.0,1.0,,,,1.0,1.0,0.001359,0.8641,0.6132,0.8361,0.2916,0.7612,1.0,1.0,1.0,True,False,0.632525,1.0
gemini38_flash,parametric,json,0065/00657969,True,4,8,1.0,1.0,,,,1.0,1.0,0.001261,0.8739,0.3437,0.7293,0.3529,0.548,1.0,1.0,1.0,True,False,0.529625,1.0
gemini38_flash,parametric,json,0031/00310774,True,4,7,1.0,0.875,,,,0.9166666666666666,0.9166666666666666,0.000584,0.9416,0.318,0.8614,0.2854,0.7902,1.0,1.0,0.96718,True,False,0.5838,0.9890599999999999
gemini38_flash,parametric,json,0061/00618813,True,4,8,1.0,1.0,,,,1.0,1.0,0.002018,0.7982,0.6589,0.8865,0.179,0.7082,1.0,1.0,1.0,True,False,0.586075,1.0
gemini38_flash,parametric,json,0030/00307386,True,4,8,1.0,1.0,,,,1.0,1.0,5.5e-05,0.9945,0.9813,0.9992,0.706,0.9342,1.0,1.0,1.0,True,False,0.904,1.0
gemini38_flash,parametric,json,0072/00724192,True,3,8,0.75,1.0,,,,0.9166666666666666,0.9166666666666666,0.000125,0.9875,0.0,0.9904,0.6285,0.8532,0.0,1.0,0.999605,False,True,0.6173,0.666535
gemini38_flash,parametric,json,0018/00189804,True,3,8,0.75,1.0,,,,0.9166666666666666,0.9166666666666666,0.001046,0.8954,0.0,0.8883,0.5204,0.7082,0.0,1.0,0.999838,False,True,0.531,0.6666126666666666
gemini38_flash,parametric,json,0080/00807326,True,3,7,0.75,0.875,,,,0.8333333333333334,0.8333333333333334,0.000312,0.9688,0.7485,0.9543,0.4433,0.7921,1.0,1.0,1.0,True,False,0.738175,1.0
gemini38_flash,parametric,json,0078/00789364,True,3,6,0.75,0.75,,,,0.75,0.75,0.00021,0.979,0.0,0.9761,0.5596,0.8868,1.0,1.0,1.0,False,True,0.60635,1.0
gemini38_flash,parametric,json,0002/00029952,True,3,7,0.75,0.875,,,,0.8333333333333334,0.8333333333333334,5.8e-05,0.9942,0.934,0.9997,0.7293,0.8961,1.0,1.0,1.0,True,False,0.8884,1.0
gemini38_flash,parametric,json,0005/00051224,True,4,8,1.0,1.0,,,,1.0,1.0,0.000213,0.9787,0.8766,0.9477,0.6788,0.8673,1.0,1.0,1.0,True,False,0.8503499999999999,1.0
gemini38_flash,parametric,json,0087/00873073,True,3,7,0.75,0.875,,,,0.8333333333333334,0.8333333333333334,0.000523,0.9477,0.4763,0.9106,0.5131,0.8253,1.0,1.0,1.0,True,False,0.6906,1.0
gemini38_flash,parametric,json,0077/00779770,True,3,5,0.75,0.625,,,,0.6666666666666666,0.6666666666666666,0.002205,0.7795,0.0551,0.6579,0.0758,0.4255,1.0,1.0,1.0,True,False,0.33397499999999997,1.0
gemini38_flash,parametric,json,0077/00778195,True,4,8,1.0,1.0,,,,1.0,1.0,0.001796,0.8204,0.0999,0.7064,0.1769,0.5474,1.0,1.0,1.0,True,False,0.41115,1.0
gemini38_flash,parametric,json,0039/00397628,True,4,8,1.0,1.0,,,,1.0,1.0,0.004796,0.5204,0.3409,0.6343,0.104,0.5079,1.0,1.0,1.0,True,False,0.3683,1.0
gemini38_flash,parametric,json,0008/00089777,True,4,8,1.0,1.0,,,,1.0,1.0,0.00028,0.972,0.9273,0.9423,0.4576,0.9409,1.0,1.0,1.0,True,False,0.82445,1.0
gemini38_flash,parametric,json,0075/00758810,True,4,7,1.0,0.875,,,,0.9166666666666666,0.9166666666666666,0.001377,0.8623000000000001,0.4179,0.801,0.3407,0.6169,1.0,1.0,1.0,True,False,0.55945,1.0
gemini38_flash,parametric,json,0028/00284926,True,3,7,0.75,0.875,,,,0.8333333333333334,0.8333333333333334,0.000148,0.9852,0.7588,0.9632,0.7631,0.8083,1.0,1.0,1.0,True,False,0.82885,1.0
gemini38_flash,parametric,json,0074/00741629,True,3,6,0.75,0.75,,,,0.75,0.75,0.001636,0.8364,0.4351,0.7398,0.0583,0.5962,1.0,1.0,1.0,True,False,0.4815,1.0
gemini38_flash,parametric,json,0097/00973497,True,4,8,1.0,1.0,,,,1.0,1.0,0.001024,0.8976,0.2038,0.8838,0.4272,0.7363,1.0,1.0,1.0,True,False,0.566225,1.0
gemini38_flash,parametric,json,0047/00474303,True,1,7,0.25,0.875,,,,0.6666666666666666,0.6666666666666666,0.002037,0.7963,0.3638,0.7526,0.1487,0.703,1.0,1.0,1.0,True,False,0.50295,1.0
gemini38_flash,parametric,json,0061/00616188,True,3,8,0.75,1.0,,,,0.9166666666666666,0.9166666666666666,9.8e-05,0.9902,0.9082,0.9827,0.7735,0.8815,1.0,1.0,1.0,True,False,0.88835,1.0
gemini38_flash,parametric,json,0005/00051572,True,4,8,1.0,1.0,,,,1.0,1.0,6e-06,0.9994,0.9991,1.0,0.9606,0.9918,1.0,1.0,1.0,True,False,0.987725,1.0
gemini38_flash,parametric,json,0025/00253807,True,4,7,1.0,0.875,,,,0.9166666666666666,0.9166666666666666,0.003763,0.6237,0.2255,0.5541,0.1058,0.5417,1.0,1.0,1.0,True,False,0.374175,1.0
gemini38_flash,parametric,json,0024/00242128,True,4,7,1.0,0.875,,,,0.9166666666666666,0.9166666666666666,0.00037,0.963,0.4271,0.9516,0.4857,0.8454,1.0,1.0,1.0,True,False,0.6803,1.0
gemini38_flash,parametric,json,0029/00292492,True,3,6,0.75,0.75,,,,0.75,0.75,0.000709,0.9291,0.4883,0.8046,0.0611,0.6702,1.0,1.0,1.0,True,False,0.5371750000000001,1.0
gemini38_flash,parametric,json,0054/00547865,True,3,8,0.75,1.0,,,,0.9166666666666666,0.9166666666666666,1.8e-05,0.9982,0.9946,1.0,0.8905,0.9688,1.0,1.0,1.0,True,False,0.963025,1.0
gemini38_flash,parametric,json,0005/00052091,True,3,8,0.75,1.0,,,,0.9166666666666666,0.9166666666666666,0.000483,0.9517,0.7931,0.9365,0.4219,0.8253,1.0,1.0,1.0,True,False,0.748,1.0
gemini38_flash,parametric,json,0034/00344679,True,3,5,0.75,0.625,,,,0.6666666666666666,0.6666666666666666,0.003056,0.6944,0.6237,0.6901,0.1497,0.6018,1.0,1.0,1.0,True,False,0.5174,1.0
gemini38_flash,parametric,json,0092/00923543,True,3,8,0.75,1.0,,,,0.9166666666666666,0.9166666666666666,0.00058,0.942,0.5554,0.8815,0.6191,0.7008,1.0,1.0,1.0,True,False,0.704325,1.0
gemini38_flash,parametric,json,0024/00242859,True,4,4,1.0,0.5,,,,0.6666666666666666,0.6666666666666666,0.000621,0.9379,0.6593,0.828,0.1959,0.6978,1.0,1.0,1.0,True,False,0.622725,1.0
gemini38_flash,parametric,json,0079/00790247,True,4,7,1.0,0.875,,,,0.9166666666666666,0.9166666666666666,6e-05,0.994,0.9959,1.0,0.6111,0.9475,1.0,1.0,1.0,True,False,0.8871249999999999,1.0
gemini38_flash,parametric,json,0084/00843879,True,3,7,0.75,0.875,,,,0.8333333333333334,0.8333333333333334,0.000429,0.9571,0.7376,0.8901,0.5166,0.7754,1.0,1.0,1.0,True,False,0.746675,1.0
gemini38_flash,parametric,json,0010/00108226,True,3,6,0.75,0.75,,,,0.75,0.75,0.001056,0.8944,0.547,0.8843,0.4147,0.7484,1.0,1.0,1.0,True,False,0.651125,1.0
gemini38_flash,parametric,json,0026/00268031,True,4,6,1.0,0.75,,,,0.8333333333333334,0.8333333333333334,0.00062,0.938,0.5367,0.9564,0.4626,0.8653,1.0,1.0,1.0,True,False,0.70065,1.0
gemini38_flash,parametric,json,0022/00225399,True,3,7,0.75,0.875,,,,0.8333333333333334,0.8333333333333334,0.000804,0.9196,0.7724,0.8822,0.2125,0.7645,1.0,1.0,1.0,True,False,0.66725,1.0
gemini38_flash,parametric,json,0057/00570258,True,2,7,0.5,0.875,,,,0.75,0.75,0.000835,0.9165,0.8074,0.9779,0.4599,0.9513,1.0,1.0,1.0,True,False,0.783775,1.0
gemini38_flash,parametric,json,0010/00101896,True,3,6,0.75,0.75,,,,0.75,0.75,0.001075,0.8925,0.7351,0.8658,0.1992,0.7859,1.0,1.0,0.997067,True,False,0.653175,0.9990223333333333
gemini38_flash,parametric,json,0061/00619989,True,1,7,0.25,0.875,,,,0.6666666666666666,0.6666666666666666,0.001939,0.8061,0.7111,0.8061,0.1044,0.7681,1.0,1.0,1.0,True,False,0.597425,1.0
gemini38_flash,parametric,json,0022/00226013,True,4,8,1.0,1.0,,,,1.0,1.0,0.000243,0.9757,0.8486,0.9769,0.3602,0.8703,1.0,1.0,1.0,True,False,0.7637,1.0
gemini38_flash,parametric,json,0052/00523563,True,3,7,0.75,0.875,,,,0.8333333333333334,0.8333333333333334,0.002965,0.7035,0.6488,0.6327,0.2204,0.6496,1.0,1.0,1.0,True,False,0.555575,1.0
gemini38_flash,parametric,json,0036/00361447,True,4,8,1.0,1.0,,,,1.0,1.0,0.000115,0.9885,0.8818,0.9905,0.574,0.79,1.0,1.0,1.0,True,False,0.808575,1.0
gemini38_flash,parametric,json,0070/00709862,True,4,8,1.0,1.0,,,,1.0,1.0,7e-05,0.993,0.9765,1.0,0.5768,0.8611,1.0,1.0,1.0,True,False,0.85185,1.0
gemini38_flash,parametric,json,0054/00541109,True,4,6,1.0,0.75,,,,0.8333333333333334,0.8333333333333334,0.003083,0.6917,0.3003,0.6564,0.1912,0.4972,1.0,1.0,0.970717,True,False,0.4201,0.990239
gemini38_flash,parametric,json,0086/00866616,True,3,7,0.75,0.875,,,,0.8333333333333334,0.8333333333333334,6e-05,0.994,0.8771,0.9926,0.8496,0.9312,1.0,1.0,1.0,True,False,0.912975,1.0
gemini38_flash,parametric,json,0027/00279318,True,3,8,0.75,1.0,,,,0.9166666666666666,0.9166666666666666,0.000565,0.9435,0.3833,0.8704,0.4774,0.6988,1.0,1.0,1.0,True,False,0.62575,1.0
gemini38_flash,parametric,json,0082/00827203,True,4,8,1.0,1.0,,,,1.0,1.0,0.000205,0.9795,0.7398,0.9724,0.5713,0.9037,1.0,1.0,1.0,True,False,0.798575,1.0
gemini38_flash,parametric,json,0039/00391450,True,0,3,0.0,0.375,,,,0.25,0.25,0.004155,0.5845,0.5231,0.5326,0.1577,0.7168,1.0,1.0,1.0,True,False,0.495525,1.0
gemini38_flash,parametric,json,0013/00135378,True,3,7,0.75,0.875,,,,0.8333333333333334,0.8333333333333334,0.000185,0.9815,0.8679,0.9591,0.6676,0.8723,1.0,1.0,1.0,True,False,0.847325,1.0
gemini38_flash,parametric,json,0093/00934405,True,4,7,1.0,0.875,,,,0.9166666666666666,0.9166666666666666,0.000732,0.9268,0.4607,0.8592,0.2314,0.706,1.0,1.0,1.0,True,False,0.581225,1.0
gemini38_flash,parametric,json,0056/00568816,True,3,8,0.75,1.0,,,,0.9166666666666666,0.9166666666666666,0.000426,0.9574,0.367,0.8893,0.2532,0.577,1.0,1.0,1.0,True,False,0.53865,1.0
gemini38_flash,parametric,json,0072/00728052,True,3,8,0.75,1.0,,,,0.9166666666666666,0.9166666666666666,0.000426,0.9574,0.8623,0.9528,0.5331,0.892,1.0,1.0,1.0,True,False,0.8112,1.0
gemini38_flash,parametric,json,0021/00210983,True,4,8,1.0,1.0,,,,1.0,1.0,0.001508,0.8492,0.0,0.7682,0.3626,0.7863,0.0,1.0,0.995204,False,True,0.499525,0.665068
gemini38_flash,parametric,json,0046/00460772,True,4,8,1.0,1.0,,,,1.0,1.0,0.000314,0.9686,0.6549,0.942,0.4007,0.7552,1.0,1.0,1.0,True,False,0.69485,1.0
gemini38_flash,parametric,openscad,0085/00852511,True,4,8,1.0,1.0,,,,1.0,1.0,0.000146,0.9854,0.9594,0.9717,0.7828,0.8705,1.0,1.0,1.0,True,False,0.899525,1.0
gemini38_flash,parametric,openscad,0009/00099014,True,4,8,1.0,1.0,,,,1.0,1.0,8.8e-05,0.9912,0.9972,1.0,0.4761,0.9426,1.0,1.0,1.0,True,False,0.851775,1.0
gemini38_flash,parametric,openscad,0071/00710826,True,4,8,1.0,1.0,,,,1.0,1.0,0.000745,0.9255,0.5563,0.8781,0.3415,0.7648,1.0,1.0,1.0,True,False,0.647025,1.0
gemini38_flash,parametric,openscad,0005/00057589,True,4,6,1.0,0.75,,,,0.8333333333333334,0.8333333333333334,0.000115,0.9885,0.68,0.9831,0.5822,0.9064,1.0,1.0,1.0,True,False,0.7892750000000001,1.0
gemini38_flash,parametric,openscad,0015/00155951,True,4,8,1.0,1.0,,,,1.0,1.0,0.000272,0.9728,0.888,0.9421,0.4868,0.8818,1.0,1.0,1.0,True,False,0.80735,1.0
gemini38_flash,parametric,openscad,0013/00134405,True,4,8,1.0,1.0,,,,1.0,1.0,2.8e-05,0.9972,0.9048,1.0,0.8549,0.8828,1.0,1.0,1.0,True,False,0.909925,1.0
gemini38_flash,parametric,openscad,0053/00531353,True,4,8,1.0,1.0,,,,1.0,1.0,3.5e-05,0.9965,0.9961,1.0,0.7982,0.9532,1.0,1.0,1.0,True,False,0.936,1.0
gemini38_flash,parametric,openscad,0094/00941813,True,4,8,1.0,1.0,,,,1.0,1.0,0.000124,0.9876,0.981,0.9999,0.366,0.9226,1.0,1.0,1.0,True,False,0.8143,1.0
gemini38_flash,parametric,openscad,0081/00817410,True,4,8,1.0,1.0,,,,1.0,1.0,0.000154,0.9846,0.816,0.9822,0.5503,0.8469,1.0,1.0,1.0,True,False,0.79945,1.0
gemini38_flash,parametric,openscad,0045/00457640,True,4,7,1.0,0.875,,,,0.9166666666666666,0.9166666666666666,0.000194,0.9806,0.5686,0.9998,0.2889,0.9,1.0,1.0,1.0,True,False,0.684525,1.0
gemini38_flash,parametric,openscad,0047/00478097,True,4,8,1.0,1.0,,,,1.0,1.0,6.8e-05,0.9932,0.9532,0.9973,0.6062,0.9144,1.0,1.0,1.0,True,False,0.86675,1.0
gemini38_flash,parametric,openscad,0013/00135353,True,4,8,1.0,1.0,,,,1.0,1.0,0.000348,0.9652000000000001,0.644,0.9326,0.3504,0.7331,1.0,1.0,1.0,True,False,0.673175,1.0
gemini38_flash,parametric,openscad,0062/00621494,True,4,8,1.0,1.0,,,,1.0,1.0,0.000562,0.9438,0.5504,0.9071,0.3126,0.8055,1.0,1.0,1.0,True,False,0.653075,1.0
gemini38_flash,parametric,openscad,0016/00169954,True,2,8,0.5,1.0,,,,0.8333333333333334,0.8333333333333334,0.002423,0.7577,0.1071,0.7013,0.1981,0.5226,1.0,1.0,1.0,True,False,0.396375,1.0
gemini38_flash,parametric,openscad,0039/00390147,True,4,7,1.0,0.875,,,,0.9166666666666666,0.9166666666666666,0.001132,0.8868,0.6178,0.8765,0.3129,0.7262,1.0,1.0,1.0,True,False,0.635925,1.0
gemini38_flash,parametric,openscad,0089/00895528,True,3,8,0.75,1.0,,,,0.9166666666666666,0.9166666666666666,0.003394,0.6606000000000001,0.276,0.6283,0.0612,0.6103,1.0,1.0,1.0,True,False,0.402025,1.0
gemini38_flash,parametric,openscad,0030/00306122,True,4,5,1.0,0.625,,,,0.75,0.75,0.001256,0.8744000000000001,0.3398,0.7974,0.0986,0.5703,1.0,1.0,1.0,True,False,0.470775,1.0
gemini38_flash,parametric,openscad,0070/00706059,True,3,5,0.75,0.625,,,,0.6666666666666666,0.6666666666666666,0.000257,0.9742999999999999,0.872,0.953,0.4012,0.8736,1.0,1.0,1.0,True,False,0.780275,1.0
gemini38_flash,parametric,openscad,0008/00086411,True,3,7,0.75,0.875,,,,0.8333333333333334,0.8333333333333334,0.004566,0.5434000000000001,0.1193,0.4537,0.136,0.38,1.0,1.0,1.0,True,False,0.294675,1.0
gemini38_flash,parametric,openscad,0073/00732007,True,4,4,1.0,0.5,,,,0.6666666666666666,0.6666666666666666,0.000376,0.9624,0.6568,0.9214,0.6765,0.8448,1.0,1.0,1.0,True,False,0.7851250000000001,1.0
gemini38_flash,parametric,openscad,0010/00103639,True,3,8,0.75,1.0,,,,0.9166666666666666,0.9166666666666666,0.000129,0.9871,0.6065,0.9703,0.8341,0.7717,1.0,1.0,1.0,True,False,0.79985,1.0
gemini38_flash,parametric,openscad,0019/00199917,True,4,8,1.0,1.0,,,,1.0,1.0,0.001027,0.8973,0.6518,0.8954,0.3051,0.7302,1.0,1.0,1.0,True,False,0.6461,1.0
gemini38_flash,parametric,openscad,0035/00350534,True,3,8,0.75,1.0,,,,0.9166666666666666,0.9166666666666666,0.000718,0.9282,0.6913,0.8912,0.2671,0.7765,1.0,1.0,1.0,True,False,0.665775,1.0
gemini38_flash,parametric,openscad,0043/00431078,True,4,8,1.0,1.0,,,,1.0,1.0,0.000234,0.9766,0.7512,0.9765,0.4645,0.847,1.0,1.0,1.0,True,False,0.759825,1.0
gemini38_flash,parametric,openscad,0073/00737056,True,4,8,1.0,1.0,,,,1.0,1.0,0.000554,0.9446,0.4438,0.9203,0.3176,0.8474,1.0,1.0,1.0,True,False,0.63835,1.0
gemini38_flash,parametric,openscad,0078/00788594,True,4,8,1.0,1.0,,,,1.0,1.0,0.00013,0.987,0.8106,0.9854,0.4832,0.8629,1.0,1.0,1.0,True,False,0.785925,1.0
gemini38_flash,parametric,openscad,0067/00677148,True,3,8,0.75,1.0,,,,0.9166666666666666,0.9166666666666666,0.000835,0.9165,0.5329,0.8103,0.2338,0.7277,1.0,1.0,1.0,True,False,0.602725,1.0
gemini38_flash,parametric,openscad,0093/00937375,True,4,8,1.0,1.0,,,,1.0,1.0,0.000268,0.9732,0.7852,0.971,0.5096,0.8624,1.0,1.0,1.0,True,False,0.7826,1.0
gemini38_flash,parametric,openscad,0072/00726428,True,4,7,1.0,0.875,,,,0.9166666666666666,0.9166666666666666,0.002067,0.7933,0.5946,0.7863,0.164,0.6928,1.0,1.0,1.0,True,False,0.561175,1.0
gemini38_flash,parametric,openscad,0049/00497058,True,4,8,1.0,1.0,,,,1.0,1.0,0.000214,0.9786,0.0,0.9542,0.2258,0.7928,1.0,1.0,1.0,False,True,0.49929999999999997,1.0
gemini38_flash,parametric,openscad,0013/00133189,True,4,8,1.0,1.0,,,,1.0,1.0,0.000499,0.9501,0.5088,0.8807,0.2893,0.6014,1.0,1.0,1.0,True,False,0.5874,1.0
gemini38_flash,parametric,openscad,0024/00249966,True,3,8,0.75,1.0,,,,0.9166666666666666,0.9166666666666666,0.000511,0.9489,0.7295,0.9063,0.5856,0.8046,1.0,1.0,1.0,True,False,0.76715,1.0
gemini38_flash,parametric,openscad,0004/00042777,True,4,8,1.0,1.0,,,,1.0,1.0,0.003613,0.6387,0.3314,0.6377,0.3497,0.5012,1.0,1.0,1.0,True,False,0.45525,1.0
gemini38_flash,parametric,openscad,0055/00553999,True,4,8,1.0,1.0,,,,1.0,1.0,0.000921,0.9079,0.7391,0.8701,0.4016,0.8978,1.0,1.0,1.0,True,False,0.7366,1.0
gemini38_flash,parametric,openscad,0068/00681400,True,4,8,1.0,1.0,,,,1.0,1.0,0.000194,0.9806,0.9166,0.9688,0.7933,0.8787,1.0,1.0,1.0,True,False,0.8923,1.0
gemini38_flash,parametric,openscad,0071/00714935,True,4,8,1.0,1.0,,,,1.0,1.0,0.000788,0.9212,0.8401,0.9429,0.3218,0.8867,1.0,1.0,1.0,True,False,0.74245,1.0
gemini38_flash,parametric,openscad,0022/00227442,True,4,7,1.0,0.875,,,,0.9166666666666666,0.9166666666666666,0.000124,0.9876,0.8084,0.9943,0.5068,0.8916,1.0,1.0,1.0,True,False,0.7986,1.0
gemini38_flash,parametric,openscad,0039/00397627,True,3,7,0.75,0.875,,,,0.8333333333333334,0.8333333333333334,0.002864,0.7136,0.4899,0.766,0.1891,0.5707,1.0,1.0,1.0,True,False,0.490825,1.0
gemini38_flash,parametric,openscad,0026/00268024,True,4,8,1.0,1.0,,,,1.0,1.0,2.7e-05,0.9973,0.9953,1.0,0.8771,0.9306,1.0,1.0,1.0,True,False,0.950075,1.0
gemini38_flash,parametric,openscad,0007/00073282,True,4,8,1.0,1.0,,,,1.0,1.0,0.000877,0.9123,0.3968,0.8807,0.3847,0.8336,1.0,1.0,1.0,True,False,0.63185,1.0
gemini38_flash,parametric,openscad,0036/00369868,True,4,8,1.0,1.0,,,,1.0,1.0,0.000541,0.9459,0.7202,0.8873,0.3058,0.767,1.0,1.0,1.0,True,False,0.684725,1.0
gemini38_flash,parametric,openscad,0084/00844862,True,4,8,1.0,1.0,,,,1.0,1.0,4e-05,0.996,0.9864,1.0,0.7559,0.9366,1.0,1.0,1.0,True,False,0.918725,1.0
gemini38_flash,parametric,openscad,0026/00268027,True,4,8,1.0,1.0,,,,1.0,1.0,1.3e-05,0.9987,0.9811,1.0,0.9865,0.9103,1.0,1.0,1.0,True,False,0.96915,1.0
gemini38_flash,parametric,openscad,0092/00925049,True,4,8,1.0,1.0,,,,1.0,1.0,0.000332,0.9668,0.4002,0.9634,0.5012,0.7784,1.0,1.0,1.0,True,False,0.66165,1.0
gemini38_flash,parametric,openscad,0072/00725542,True,4,7,1.0,0.875,,,,0.9166666666666666,0.9166666666666666,0.000407,0.9593,0.8288,0.9483,0.4743,0.8661,1.0,1.0,1.0,True,False,0.782125,1.0
gemini38_flash,parametric,openscad,0015/00150938,True,3,8,0.75,1.0,,,,0.9166666666666666,0.9166666666666666,0.000287,0.9713,0.7773,0.954,0.5042,0.8582,1.0,1.0,1.0,True,False,0.7777499999999999,1.0
gemini38_flash,parametric,openscad,0072/00726429,True,3,7,0.75,0.875,,,,0.8333333333333334,0.8333333333333334,0.001406,0.8594,0.6259,0.8313,0.328,0.7624,1.0,1.0,1.0,True,False,0.643925,1.0
gemini38_flash,parametric,openscad,0065/00657969,True,4,8,1.0,1.0,,,,1.0,1.0,0.001234,0.8766,0.3479,0.7452,0.3598,0.5575,1.0,1.0,1.0,True,False,0.53545,1.0
gemini38_flash,parametric,openscad,0031/00310774,True,4,7,1.0,0.875,,,,0.9166666666666666,0.9166666666666666,0.000355,0.9645,0.5261,0.8989,0.5103,0.8058,1.0,1.0,1.0,True,False,0.701675,1.0
gemini38_flash,parametric,openscad,0061/00618813,True,3,8,0.75,1.0,,,,0.9166666666666666,0.9166666666666666,0.000457,0.9543,0.7914,0.973,0.4538,0.8917,1.0,1.0,1.0,True,False,0.7728,1.0
gemini38_flash,parametric,openscad,0030/00307386,True,4,8,1.0,1.0,,,,1.0,1.0,5e-05,0.995,0.9842,1.0,0.6981,0.9377,1.0,1.0,0.999671,True,False,0.90375,0.9998903333333334
gemini38_flash,parametric,openscad,0072/00724192,True,4,8,1.0,1.0,,,,1.0,1.0,0.00016,0.984,0.7151,0.9752,0.5125,0.823,1.0,1.0,1.0,True,False,0.7586499999999999,1.0
gemini38_flash,parametric,openscad,0018/00189804,True,4,8,1.0,1.0,,,,1.0,1.0,0.000888,0.9112,0.0,0.8966,0.5209,0.7034,1.0,1.0,0.994505,False,True,0.533875,0.9981683333333334
gemini38_flash,parametric,openscad,0080/00807326,True,3,7,0.75,0.875,,,,0.8333333333333334,0.8333333333333334,0.000318,0.9682,0.7503,0.9523,0.4719,0.7928,1.0,1.0,1.0,True,False,0.7458,1.0
gemini38_flash,parametric,openscad,0078/00789364,True,4,8,1.0,1.0,,,,1.0,1.0,8.9e-05,0.9911,0.0,1.0,0.5265,0.9029,1.0,1.0,1.0,False,True,0.605125,1.0
gemini38_flash,parametric,openscad,0002/00029952,True,4,8,1.0,1.0,,,,1.0,1.0,4.3e-05,0.9957,0.9888,1.0,0.7262,0.9269,1.0,1.0,1.0,True,False,0.9094,1.0
gemini38_flash,parametric,openscad,0005/00051224,True,4,8,1.0,1.0,,,,1.0,1.0,0.000234,0.9766,0.7867,0.9608,0.5243,0.8675,1.0,1.0,1.0,True,False,0.788775,1.0
gemini38_flash,parametric,openscad,0087/00873073,True,4,7,1.0,0.875,,,,0.9166666666666666,0.9166666666666666,0.000523,0.9477,0.4721,0.9102,0.5168,0.8195,1.0,1.0,1.0,True,False,0.689025,1.0
gemini38_flash,parametric,openscad,0077/00779770,True,4,5,1.0,0.625,,,,0.75,0.75,0.002218,0.7782,0.0545,0.6627,0.0662,0.425,1.0,1.0,1.0,True,False,0.330975,1.0
gemini38_flash,parametric,openscad,0077/00778195,True,4,7,1.0,0.875,,,,0.9166666666666666,0.9166666666666666,0.001035,0.8965000000000001,0.1954,0.8027,0.2103,0.4564,1.0,1.0,1.0,True,False,0.43965,1.0
gemini38_flash,parametric,openscad,0039/00397628,True,4,7,1.0,0.875,,,,0.9166666666666666,0.9166666666666666,0.00391,0.609,0.3619,0.6923,0.1646,0.5471,1.0,1.0,1.0,True,False,0.42065,1.0
gemini38_flash,parametric,openscad,0008/00089777,True,4,8,1.0,1.0,,,,1.0,1.0,0.000293,0.9707,0.9257,0.9404,0.4065,0.9387,1.0,1.0,1.0,True,False,0.8104,1.0
gemini38_flash,parametric,openscad,0075/00758810,True,4,8,1.0,1.0,,,,1.0,1.0,0.001296,0.8704000000000001,0.4218,0.8078,0.347,0.6253,1.0,1.0,1.0,True,False,0.566125,1.0
gemini38_flash,parametric,openscad,0028/00284926,True,4,8,1.0,1.0,,,,1.0,1.0,0.000156,0.9844,0.7651,0.9622,0.7557,0.8046,1.0,1.0,1.0,True,False,0.82745,1.0
gemini38_flash,parametric,openscad,0074/00741629,True,3,8,0.75,1.0,,,,0.9166666666666666,0.9166666666666666,0.00073,0.927,0.6916,0.8953,0.36,0.7919,1.0,1.0,1.0,True,False,0.692625,1.0
gemini38_flash,parametric,openscad,0097/00973497,True,4,8,1.0,1.0,,,,1.0,1.0,0.000596,0.9404,0.458,0.8506,0.5505,0.7018,1.0,1.0,1.0,True,False,0.662675,1.0
gemini38_flash,parametric,openscad,0047/00474303,True,2,7,0.5,0.875,,,,0.75,0.75,0.001227,0.8773,0.2661,0.8434,0.2284,0.7702,1.0,1.0,1.0,True,False,0.5355,1.0
gemini38_flash,parametric,openscad,0061/00616188,True,4,8,1.0,1.0,,,,1.0,1.0,0.00021,0.979,0.8454,0.9482,0.7199,0.8435,1.0,1.0,1.0,True,False,0.84695,1.0
gemini38_flash,parametric,openscad,0005/00051572,True,4,8,1.0,1.0,,,,1.0,1.0,4.6e-05,0.9954,0.9853,1.0,0.7112,0.9245,1.0,1.0,1.0,True,False,0.9041,1.0
gemini38_flash,parametric,openscad,0025/00253807,True,4,8,1.0,1.0,,,,1.0,1.0,0.000691,0.9309000000000001,0.5685,0.8662,0.4227,0.7267,1.0,1.0,1.0,True,False,0.6622,1.0
gemini38_flash,parametric,openscad,0024/00242128,True,4,8,1.0,1.0,,,,1.0,1.0,0.000387,0.9613,0.4178,0.9494,0.4795,0.842,1.0,1.0,1.0,True,False,0.67515,1.0
gemini38_flash,parametric,openscad,0029/00292492,True,4,8,1.0,1.0,,,,1.0,1.0,0.000435,0.9565,0.5403,0.9088,0.3519,0.7091,1.0,1.0,1.0,True,False,0.63945,1.0
gemini38_flash,parametric,openscad,0054/00547865,True,4,8,1.0,1.0,,,,1.0,1.0,4.9e-05,0.9951,0.9916,1.0,0.6882,0.9459,1.0,1.0,1.0,True,False,0.9052,1.0
gemini38_flash,parametric,openscad,0005/00052091,True,3,8,0.75,1.0,,,,0.9166666666666666,0.9166666666666666,0.000438,0.9562,0.8067,0.9384,0.4274,0.8361,1.0,1.0,1.0,True,False,0.7565999999999999,1.0
gemini38_flash,parametric,openscad,0034/00344679,True,2,6,0.5,0.75,,,,0.6666666666666666,0.6666666666666666,0.003045,0.6955,0.6257,0.6895,0.1533,0.6026,1.0,1.0,1.0,True,False,0.519275,1.0
gemini38_flash,parametric,openscad,0092/00923543,True,3,8,0.75,1.0,,,,0.9166666666666666,0.9166666666666666,0.000575,0.9425,0.5704,0.8872,0.6013,0.6887,1.0,1.0,1.0,True,False,0.700725,1.0
gemini38_flash,parametric,openscad,0024/00242859,True,4,3,1.0,0.375,,,,0.5833333333333334,0.5833333333333334,0.000965,0.9035,0.6599,0.8269,0.2227,0.6796,1.0,1.0,1.0,True,False,0.616425,1.0
gemini38_flash,parametric,openscad,0079/00790247,True,4,8,1.0,1.0,,,,1.0,1.0,6e-05,0.994,0.9977,1.0,0.6086,0.9534,1.0,1.0,1.0,True,False,0.888425,1.0
gemini38_flash,parametric,openscad,0084/00843879,True,3,7,0.75,0.875,,,,0.8333333333333334,0.8333333333333334,0.000426,0.9574,0.7446,0.8911,0.5228,0.7822,1.0,1.0,1.0,True,False,0.75175,1.0
gemini38_flash,parametric,openscad,0010/00108226,True,3,7,0.75,0.875,,,,0.8333333333333334,0.8333333333333334,6.2e-05,0.9938,0.932,1.0,0.6479,0.898,1.0,1.0,1.0,True,False,0.8679250000000001,1.0
gemini38_flash,parametric,openscad,0026/00268031,True,4,7,1.0,0.875,,,,0.9166666666666666,0.9166666666666666,0.000627,0.9373,0.5239,0.9566,0.2407,0.852,1.0,1.0,1.0,True,False,0.638475,1.0
gemini38_flash,parametric,openscad,0022/00225399,True,3,8,0.75,1.0,,,,0.9166666666666666,0.9166666666666666,0.000834,0.9166,0.7686,0.879,0.2106,0.7695,1.0,1.0,1.0,True,False,0.666325,1.0
gemini38_flash,parametric,openscad,0057/00570258,True,4,8,1.0,1.0,,,,1.0,1.0,0.000133,0.9867,0.8075,0.9997,0.3308,0.9588,1.0,1.0,1.0,True,False,0.77095,1.0
gemini38_flash,parametric,openscad,0010/00101896,True,4,6,1.0,0.75,,,,0.8333333333333334,0.8333333333333334,0.000693,0.9307,0.8136,0.9135,0.2718,0.8649,1.0,1.0,0.998741,True,False,0.72025,0.9995803333333333
gemini38_flash,parametric,openscad,0061/00619989,True,3,8,0.75,1.0,,,,0.9166666666666666,0.9166666666666666,0.000985,0.9015,0.733,0.8917,0.1157,0.7768,1.0,1.0,1.0,True,False,0.63175,1.0
gemini38_flash,parametric,openscad,0022/00226013,True,4,8,1.0,1.0,,,,1.0,1.0,0.000245,0.9755,0.853,0.9755,0.367,0.8739,1.0,1.0,1.0,True,False,0.76735,1.0
gemini38_flash,parametric,openscad,0052/00523563,True,4,8,1.0,1.0,,,,1.0,1.0,0.001478,0.8522000000000001,0.7404,0.8111,0.3061,0.7299,1.0,1.0,1.0,True,False,0.65715,1.0
gemini38_flash,parametric,openscad,0036/00361447,True,4,8,1.0,1.0,,,,1.0,1.0,0.000115,0.9885,0.8822,0.9926,0.5802,0.7884,1.0,1.0,1.0,True,False,0.809825,1.0
gemini38_flash,parametric,openscad,0070/00709862,True,4,7,1.0,0.875,,,,0.9166666666666666,0.9166666666666666,7.7e-05,0.9923,0.9319,0.9995,0.5755,0.8295,1.0,1.0,1.0,True,False,0.8323,1.0
gemini38_flash,parametric,openscad,0054/00541109,True,4,8,1.0,1.0,,,,1.0,1.0,0.003019,0.6980999999999999,0.2865,0.6636,0.0658,0.5132,1.0,1.0,1.0,True,False,0.39089999999999997,1.0
gemini38_flash,parametric,openscad,0086/00866616,True,4,8,1.0,1.0,,,,1.0,1.0,5.5e-05,0.9945,0.8445,0.9932,0.8193,0.9168,1.0,1.0,1.0,True,False,0.893775,1.0
gemini38_flash,parametric,openscad,0027/00279318,True,3,8,0.75,1.0,,,,0.9166666666666666,0.9166666666666666,0.000823,0.9177,0.1806,0.8284,0.2883,0.5895,1.0,1.0,1.0,True,False,0.494025,1.0
gemini38_flash,parametric,openscad,0082/00827203,True,4,8,1.0,1.0,,,,1.0,1.0,0.00019,0.981,0.7982,0.9737,0.6086,0.9278,1.0,1.0,1.0,True,False,0.8289,1.0
gemini38_flash,parametric,openscad,0039/00391450,True,0,2,0.0,0.25,,,,0.16666666666666666,0.16666666666666666,0.002748,0.7252000000000001,0.2778,0.5613,0.1,0.6562,1.0,1.0,1.0,True,False,0.4398,1.0
gemini38_flash,parametric,openscad,0013/00135378,True,4,8,1.0,1.0,,,,1.0,1.0,0.000356,0.9644,0.6559,0.9053,0.2614,0.7944,1.0,1.0,1.0,True,False,0.669025,1.0
gemini38_flash,parametric,openscad,0093/00934405,True,3,7,0.75,0.875,,,,0.8333333333333334,0.8333333333333334,0.000543,0.9457,0.4208,0.9006,0.1209,0.6465,1.0,1.0,1.0,True,False,0.533475,1.0
gemini38_flash,parametric,openscad,0056/00568816,True,4,6,1.0,0.75,,,,0.8333333333333334,0.8333333333333334,0.000437,0.9563,0.3813,0.8857,0.2601,0.5558,1.0,1.0,1.0,True,False,0.538375,1.0
gemini38_flash,parametric,openscad,0072/00728052,True,3,8,0.75,1.0,,,,0.9166666666666666,0.9166666666666666,0.000366,0.9634,0.881,0.9632,0.4754,0.907,1.0,1.0,1.0,True,False,0.8067,1.0
gemini38_flash,parametric,openscad,0021/00210983,True,4,8,1.0,1.0,,,,1.0,1.0,0.001429,0.8571,0.0,0.7934,0.3984,0.7814,1.0,1.0,1.0,False,True,0.509225,1.0
gemini38_flash,parametric,openscad,0046/00460772,True,3,8,0.75,1.0,,,,0.9166666666666666,0.9166666666666666,4.4e-05,0.9956,0.9858,1.0,0.809,0.9153,1.0,1.0,1.0,True,False,0.926425,1.0
claude_opus5,parametric,json,0085/00852511,True,4,8,1.0,1.0,,,,1.0,1.0,0.000147,0.9853,0.9632,0.9712,0.7771,0.8774,1.0,1.0,1.0,True,False,0.9007499999999999,1.0
claude_opus5,parametric,json,0009/00099014,True,4,8,1.0,1.0,,,,1.0,1.0,3.6e-05,0.9964,0.9988,1.0,0.7848,0.9662,1.0,1.0,1.0,True,False,0.93655,1.0
claude_opus5,parametric,json,0071/00710826,True,3,8,0.75,1.0,,,,0.9166666666666666,0.9166666666666666,0.002598,0.7402,0.2385,0.606,0.1343,0.6537,1.0,1.0,1.0,True,False,0.441675,1.0
claude_opus5,parametric,json,0005/00057589,True,4,6,1.0,0.75,,,,0.8333333333333334,0.8333333333333334,9.2e-05,0.9908,0.7344,0.9853,0.7087,0.9194,1.0,1.0,1.0,True,False,0.838325,1.0
claude_opus5,parametric,json,0015/00155951,True,3,8,0.75,1.0,,,,0.9166666666666666,0.9166666666666666,0.006562,0.3438,0.1727,0.4342,0.0804,0.4904,1.0,1.0,1.0,True,False,0.271825,1.0
claude_opus5,parametric,json,0013/00134405,True,4,8,1.0,1.0,,,,1.0,1.0,0.000845,0.9155,0.3971,0.8552,0.3993,0.6079,1.0,1.0,1.0,True,False,0.57995,1.0
claude_opus5,parametric,json,0053/00531353,True,2,4,0.5,0.5,,,,0.5,0.5,0.000996,0.9004,0.4497,0.7671,0.1641,0.6539,1.0,1.0,0.999041,True,False,0.542025,0.9996803333333334
claude_opus5,parametric,json,0094/00941813,True,4,8,1.0,1.0,,,,1.0,1.0,0.000297,0.9703,0.7759,0.9406,0.3507,0.8827,1.0,1.0,1.0,True,False,0.7449,1.0
claude_opus5,parametric,json,0081/00817410,True,4,8,1.0,1.0,,,,1.0,1.0,0.000139,0.9861,0.8191,0.9832,0.5471,0.8493,1.0,1.0,1.0,True,False,0.8004,1.0
claude_opus5,parametric,json,0045/00457640,True,2,5,0.5,0.625,,,,0.5833333333333334,0.5833333333333334,0.000135,0.9865,0.7452,0.9909,0.3804,0.9265,1.0,1.0,1.0,True,False,0.75965,1.0
claude_opus5,parametric,json,0047/00478097,True,4,8,1.0,1.0,,,,1.0,1.0,6e-05,0.994,0.9449,0.9992,0.6593,0.9159,1.0,1.0,0.994764,True,False,0.878525,0.9982546666666666
claude_opus5,parametric,json,0013/00135353,True,4,8,1.0,1.0,,,,1.0,1.0,0.000413,0.9587,0.615,0.9084,0.304,0.7504,1.0,1.0,1.0,True,False,0.657025,1.0
claude_opus5,parametric,json,0062/00621494,True,1,8,0.25,1.0,,,,0.75,0.75,0.002226,0.7774,0.2386,0.6041,0.0605,0.5774,1.0,1.0,1.0,True,False,0.413475,1.0
claude_opus5,parametric,json,0016/00169954,True,3,8,0.75,1.0,,,,0.9166666666666666,0.9166666666666666,0.002613,0.7387,0.1,0.6898,0.1556,0.4321,1.0,1.0,1.0,True,False,0.35660000000000003,1.0
claude_opus5,parametric,json,0039/00390147,True,4,8,1.0,1.0,,,,1.0,1.0,0.000886,0.9114,0.6709,0.9135,0.3207,0.7396,1.0,1.0,1.0,True,False,0.66065,1.0
claude_opus5,parametric,json,0089/00895528,True,4,5,1.0,0.625,,,,0.75,0.75,0.004531,0.5468999999999999,0.2715,0.5263,0.035,0.5477,1.0,1.0,1.0,True,False,0.350275,1.0
claude_opus5,parametric,json,0030/00306122,True,4,4,1.0,0.5,,,,0.6666666666666666,0.6666666666666666,0.00126,0.874,0.3254,0.7852,0.0985,0.5477,1.0,1.0,1.0,True,False,0.4614,1.0
claude_opus5,parametric,json,0070/00706059,True,3,6,0.75,0.75,,,,0.75,0.75,0.000393,0.9607,0.8109,0.9285,0.3619,0.8286,1.0,1.0,1.0,True,False,0.740525,1.0
claude_opus5,parametric,json,0008/00086411,True,3,8,0.75,1.0,,,,0.9166666666666666,0.9166666666666666,0.004688,0.5311999999999999,0.1171,0.4302,0.1552,0.3929,1.0,1.0,1.0,True,False,0.2991,1.0
claude_opus5,parametric,json,0073/00732007,True,2,5,0.5,0.625,,,,0.5833333333333334,0.5833333333333334,0.001347,0.8653,0.3074,0.7963,0.3557,0.6805,1.0,1.0,1.0,True,False,0.552225,1.0
claude_opus5,parametric,json,0010/00103639,True,4,7,1.0,0.875,,,,0.9166666666666666,0.9166666666666666,0.000132,0.9868,0.5966,0.97,0.8294,0.7658,1.0,1.0,1.0,True,False,0.7946500000000001,1.0
claude_opus5,parametric,json,0019/00199917,True,4,8,1.0,1.0,,,,1.0,1.0,0.001154,0.8846,0.5745,0.8577,0.158,0.6937,1.0,1.0,1.0,True,False,0.5777,1.0
claude_opus5,parametric,json,0035/00350534,True,2,5,0.5,0.625,,,,0.5833333333333334,0.5833333333333334,0.001867,0.8133,0.3504,0.6748,0.1196,0.6029,1.0,1.0,1.0,True,False,0.47155,1.0
claude_opus5,parametric,json,0043/00431078,True,3,8,0.75,1.0,,,,0.9166666666666666,0.9166666666666666,0.000533,0.9467,0.4993,0.8503,0.2429,0.7312,1.0,1.0,0.999182,True,False,0.605025,0.9997273333333334
claude_opus5,parametric,json,0073/00737056,True,4,8,1.0,1.0,,,,1.0,1.0,0.000829,0.9171,0.4438,0.8608,0.2401,0.7881,1.0,1.0,1.0,True,False,0.597275,1.0
claude_opus5,parametric,json,0078/00788594,True,4,7,1.0,0.875,,,,0.9166666666666666,0.9166666666666666,0.000216,0.9784,0.6233,0.9819,0.354,0.8086,1.0,1.0,1.0,True,False,0.691075,1.0
claude_opus5,parametric,json,0067/00677148,True,3,5,0.75,0.625,,,,0.6666666666666666,0.6666666666666666,0.000859,0.9141,0.5669,0.7944,0.2307,0.7306,1.0,1.0,1.0,True,False,0.610575,1.0
claude_opus5,parametric,json,0093/00937375,True,4,8,1.0,1.0,,,,1.0,1.0,0.000279,0.9721,0.0,0.9698,0.4948,0.8705,0.0,1.0,0.998607,False,True,0.58435,0.6662023333333333
claude_opus5,parametric,json,0072/00726428,True,4,7,1.0,0.875,,,,0.9166666666666666,0.9166666666666666,0.001946,0.8054,0.603,0.7902,0.1655,0.6963,1.0,1.0,1.0,True,False,0.56755,1.0
claude_opus5,parametric,json,0049/00497058,True,4,8,1.0,1.0,,,,1.0,1.0,6.1e-05,0.9939,0.0,1.0,0.6514,0.8822,1.0,1.0,1.0,False,True,0.631875,1.0
claude_opus5,parametric,json,0013/00133189,True,4,7,1.0,0.875,,,,0.9166666666666666,0.9166666666666666,0.000717,0.9283,0.3947,0.7983,0.1574,0.5564,1.0,1.0,1.0,True,False,0.5092,1.0
claude_opus5,parametric,json,0024/00249966,True,4,8,1.0,1.0,,,,1.0,1.0,0.000543,0.9457,0.7016,0.9027,0.5623,0.7792,1.0,1.0,1.0,True,False,0.7472,1.0
claude_opus5,parametric,json,0004/00042777,True,4,8,1.0,1.0,,,,1.0,1.0,0.003644,0.6355999999999999,0.3252,0.6366,0.3443,0.504,1.0,1.0,1.0,True,False,0.452275,1.0
claude_opus5,parametric,json,0055/00553999,True,3,7,0.75,0.875,,,,0.8333333333333334,0.8333333333333334,0.007158,0.2842,0.3147,0.5189,0.0506,0.622,1.0,1.0,1.0,True,False,0.317875,1.0
claude_opus5,parametric,json,0068/00681400,True,4,8,1.0,1.0,,,,1.0,1.0,0.003681,0.6319,0.2487,0.5482,0.0554,0.4478,1.0,1.0,1.0,True,False,0.34595,1.0
claude_opus5,parametric,json,0071/00714935,True,4,7,1.0,0.875,,,,0.9166666666666666,0.9166666666666666,0.002636,0.7363999999999999,0.4953,0.7208,0.1057,0.6264,1.0,1.0,1.0,True,False,0.49095,1.0
claude_opus5,parametric,json,0022/00227442,True,4,8,1.0,1.0,,,,1.0,1.0,0.00017,0.983,0.7497,0.9839,0.5801,0.8782,1.0,1.0,1.0,True,False,0.79775,1.0
claude_opus5,parametric,json,0039/00397627,True,3,6,0.75,0.75,,,,0.75,0.75,0.003827,0.6173,0.4779,0.5047,0.1892,0.5522,1.0,1.0,1.0,True,False,0.45915,1.0
claude_opus5,parametric,json,0026/00268024,True,4,8,1.0,1.0,,,,1.0,1.0,0.00126,0.874,0.8586,0.8711,0.6519,0.7691,1.0,1.0,1.0,True,False,0.7884,1.0
claude_opus5,parametric,json,0007/00073282,True,4,7,1.0,0.875,,,,0.9166666666666666,0.9166666666666666,0.002393,0.7606999999999999,0.0682,0.8437,0.1313,0.7702,1.0,1.0,1.0,True,False,0.4326,1.0
claude_opus5,parametric,json,0036/00369868,True,4,8,1.0,1.0,,,,1.0,1.0,0.004588,0.5412,0.2341,0.485,0.0642,0.3885,1.0,1.0,1.0,True,False,0.307,1.0
claude_opus5,parametric,json,0084/00844862,True,3,8,0.75,1.0,,,,0.9166666666666666,0.9166666666666666,3e-05,0.997,0.9587,1.0,0.8302,0.9444,1.0,1.0,1.0,True,False,0.932575,1.0
claude_opus5,parametric,json,0026/00268027,True,4,8,1.0,1.0,,,,1.0,1.0,4e-06,0.9996,0.997,1.0,0.9957,0.9744,1.0,1.0,1.0,True,False,0.9916750000000001,1.0
claude_opus5,parametric,json,0092/00925049,True,4,7,1.0,0.875,,,,0.9166666666666666,0.9166666666666666,0.000323,0.9677,0.4048,0.9665,0.492,0.7808,1.0,1.0,1.0,True,False,0.661325,1.0
claude_opus5,parametric,json,0072/00725542,True,3,7,0.75,0.875,,,,0.8333333333333334,0.8333333333333334,0.000704,0.9296,0.7362,0.9225,0.4293,0.8085,1.0,1.0,1.0,True,False,0.7259,1.0
claude_opus5,parametric,json,0015/00150938,True,3,8,0.75,1.0,,,,0.9166666666666666,0.9166666666666666,0.000258,0.9742,0.785,0.9569,0.6327,0.8724,1.0,1.0,1.0,True,False,0.816075,1.0
claude_opus5,parametric,json,0072/00726429,True,4,8,1.0,1.0,,,,1.0,1.0,0.001371,0.8629,0.621,0.8308,0.3368,0.7632,1.0,1.0,1.0,True,False,0.645975,1.0
claude_opus5,parametric,json,0065/00657969,True,4,8,1.0,1.0,,,,1.0,1.0,0.001231,0.8769,0.3535,0.7413,0.3505,0.5529,1.0,1.0,1.0,True,False,0.53345,1.0
claude_opus5,parametric,json,0031/00310774,True,4,7,1.0,0.875,,,,0.9166666666666666,0.9166666666666666,0.000573,0.9427,0.3244,0.8624,0.3046,0.8015,1.0,1.0,1.0,True,False,0.5932999999999999,1.0
claude_opus5,parametric,json,0061/00618813,True,4,8,1.0,1.0,,,,1.0,1.0,0.003719,0.6281,0.5686,0.8833,0.0496,0.6535,1.0,1.0,1.0,True,False,0.47495,1.0
claude_opus5,parametric,json,0030/00307386,True,4,8,1.0,1.0,,,,1.0,1.0,3.3e-05,0.9967,0.9941,1.0,0.7967,0.9551,1.0,1.0,1.0,True,False,0.93565,1.0
claude_opus5,parametric,json,0072/00724192,True,4,8,1.0,1.0,,,,1.0,1.0,0.000162,0.9838,0.7236,0.9797,0.5858,0.825,1.0,1.0,1.0,True,False,0.77955,1.0
claude_opus5,parametric,json,0018/00189804,True,4,8,1.0,1.0,,,,1.0,1.0,0.000817,0.9183,0.0,0.8989,0.528,0.7066,0.0,1.0,0.999836,False,True,0.538225,0.666612
claude_opus5,parametric,json,0080/00807326,True,3,6,0.75,0.75,,,,0.75,0.75,0.000411,0.9589,0.7257,0.9336,0.3996,0.7804,1.0,1.0,1.0,True,False,0.71615,1.0
claude_opus5,parametric,json,0078/00789364,True,4,8,1.0,1.0,,,,1.0,1.0,0.000237,0.9763,0.0,0.9608,0.463,0.8174,1.0,1.0,1.0,False,True,0.564175,1.0
claude_opus5,parametric,json,0002/00029952,True,4,8,1.0,1.0,,,,1.0,1.0,2.3e-05,0.9977,0.9967,1.0,0.8567,0.9647,1.0,1.0,1.0,True,False,0.9539500000000001,1.0
claude_opus5,parametric,json,0005/00051224,True,4,8,1.0,1.0,,,,1.0,1.0,0.001151,0.8849,0.487,0.8244,0.3076,0.6321,1.0,1.0,1.0,True,False,0.5779,1.0
claude_opus5,parametric,json,0087/00873073,True,4,8,1.0,1.0,,,,1.0,1.0,0.000685,0.9315,0.435,0.8812,0.3614,0.5922,1.0,1.0,1.0,True,False,0.580025,1.0
claude_opus5,parametric,json,0077/00779770,True,3,5,0.75,0.625,,,,0.6666666666666666,0.6666666666666666,0.001805,0.8195,0.0583,0.6212,0.0248,0.6607,1.0,1.0,1.0,True,False,0.390825,1.0
claude_opus5,parametric,json,0077/00778195,True,4,8,1.0,1.0,,,,1.0,1.0,5.7e-05,0.9943,0.7666,0.9931,0.8648,0.8189,1.0,1.0,1.0,True,False,0.86115,1.0
claude_opus5,parametric,json,0039/00397628,True,4,8,1.0,1.0,,,,1.0,1.0,0.004927,0.5073000000000001,0.3453,0.6278,0.1389,0.4893,1.0,1.0,1.0,True,False,0.37020000000000003,1.0
claude_opus5,parametric,json,0008/00089777,True,4,8,1.0,1.0,,,,1.0,1.0,0.00028,0.972,0.9271,0.9422,0.4578,0.9409,1.0,1.0,1.0,True,False,0.82445,1.0
claude_opus5,parametric,json,0075/00758810,True,4,8,1.0,1.0,,,,1.0,1.0,0.001088,0.8912,0.4351,0.8172,0.3502,0.6289,1.0,1.0,1.0,True,False,0.57635,1.0
claude_opus5,parametric,json,0028/00284926,True,3,7,0.75,0.875,,,,0.8333333333333334,0.8333333333333334,0.000359,0.9641,0.5979,0.903,0.5257,0.7397,1.0,1.0,1.0,True,False,0.70685,1.0
claude_opus5,parametric,json,0074/00741629,True,2,6,0.5,0.75,,,,0.6666666666666666,0.6666666666666666,0.001797,0.8203,0.3681,0.661,0.0841,0.5657,1.0,1.0,0.999174,True,False,0.45955,0.9997246666666667
claude_opus5,parametric,json,0097/00973497,True,4,8,1.0,1.0,,,,1.0,1.0,5.9e-05,0.9941,0.8017,0.9835,0.8174,0.918,1.0,1.0,1.0,True,False,0.8828,1.0
claude_opus5,parametric,json,0047/00474303,True,3,8,0.75,1.0,,,,0.9166666666666666,0.9166666666666666,0.003358,0.6642,0.2442,0.5796,0.1041,0.5716,1.0,1.0,1.0,True,False,0.396025,1.0
claude_opus5,parametric,json,0061/00616188,True,4,8,1.0,1.0,,,,1.0,1.0,9.9e-05,0.9901,0.9098,0.9804,0.7897,0.8915,1.0,1.0,1.0,True,False,0.895275,1.0
claude_opus5,parametric,json,0005/00051572,True,3,8,0.75,1.0,,,,0.9166666666666666,0.9166666666666666,0.000113,0.9887,0.8877,0.9851,0.7312,0.9092,1.0,1.0,1.0,True,False,0.8792,1.0
claude_opus5,parametric,json,0025/00253807,True,4,7,1.0,0.875,,,,0.9166666666666666,0.9166666666666666,0.001366,0.8634,0.4387,0.8668,0.247,0.6755,1.0,1.0,1.0,True,False,0.5561499999999999,1.0
claude_opus5,parametric,json,0024/00242128,True,4,8,1.0,1.0,,,,1.0,1.0,0.000374,0.9626,0.4184,0.9499,0.4771,0.8413,1.0,1.0,1.0,True,False,0.6748500000000001,1.0
claude_opus5,parametric,json,0029/00292492,True,4,6,1.0,0.75,,,,0.8333333333333334,0.8333333333333334,0.000667,0.9333,0.5064,0.8126,0.0632,0.6959,1.0,1.0,1.0,True,False,0.5497,1.0
claude_opus5,parametric,json,0054/00547865,True,3,8,0.75,1.0,,,,0.9166666666666666,0.9166666666666666,5.6e-05,0.9944,0.9926,0.9935,0.8782,0.9586,1.0,1.0,1.0,True,False,0.95595,1.0
claude_opus5,parametric,json,0005/00052091,True,3,8,0.75,1.0,,,,0.9166666666666666,0.9166666666666666,0.000625,0.9375,0.7463,0.902,0.4033,0.7943,1.0,1.0,1.0,True,False,0.72035,1.0
claude_opus5,parametric,json,0034/00344679,True,0,2,0.0,0.25,,,,0.16666666666666666,0.16666666666666666,0.004912,0.5088,0.505,0.5084,0.0406,0.5602,1.0,1.0,1.0,True,False,0.40365,1.0
claude_opus5,parametric,json,0092/00923543,True,3,8,0.75,1.0,,,,0.9166666666666666,0.9166666666666666,0.000592,0.9408,0.5233,0.8874,0.6144,0.7032,1.0,1.0,1.0,True,False,0.695425,1.0
claude_opus5,parametric,json,0024/00242859,True,4,3,1.0,0.375,,,,0.5833333333333334,0.5833333333333334,0.000621,0.9379,0.6593,0.828,0.1959,0.6978,1.0,1.0,1.0,True,False,0.622725,1.0
claude_opus5,parametric,json,0079/00790247,True,4,7,1.0,0.875,,,,0.9166666666666666,0.9166666666666666,0.000278,0.9722,0.9765,0.9546,0.5248,0.8756,1.0,1.0,1.0,True,False,0.837275,1.0
claude_opus5,parametric,json,0084/00843879,True,3,7,0.75,0.875,,,,0.8333333333333334,0.8333333333333334,0.000432,0.9568,0.7402,0.8891,0.5201,0.7781,1.0,1.0,1.0,True,False,0.7488,1.0
claude_opus5,parametric,json,0010/00108226,True,4,7,1.0,0.875,,,,0.9166666666666666,0.9166666666666666,6.5e-05,0.9935,0.9246,0.9986,0.662,0.9104,1.0,1.0,1.0,True,False,0.872625,1.0
claude_opus5,parametric,json,0026/00268031,True,4,7,1.0,0.875,,,,0.9166666666666666,0.9166666666666666,4.3e-05,0.9957,0.9608,1.0,0.8113,0.941,1.0,1.0,1.0,True,False,0.9272,1.0
claude_opus5,parametric,json,0022/00225399,True,4,6,1.0,0.75,,,,0.8333333333333334,0.8333333333333334,0.001821,0.8179000000000001,0.6317,0.816,0.0691,0.686,1.0,1.0,1.0,True,False,0.5511750000000001,1.0
claude_opus5,parametric,json,0057/00570258,True,2,7,0.5,0.875,,,,0.75,0.75,0.000836,0.9164,0.7975,0.9777,0.4603,0.9546,1.0,1.0,1.0,True,False,0.7822,1.0
claude_opus5,parametric,json,0010/00101896,True,3,6,0.75,0.75,,,,0.75,0.75,0.000704,0.9296,0.8039,0.9116,0.2373,0.8604,1.0,1.0,0.998155,True,False,0.7078,0.9993850000000001
claude_opus5,parametric,json,0061/00619989,True,2,7,0.5,0.875,,,,0.75,0.75,0.002084,0.7916000000000001,0.6297,0.7453,0.2291,0.6533,1.0,1.0,1.0,True,False,0.575925,1.0
claude_opus5,parametric,json,0022/00226013,True,4,8,1.0,1.0,,,,1.0,1.0,0.000335,0.9665,0.8315,0.9614,0.3914,0.8535,1.0,1.0,1.0,True,False,0.760725,1.0
claude_opus5,parametric,json,0052/00523563,True,4,8,1.0,1.0,,,,1.0,1.0,0.000286,0.9714,0.8929,0.9396,0.4115,0.8295,1.0,1.0,1.0,True,False,0.776325,1.0
claude_opus5,parametric,json,0036/00361447,True,4,8,1.0,1.0,,,,1.0,1.0,0.000117,0.9883,0.8952,0.9893,0.5812,0.7855,1.0,1.0,1.0,True,False,0.81255,1.0
claude_opus5,parametric,json,0070/00709862,True,4,6,1.0,0.75,,,,0.8333333333333334,0.8333333333333334,8.7e-05,0.9913,0.8992,0.9969,0.5642,0.8176,1.0,1.0,1.0,True,False,0.818075,1.0
claude_opus5,parametric,json,0054/00541109,True,4,7,1.0,0.875,,,,0.9166666666666666,0.9166666666666666,0.003453,0.6547000000000001,0.2275,0.601,0.1076,0.4749,1.0,1.0,0.9666669999999999,True,False,0.36617500000000003,0.988889
claude_opus5,parametric,json,0086/00866616,True,3,7,0.75,0.875,,,,0.8333333333333334,0.8333333333333334,8.4e-05,0.9916,0.851,0.9875,0.8254,0.9247,1.0,1.0,1.0,True,False,0.898175,1.0
claude_opus5,parametric,json,0027/00279318,True,3,8,0.75,1.0,,,,0.9166666666666666,0.9166666666666666,0.00066,0.9339999999999999,0.3813,0.8718,0.441,0.6988,1.0,1.0,1.0,True,False,0.613775,1.0
claude_opus5,parametric,json,0082/00827203,True,4,8,1.0,1.0,,,,1.0,1.0,0.00014,0.986,0.8791,0.982,0.5937,0.9384,1.0,1.0,1.0,True,False,0.8492999999999999,1.0
claude_opus5,parametric,json,0039/00391450,True,0,3,0.0,0.375,,,,0.25,0.25,0.004155,0.5845,0.5231,0.5326,0.1577,0.7168,1.0,1.0,1.0,True,False,0.495525,1.0
claude_opus5,parametric,json,0013/00135378,True,3,7,0.75,0.875,,,,0.8333333333333334,0.8333333333333334,0.000183,0.9817,0.8736,0.9603,0.6672,0.8723,1.0,1.0,1.0,True,False,0.8487,1.0
claude_opus5,parametric,json,0093/00934405,True,3,7,0.75,0.875,,,,0.8333333333333334,0.8333333333333334,0.00054,0.946,0.4613,0.8862,0.2425,0.7257,1.0,1.0,1.0,True,False,0.5938749999999999,1.0
claude_opus5,parametric,json,0056/00568816,True,2,6,0.5,0.75,,,,0.6666666666666666,0.6666666666666666,0.000584,0.9416,0.3624,0.8412,0.3264,0.6508,1.0,1.0,1.0,True,False,0.5703,1.0
claude_opus5,parametric,json,0072/00728052,True,4,8,1.0,1.0,,,,1.0,1.0,0.000157,0.9843,0.9228,0.9757,0.612,0.9235,1.0,1.0,1.0,True,False,0.8606499999999999,1.0
claude_opus5,parametric,json,0021/00210983,True,4,8,1.0,1.0,,,,1.0,1.0,0.002361,0.7639,0.0,0.7263,0.3335,0.7746,0.0,1.0,0.995204,False,True,0.46799999999999997,0.665068
claude_opus5,parametric,json,0046/00460772,True,4,8,1.0,1.0,,,,1.0,1.0,0.000189,0.9811,0.7073,0.9621,0.6957,0.7988,1.0,1.0,1.0,True,False,0.795725,1.0
claude_opus5,parametric,openscad,0085/00852511,True,4,8,1.0,1.0,,,,1.0,1.0,0.000145,0.9855,0.9654,0.9721,0.7869,0.8729,1.0,1.0,0.987005,True,False,0.902675,0.9956683333333333
claude_opus5,parametric,openscad,0009/00099014,True,4,8,1.0,1.0,,,,1.0,1.0,8.6e-05,0.9914,0.9937,1.0,0.4793,0.9431,1.0,1.0,1.0,True,False,0.851875,1.0
claude_opus5,parametric,openscad,0071/00710826,True,4,8,1.0,1.0,,,,1.0,1.0,0.000883,0.9117,0.4976,0.8446,0.3063,0.7101,1.0,1.0,1.0,True,False,0.606425,1.0
claude_opus5,parametric,openscad,0005/00057589,True,4,6,1.0,0.75,,,,0.8333333333333334,0.8333333333333334,0.000143,0.9857,0.7065,0.9752,0.5556,0.8836,1.0,1.0,1.0,True,False,0.78285,1.0
claude_opus5,parametric,openscad,0015/00155951,True,4,8,1.0,1.0,,,,1.0,1.0,0.000252,0.9748,0.8913,0.9474,0.4779,0.8844,1.0,1.0,1.0,True,False,0.8070999999999999,1.0
claude_opus5,parametric,openscad,0013/00134405,True,4,8,1.0,1.0,,,,1.0,1.0,8.6e-05,0.9914,0.8038,0.9923,0.7854,0.8231,1.0,1.0,1.0,True,False,0.8509249999999999,1.0
claude_opus5,parametric,openscad,0053/00531353,True,4,8,1.0,1.0,,,,1.0,1.0,0.000505,0.9495,0.7235,0.9091,0.603,0.8109,1.0,1.0,1.0,True,False,0.771725,1.0
claude_opus5,parametric,openscad,0094/00941813,True,4,8,1.0,1.0,,,,1.0,1.0,0.000123,0.9877,0.981,1.0,0.3533,0.9278,1.0,1.0,1.0,True,False,0.81245,1.0
claude_opus5,parametric,openscad,0081/00817410,True,4,8,1.0,1.0,,,,1.0,1.0,0.000139,0.9861,0.8122,0.985,0.5416,0.8436,1.0,1.0,1.0,True,False,0.795875,1.0
claude_opus5,parametric,openscad,0045/00457640,True,4,7,1.0,0.875,,,,0.9166666666666666,0.9166666666666666,0.000309,0.9691,0.463,0.9235,0.3079,0.8536,1.0,1.0,1.0,True,False,0.6484,1.0
claude_opus5,parametric,openscad,0047/00478097,True,4,8,1.0,1.0,,,,1.0,1.0,6.6e-05,0.9934,0.9707,0.9976,0.6141,0.915,1.0,1.0,1.0,True,False,0.8733,1.0
claude_opus5,parametric,openscad,0013/00135353,True,4,8,1.0,1.0,,,,1.0,1.0,0.000342,0.9658,0.6498,0.933,0.3792,0.7385,1.0,1.0,1.0,True,False,0.683325,1.0
claude_opus5,parametric,openscad,0062/00621494,True,4,8,1.0,1.0,,,,1.0,1.0,0.001882,0.8118,0.2996,0.6961,0.133,0.6095,1.0,1.0,1.0,True,False,0.46347499999999997,1.0
claude_opus5,parametric,openscad,0016/00169954,True,3,8,0.75,1.0,,,,0.9166666666666666,0.9166666666666666,0.002619,0.7381,0.102,0.6915,0.1614,0.4434,1.0,1.0,1.0,True,False,0.361225,1.0
claude_opus5,parametric,openscad,0039/00390147,True,4,8,1.0,1.0,,,,1.0,1.0,6.3e-05,0.9937,0.9886,1.0,0.6276,0.9215,1.0,1.0,1.0,True,False,0.88285,1.0
claude_opus5,parametric,openscad,0089/00895528,True,4,7,1.0,0.875,,,,0.9166666666666666,0.9166666666666666,0.003952,0.6048,0.2592,0.5792,0.0364,0.5627,1.0,1.0,1.0,True,False,0.365775,1.0
claude_opus5,parametric,openscad,0030/00306122,True,4,5,1.0,0.625,,,,0.75,0.75,0.00126,0.874,0.3218,0.7797,0.1089,0.5453,1.0,1.0,1.0,True,False,0.4625,1.0
claude_opus5,parametric,openscad,0070/00706059,True,4,7,1.0,0.875,,,,0.9166666666666666,0.9166666666666666,0.000283,0.9717,0.8496,0.9434,0.3783,0.8356,1.0,1.0,1.0,True,False,0.7588,1.0
claude_opus5,parametric,openscad,0008/00086411,True,3,7,0.75,0.875,,,,0.8333333333333334,0.8333333333333334,0.004571,0.5428999999999999,0.1194,0.4553,0.1401,0.3808,1.0,1.0,1.0,True,False,0.2958,1.0
claude_opus5,parametric,openscad,0073/00732007,True,3,4,0.75,0.5,,,,0.5833333333333334,0.5833333333333334,0.000395,0.9605,0.6442,0.9197,0.6427,0.8267,1.0,1.0,1.0,True,False,0.768525,1.0
claude_opus5,parametric,openscad,0010/00103639,True,4,8,1.0,1.0,,,,1.0,1.0,0.000136,0.9864,0.617,0.9653,0.8305,0.7659,1.0,1.0,1.0,True,False,0.79995,1.0
claude_opus5,parametric,openscad,0019/00199917,True,4,8,1.0,1.0,,,,1.0,1.0,0.001008,0.8992,0.6523,0.8889,0.3349,0.7222,1.0,1.0,1.0,True,False,0.65215,1.0
claude_opus5,parametric,openscad,0035/00350534,True,3,8,0.75,1.0,,,,0.9166666666666666,0.9166666666666666,0.000928,0.9072,0.5654,0.8457,0.2372,0.7262,1.0,1.0,0.998206,True,False,0.609,0.999402
claude_opus5,parametric,openscad,0043/00431078,True,4,8,1.0,1.0,,,,1.0,1.0,0.000245,0.9755,0.7338,0.9727,0.447,0.8459,1.0,1.0,1.0,True,False,0.75055,1.0
claude_opus5,parametric,openscad,0073/00737056,True,4,8,1.0,1.0,,,,1.0,1.0,0.000579,0.9421,0.4488,0.9192,0.3272,0.8407,1.0,1.0,1.0,True,False,0.6397,1.0
claude_opus5,parametric,openscad,0078/00788594,True,4,8,1.0,1.0,,,,1.0,1.0,0.000136,0.9864,0.8209,0.9916,0.4386,0.9013,1.0,1.0,1.0,True,False,0.7867999999999999,1.0
claude_opus5,parametric,openscad,0067/00677148,True,4,8,1.0,1.0,,,,1.0,1.0,0.001074,0.8926,0.5202,0.7938,0.1285,0.7032,1.0,1.0,1.0,True,False,0.561125,1.0
claude_opus5,parametric,openscad,0093/00937375,True,4,8,1.0,1.0,,,,1.0,1.0,0.000288,0.9712,0.6072,0.9748,0.4753,0.8027,1.0,1.0,1.0,True,False,0.7141,1.0
claude_opus5,parametric,openscad,0072/00726428,True,4,5,1.0,0.625,,,,0.75,0.75,0.002324,0.7676000000000001,0.5941,0.757,0.2239,0.7052,1.0,1.0,1.0,True,False,0.5727,1.0
claude_opus5,parametric,openscad,0049/00497058,True,4,8,1.0,1.0,,,,1.0,1.0,6.4e-05,0.9936,0.0,1.0,0.6251,0.8679,1.0,1.0,0.995164,False,True,0.62165,0.9983879999999999
claude_opus5,parametric,openscad,0013/00133189,True,4,7,1.0,0.875,,,,0.9166666666666666,0.9166666666666666,0.000512,0.9488,0.4963,0.8794,0.2683,0.5881,1.0,1.0,1.0,True,False,0.575375,1.0
claude_opus5,parametric,openscad,0024/00249966,True,4,8,1.0,1.0,,,,1.0,1.0,0.000444,0.9556,0.7444,0.9169,0.5974,0.7976,1.0,1.0,1.0,True,False,0.7737499999999999,1.0
claude_opus5,parametric,openscad,0004/00042777,True,3,8,0.75,1.0,,,,0.9166666666666666,0.9166666666666666,0.003656,0.6344000000000001,0.3317,0.6312,0.3506,0.5018,1.0,1.0,1.0,True,False,0.45462500000000006,1.0
claude_opus5,parametric,openscad,0055/00553999,True,4,8,1.0,1.0,,,,1.0,1.0,0.00092,0.908,0.7394,0.87,0.4039,0.8953,1.0,1.0,1.0,True,False,0.73665,1.0
claude_opus5,parametric,openscad,0068/00681400,True,4,8,1.0,1.0,,,,1.0,1.0,5.3e-05,0.9947,0.9254,0.9972,0.8358,0.9231,1.0,1.0,1.0,True,False,0.9197500000000001,1.0
claude_opus5,parametric,openscad,0071/00714935,True,4,8,1.0,1.0,,,,1.0,1.0,0.002576,0.7424,0.465,0.7154,0.082,0.6447,1.0,1.0,1.0,True,False,0.483525,1.0
claude_opus5,parametric,openscad,0022/00227442,True,4,7,1.0,0.875,,,,0.9166666666666666,0.9166666666666666,0.000209,0.9791,0.6604,0.9662,0.4941,0.825,1.0,1.0,1.0,True,False,0.7396499999999999,1.0
claude_opus5,parametric,openscad,0039/00397627,True,4,7,1.0,0.875,,,,0.9166666666666666,0.9166666666666666,0.002766,0.7234,0.4961,0.775,0.2041,0.5919,1.0,1.0,1.0,True,False,0.503875,1.0
claude_opus5,parametric,openscad,0026/00268024,True,4,8,1.0,1.0,,,,1.0,1.0,2.7e-05,0.9973,0.9872,1.0,0.8804,0.9311,1.0,1.0,1.0,True,False,0.949,1.0
claude_opus5,parametric,openscad,0007/00073282,True,4,8,1.0,1.0,,,,1.0,1.0,0.002244,0.7756000000000001,0.0864,0.8626,0.1144,0.7677,1.0,1.0,1.0,True,False,0.43602500000000005,1.0
claude_opus5,parametric,openscad,0036/00369868,True,4,8,1.0,1.0,,,,1.0,1.0,0.000502,0.9498,0.7585,0.8947,0.4018,0.8013,1.0,1.0,1.0,True,False,0.72785,1.0
claude_opus5,parametric,openscad,0084/00844862,True,4,8,1.0,1.0,,,,1.0,1.0,4.9e-05,0.9951,0.9111,1.0,0.7354,0.9047,1.0,1.0,1.0,True,False,0.886575,1.0
claude_opus5,parametric,openscad,0026/00268027,True,4,8,1.0,1.0,,,,1.0,1.0,1.3e-05,0.9987,0.9814,1.0,0.9852,0.9108,1.0,1.0,1.0,True,False,0.969025,1.0
claude_opus5,parametric,openscad,0092/00925049,True,4,8,1.0,1.0,,,,1.0,1.0,0.000328,0.9672,0.4021,0.9647,0.5002,0.7798,1.0,1.0,1.0,True,False,0.662325,1.0
claude_opus5,parametric,openscad,0072/00725542,True,4,7,1.0,0.875,,,,0.9166666666666666,0.9166666666666666,0.000327,0.9673,0.8356,0.9507,0.4625,0.8698,1.0,1.0,1.0,True,False,0.7838,1.0
claude_opus5,parametric,openscad,0015/00150938,True,3,8,0.75,1.0,,,,0.9166666666666666,0.9166666666666666,0.000288,0.9712,0.7747,0.9538,0.5012,0.856,1.0,1.0,1.0,True,False,0.775775,1.0
claude_opus5,parametric,openscad,0072/00726429,True,4,7,1.0,0.875,,,,0.9166666666666666,0.9166666666666666,0.001403,0.8597,0.6168,0.8325,0.292,0.757,1.0,1.0,1.0,True,False,0.631375,1.0
claude_opus5,parametric,openscad,0065/00657969,True,4,8,1.0,1.0,,,,1.0,1.0,0.001215,0.8785000000000001,0.3612,0.7428,0.353,0.552,1.0,1.0,1.0,True,False,0.5361750000000001,1.0
claude_opus5,parametric,openscad,0031/00310774,True,4,7,1.0,0.875,,,,0.9166666666666666,0.9166666666666666,0.000349,0.9651,0.5108,0.928,0.5091,0.8096,1.0,1.0,1.0,True,False,0.69865,1.0
claude_opus5,parametric,openscad,0061/00618813,True,3,8,0.75,1.0,,,,0.9166666666666666,0.9166666666666666,0.000456,0.9544,0.7909,0.9732,0.4607,0.8869,1.0,1.0,1.0,True,False,0.773225,1.0
claude_opus5,parametric,openscad,0030/00307386,True,4,8,1.0,1.0,,,,1.0,1.0,5.2e-05,0.9948,0.981,1.0,0.695,0.9375,1.0,1.0,0.999296,True,False,0.902075,0.9997653333333334
claude_opus5,parametric,openscad,0072/00724192,True,4,8,1.0,1.0,,,,1.0,1.0,0.000232,0.9768,0.6627,0.9688,0.4849,0.7831,1.0,1.0,1.0,True,False,0.7268749999999999,1.0
claude_opus5,parametric,openscad,0018/00189804,True,4,8,1.0,1.0,,,,1.0,1.0,0.000903,0.9097,0.0,0.8978,0.5098,0.7028,1.0,1.0,0.999243,False,True,0.530575,0.9997476666666666
claude_opus5,parametric,openscad,0080/00807326,True,4,8,1.0,1.0,,,,1.0,1.0,0.000324,0.9676,0.7505,0.9518,0.4823,0.7906,1.0,1.0,1.0,True,False,0.74775,1.0
claude_opus5,parametric,openscad,0078/00789364,True,4,8,1.0,1.0,,,,1.0,1.0,9e-05,0.991,0.0,1.0,0.5264,0.8943,1.0,1.0,1.0,False,True,0.6029249999999999,1.0
claude_opus5,parametric,openscad,0002/00029952,True,4,8,1.0,1.0,,,,1.0,1.0,4.4e-05,0.9956,0.992,1.0,0.7269,0.934,1.0,1.0,1.0,True,False,0.9121250000000001,1.0
claude_opus5,parametric,openscad,0005/00051224,True,4,8,1.0,1.0,,,,1.0,1.0,0.000129,0.9871,0.8875,0.9711,0.7149,0.8507,1.0,1.0,1.0,True,False,0.86005,1.0
claude_opus5,parametric,openscad,0087/00873073,True,4,8,1.0,1.0,,,,1.0,1.0,0.000632,0.9368,0.5669,0.8625,0.4759,0.8527,1.0,1.0,1.0,True,False,0.708075,1.0
claude_opus5,parametric,openscad,0077/00779770,True,4,5,1.0,0.625,,,,0.75,0.75,0.002357,0.7643,0.0621,0.5672,0.0726,0.4386,1.0,1.0,1.0,True,False,0.3344,1.0
claude_opus5,parametric,openscad,0077/00778195,True,4,7,1.0,0.875,,,,0.9166666666666666,0.9166666666666666,0.001277,0.8723000000000001,0.161,0.7498,0.2361,0.5223,1.0,1.0,1.0,True,False,0.447925,1.0
claude_opus5,parametric,openscad,0039/00397628,True,4,6,1.0,0.75,,,,0.8333333333333334,0.8333333333333334,0.003898,0.6102000000000001,0.3612,0.6948,0.1658,0.5441,1.0,1.0,1.0,True,False,0.42032500000000006,1.0
claude_opus5,parametric,openscad,0008/00089777,True,4,8,1.0,1.0,,,,1.0,1.0,0.000297,0.9703,0.8771,0.9427,0.2537,0.9357,1.0,1.0,1.0,True,False,0.7592,1.0
claude_opus5,parametric,openscad,0075/00758810,True,4,7,1.0,0.875,,,,0.9166666666666666,0.9166666666666666,0.001071,0.8929,0.4369,0.8232,0.3601,0.6408,1.0,1.0,1.0,True,False,0.582675,1.0
claude_opus5,parametric,openscad,0028/00284926,True,4,8,1.0,1.0,,,,1.0,1.0,0.000151,0.9849,0.7755,0.963,0.7615,0.802,1.0,1.0,1.0,True,False,0.830975,1.0
claude_opus5,parametric,openscad,0074/00741629,True,3,7,0.75,0.875,,,,0.8333333333333334,0.8333333333333334,0.000762,0.9238,0.6059,0.8859,0.3136,0.7386,1.0,1.0,1.0,True,False,0.645475,1.0
claude_opus5,parametric,openscad,0097/00973497,True,4,8,1.0,1.0,,,,1.0,1.0,0.001069,0.8931,0.2316,0.9287,0.4142,0.7411,1.0,1.0,1.0,True,False,0.57,1.0
claude_opus5,parametric,openscad,0047/00474303,True,4,8,1.0,1.0,,,,1.0,1.0,0.003768,0.6232,0.221,0.5694,0.1005,0.5601,1.0,1.0,1.0,True,False,0.3762,1.0
claude_opus5,parametric,openscad,0061/00616188,True,4,8,1.0,1.0,,,,1.0,1.0,0.000208,0.9792,0.8462,0.948,0.7261,0.8388,1.0,1.0,1.0,True,False,0.847575,1.0
claude_opus5,parametric,openscad,0005/00051572,True,3,7,0.75,0.875,,,,0.8333333333333334,0.8333333333333334,0.00012,0.988,0.8474,0.9874,0.5922,0.8544,1.0,1.0,1.0,True,False,0.8205,1.0
claude_opus5,parametric,openscad,0025/00253807,True,4,8,1.0,1.0,,,,1.0,1.0,0.000332,0.9668,0.7367,0.9422,0.5605,0.8318,1.0,1.0,1.0,True,False,0.77395,1.0
claude_opus5,parametric,openscad,0024/00242128,True,4,8,1.0,1.0,,,,1.0,1.0,6e-05,0.994,0.9172,1.0,0.605,0.9132,1.0,1.0,1.0,True,False,0.8573500000000001,1.0
claude_opus5,parametric,openscad,0029/00292492,True,4,8,1.0,1.0,,,,1.0,1.0,0.000406,0.9594,0.6033,0.9161,0.3748,0.7418,1.0,1.0,1.0,True,False,0.669825,1.0
claude_opus5,parametric,openscad,0054/00547865,True,4,8,1.0,1.0,,,,1.0,1.0,9.8e-05,0.9902,0.9767,0.993,0.6556,0.9274,1.0,1.0,1.0,True,False,0.887475,1.0
claude_opus5,parametric,openscad,0005/00052091,True,3,8,0.75,1.0,,,,0.9166666666666666,0.9166666666666666,0.000829,0.9171,0.6906,0.8684,0.3814,0.7717,1.0,1.0,1.0,True,False,0.6902,1.0
claude_opus5,parametric,openscad,0034/00344679,True,3,6,0.75,0.75,,,,0.75,0.75,0.004779,0.5221,0.5124,0.5114,0.0363,0.5633,1.0,1.0,1.0,True,False,0.408525,1.0
claude_opus5,parametric,openscad,0092/00923543,True,3,8,0.75,1.0,,,,0.9166666666666666,0.9166666666666666,0.000677,0.9323,0.2298,0.887,0.4286,0.5574,1.0,1.0,1.0,True,False,0.537025,1.0
claude_opus5,parametric,openscad,0024/00242859,True,4,3,1.0,0.375,,,,0.5833333333333334,0.5833333333333334,0.000624,0.9376,0.6596,0.8288,0.196,0.7005,1.0,1.0,1.0,True,False,0.623425,1.0
claude_opus5,parametric,openscad,0079/00790247,True,4,8,1.0,1.0,,,,1.0,1.0,6.1e-05,0.9939,0.9902,1.0,0.5996,0.9491,1.0,1.0,1.0,True,False,0.8832,1.0
claude_opus5,parametric,openscad,0084/00843879,True,4,7,1.0,0.875,,,,0.9166666666666666,0.9166666666666666,0.000394,0.9606,0.7456,0.9018,0.4704,0.7317,1.0,1.0,0.987337,True,False,0.727075,0.9957790000000001
claude_opus5,parametric,openscad,0010/00108226,True,4,8,1.0,1.0,,,,1.0,1.0,9.7e-05,0.9903,0.8898,0.9874,0.6493,0.8879,1.0,1.0,1.0,True,False,0.854325,1.0
claude_opus5,parametric,openscad,0026/00268031,True,4,7,1.0,0.875,,,,0.9166666666666666,0.9166666666666666,0.002395,0.7605,0.544,0.8209,0.3326,0.7273,1.0,1.0,1.0,True,False,0.5911,1.0
claude_opus5,parametric,openscad,0022/00225399,True,3,8,0.75,1.0,,,,0.9166666666666666,0.9166666666666666,0.001779,0.8221,0.6465,0.8156,0.1097,0.6972,1.0,1.0,0.998995,True,False,0.568875,0.9996649999999999
claude_opus5,parametric,openscad,0057/00570258,True,2,8,0.5,1.0,,,,0.8333333333333334,0.8333333333333334,0.000854,0.9146,0.7472,0.9779,0.3036,0.9462,1.0,1.0,1.0,True,False,0.7279,1.0
claude_opus5,parametric,openscad,0010/00101896,True,4,7,1.0,0.875,,,,0.9166666666666666,0.9166666666666666,0.001328,0.8672,0.667,0.8445,0.125,0.829,1.0,1.0,1.0,True,False,0.62205,1.0
claude_opus5,parametric,openscad,0061/00619989,True,3,8,0.75,1.0,,,,0.9166666666666666,0.9166666666666666,0.00102,0.898,0.7979,0.8707,0.1791,0.799,1.0,1.0,1.0,True,False,0.6685,1.0
claude_opus5,parametric,openscad,0022/00226013,True,4,8,1.0,1.0,,,,1.0,1.0,0.000239,0.9761,0.8567,0.9773,0.3715,0.8766,1.0,1.0,1.0,True,False,0.770225,1.0
claude_opus5,parametric,openscad,0052/00523563,True,4,8,1.0,1.0,,,,1.0,1.0,0.000289,0.9711,0.8918,0.9374,0.4037,0.8357,1.0,1.0,1.0,True,False,0.775575,1.0
claude_opus5,parametric,openscad,0036/00361447,True,4,8,1.0,1.0,,,,1.0,1.0,0.00011,0.989,0.8986,0.9924,0.5896,0.7925,1.0,1.0,1.0,True,False,0.817425,1.0
claude_opus5,parametric,openscad,0070/00709862,True,4,7,1.0,0.875,,,,0.9166666666666666,0.9166666666666666,7.5e-05,0.9925,0.9451,1.0,0.567,0.8441,1.0,1.0,1.0,True,False,0.837175,1.0
claude_opus5,parametric,openscad,0054/00541109,True,4,8,1.0,1.0,,,,1.0,1.0,0.003337,0.6663,0.2968,0.6388,0.1687,0.4999,1.0,1.0,0.975217,True,False,0.407925,0.9917389999999999
claude_opus5,parametric,openscad,0086/00866616,True,4,7,1.0,0.875,,,,0.9166666666666666,0.9166666666666666,6e-05,0.994,0.8633,0.9918,0.8227,0.9066,1.0,1.0,1.0,True,False,0.89665,1.0
claude_opus5,parametric,openscad,0027/00279318,True,3,8,0.75,1.0,,,,0.9166666666666666,0.9166666666666666,0.001167,0.8833,0.2211,0.7887,0.3123,0.651,1.0,1.0,1.0,True,False,0.516925,1.0
claude_opus5,parametric,openscad,0082/00827203,True,4,8,1.0,1.0,,,,1.0,1.0,5.8e-05,0.9942,0.9415,1.0,0.621,0.9549,1.0,1.0,0.978681,True,False,0.8779,0.9928936666666667
claude_opus5,parametric,openscad,0039/00391450,True,0,2,0.0,0.25,,,,0.16666666666666666,0.16666666666666666,0.00456,0.544,0.2528,0.2701,0.0775,0.6636,1.0,1.0,1.0,True,False,0.384475,1.0
claude_opus5,parametric,openscad,0013/00135378,True,3,7,0.75,0.875,,,,0.8333333333333334,0.8333333333333334,0.000258,0.9742,0.6753,0.9418,0.5849,0.7571,1.0,1.0,1.0,True,False,0.747875,1.0
claude_opus5,parametric,openscad,0093/00934405,True,4,7,1.0,0.875,,,,0.9166666666666666,0.9166666666666666,0.000475,0.9525,0.4774,0.9166,0.2471,0.7148,1.0,1.0,1.0,True,False,0.59795,1.0
claude_opus5,parametric,openscad,0056/00568816,True,4,6,1.0,0.75,,,,0.8333333333333334,0.8333333333333334,0.000497,0.9503,0.3511,0.8568,0.249,0.623,1.0,1.0,1.0,True,False,0.54335,1.0
claude_opus5,parametric,openscad,0072/00728052,True,4,8,1.0,1.0,,,,1.0,1.0,0.00035,0.965,0.8832,0.9647,0.477,0.9048,1.0,1.0,1.0,True,False,0.8075,1.0
claude_opus5,parametric,openscad,0021/00210983,True,4,8,1.0,1.0,,,,1.0,1.0,0.001516,0.8484,0.0,0.7676,0.3675,0.7834,1.0,1.0,0.999503,False,True,0.499825,0.9998343333333333
claude_opus5,parametric,openscad,0046/00460772,True,4,8,1.0,1.0,,,,1.0,1.0,4.3e-05,0.9957,0.9875,1.0,0.8131,0.9194,1.0,1.0,1.0,True,False,0.928925,1.0
grok46,parametric,json,0085/00852511,True,4,8,1.0,1.0,,,,1.0,1.0,0.000147,0.9853,0.9633,0.9714,0.7767,0.8759,1.0,1.0,1.0,True,False,0.9003,1.0
grok46,parametric,json,0009/00099014,True,4,8,1.0,1.0,,,,1.0,1.0,3.5e-05,0.9965,0.9985,1.0,0.7866,0.9655,1.0,1.0,1.0,True,False,0.936775,1.0
grok46,parametric,json,0071/00710826,True,3,8,0.75,1.0,,,,0.9166666666666666,0.9166666666666666,0.000861,0.9139,0.4952,0.8566,0.1934,0.7419,1.0,1.0,1.0,True,False,0.5861,1.0
grok46,parametric,json,0005/00057589,True,4,6,1.0,0.75,,,,0.8333333333333334,0.8333333333333334,9.2e-05,0.9908,0.7377,0.9853,0.7125,0.9215,1.0,1.0,1.0,True,False,0.840625,1.0
grok46,parametric,json,0015/00155951,True,3,7,0.75,0.875,,,,0.8333333333333334,0.8333333333333334,0.003862,0.6138,0.268,0.5939,0.108,0.5561,1.0,1.0,1.0,True,False,0.386475,1.0
grok46,parametric,json,0013/00134405,True,3,8,0.75,1.0,,,,0.9166666666666666,0.9166666666666666,0.000868,0.9132,0.4171,0.8462,0.446,0.6031,1.0,1.0,1.0,True,False,0.59485,1.0
grok46,parametric,json,0053/00531353,True,2,6,0.5,0.75,,,,0.6666666666666666,0.6666666666666666,0.006773,0.3227,0.2436,0.4437,0.0591,0.4657,1.0,1.0,1.0,True,False,0.272775,1.0
grok46,parametric,json,0094/00941813,True,4,8,1.0,1.0,,,,1.0,1.0,0.000297,0.9703,0.7754,0.9407,0.3522,0.8819,1.0,1.0,1.0,True,False,0.74495,1.0
grok46,parametric,json,0081/00817410,True,4,8,1.0,1.0,,,,1.0,1.0,0.000119,0.9881,0.849,0.987,0.561,0.8766,1.0,1.0,1.0,True,False,0.818675,1.0
grok46,parametric,json,0045/00457640,True,3,6,0.75,0.75,,,,0.75,0.75,0.000731,0.9269000000000001,0.319,0.8864,0.2687,0.8193,1.0,1.0,1.0,True,False,0.583475,1.0
grok46,parametric,json,0047/00478097,True,4,8,1.0,1.0,,,,1.0,1.0,3.2e-05,0.9968,0.9797,0.9977,0.8399,0.9378,1.0,1.0,1.0,True,False,0.93855,1.0
grok46,parametric,json,0013/00135353,True,4,8,1.0,1.0,,,,1.0,1.0,0.000469,0.9531000000000001,0.6087,0.8855,0.281,0.736,1.0,1.0,1.0,True,False,0.6447,1.0
grok46,parametric,json,0062/00621494,True,3,8,0.75,1.0,,,,0.9166666666666666,0.9166666666666666,0.000717,0.9283,0.6047,0.8954,0.3803,0.8764,1.0,1.0,1.0,True,False,0.697425,1.0
grok46,parametric,json,0016/00169954,True,3,7,0.75,0.875,,,,0.8333333333333334,0.8333333333333334,0.002606,0.7394000000000001,0.1012,0.6855,0.1757,0.3644,1.0,1.0,1.0,True,False,0.345175,1.0
grok46,parametric,json,0039/00390147,True,4,8,1.0,1.0,,,,1.0,1.0,0.001079,0.8921,0.6114,0.8803,0.2946,0.6989,1.0,1.0,1.0,True,False,0.62425,1.0
grok46,parametric,json,0089/00895528,True,4,6,1.0,0.75,,,,0.8333333333333334,0.8333333333333334,0.002807,0.7193,0.3004,0.6483,0.0267,0.6511,1.0,1.0,1.0,True,False,0.424375,1.0
grok46,parametric,json,0030/00306122,True,4,5,1.0,0.625,,,,0.75,0.75,0.001254,0.8746,0.3161,0.7791,0.106,0.5384,1.0,1.0,1.0,True,False,0.458775,1.0
grok46,parametric,json,0070/00706059,True,3,5,0.75,0.625,,,,0.6666666666666666,0.6666666666666666,0.000537,0.9463,0.8057,0.9215,0.3348,0.8062,1.0,1.0,1.0,True,False,0.72325,1.0
grok46,parametric,json,0008/00086411,True,3,8,0.75,1.0,,,,0.9166666666666666,0.9166666666666666,0.004584,0.5416,0.1185,0.455,0.1214,0.3758,1.0,1.0,1.0,True,False,0.289325,1.0
grok46,parametric,json,0073/00732007,True,2,2,0.5,0.25,,,,0.3333333333333333,0.3333333333333333,0.000516,0.9484,0.5054,0.8993,0.4877,0.8024,1.0,1.0,1.0,True,False,0.685975,1.0
grok46,parametric,json,0010/00103639,True,3,7,0.75,0.875,,,,0.8333333333333334,0.8333333333333334,0.000226,0.9774,0.565,0.9466,0.8059,0.7731,1.0,1.0,0.978566,True,False,0.78035,0.9928553333333333
grok46,parametric,json,0019/00199917,True,4,6,1.0,0.75,,,,0.8333333333333334,0.8333333333333334,0.000984,0.9016,0.6516,0.8924,0.3477,0.7411,1.0,1.0,1.0,True,False,0.6605,1.0
grok46,parametric,json,0035/00350534,True,3,8,0.75,1.0,,,,0.9166666666666666,0.9166666666666666,0.000708,0.9292,0.7027,0.8866,0.305,0.7751,1.0,1.0,1.0,True,False,0.678,1.0
grok46,parametric,json,0043/00431078,True,3,7,0.75,0.875,,,,0.8333333333333334,0.8333333333333334,0.000531,0.9469,0.5592,0.8996,0.3907,0.7679,1.0,1.0,1.0,True,False,0.666175,1.0
grok46,parametric,json,0073/00737056,True,4,8,1.0,1.0,,,,1.0,1.0,0.000553,0.9447,0.4792,0.93,0.3513,0.864,1.0,1.0,1.0,True,False,0.6597999999999999,1.0
grok46,parametric,json,0078/00788594,True,4,7,1.0,0.875,,,,0.9166666666666666,0.9166666666666666,0.000756,0.9244,0.5218,0.8922,0.4529,0.8528,1.0,1.0,1.0,True,False,0.687975,1.0
grok46,parametric,json,0067/00677148,True,2,6,0.5,0.75,,,,0.6666666666666666,0.6666666666666666,0.000861,0.9139,0.5689,0.8561,0.235,0.7416,1.0,1.0,1.0,True,False,0.61485,1.0
grok46,parametric,json,0093/00937375,True,4,8,1.0,1.0,,,,1.0,1.0,0.000292,0.9708,0.0,0.9739,0.4818,0.8161,0.0,1.0,0.998615,False,True,0.567175,0.666205
grok46,parametric,json,0072/00726428,True,4,7,1.0,0.875,,,,0.9166666666666666,0.9166666666666666,0.002016,0.7984,0.604,0.7933,0.1718,0.6939,1.0,1.0,1.0,True,False,0.567025,1.0
grok46,parametric,json,0049/00497058,True,4,8,1.0,1.0,,,,1.0,1.0,5.7e-05,0.9943,0.0,1.0,0.6577,0.8951,1.0,1.0,1.0,False,True,0.636775,1.0
grok46,parametric,json,0013/00133189,True,3,8,0.75,1.0,,,,0.9166666666666666,0.9166666666666666,0.000501,0.9499,0.5106,0.8813,0.2859,0.6,1.0,1.0,1.0,True,False,0.5866,1.0
grok46,parametric,json,0024/00249966,True,3,8,0.75,1.0,,,,0.9166666666666666,0.9166666666666666,0.000773,0.9227,0.6981,0.8724,0.5623,0.7816,1.0,1.0,1.0,True,False,0.741175,1.0
grok46,parametric,json,0004/00042777,True,4,7,1.0,0.875,,,,0.9166666666666666,0.9166666666666666,0.003674,0.6326,0.3326,0.6395,0.3459,0.5068,1.0,1.0,1.0,True,False,0.454475,1.0
grok46,parametric,json,0055/00553999,True,4,7,1.0,0.875,,,,0.9166666666666666,0.9166666666666666,0.006891,0.31089999999999995,0.1773,0.3508,0.0226,0.5697,1.0,1.0,1.0,True,False,0.270125,1.0
grok46,parametric,json,0068/00681400,True,4,8,1.0,1.0,,,,1.0,1.0,6.1e-05,0.9939,0.9096,0.9969,0.8127,0.9056,1.0,1.0,1.0,True,False,0.90545,1.0
grok46,parametric,json,0071/00714935,True,4,7,1.0,0.875,,,,0.9166666666666666,0.9166666666666666,0.000791,0.9209,0.8352,0.9418,0.3017,0.884,1.0,1.0,1.0,True,False,0.73545,1.0
grok46,parametric,json,0022/00227442,True,4,8,1.0,1.0,,,,1.0,1.0,0.000161,0.9839,0.7887,0.9844,0.5116,0.8866,1.0,1.0,1.0,True,False,0.7927,1.0
grok46,parametric,json,0039/00397627,True,3,5,0.75,0.625,,,,0.6666666666666666,0.6666666666666666,0.003618,0.6382,0.4829,0.706,0.1865,0.5629,1.0,1.0,1.0,True,False,0.46762499999999996,1.0
grok46,parametric,json,0026/00268024,True,4,8,1.0,1.0,,,,1.0,1.0,3e-06,0.9997,0.9989,1.0,0.9843,0.9892,1.0,1.0,1.0,True,False,0.993025,1.0
grok46,parametric,json,0007/00073282,True,4,7,1.0,0.875,,,,0.9166666666666666,0.9166666666666666,0.002391,0.7609,0.0651,0.8438,0.1436,0.7705,1.0,1.0,1.0,True,False,0.435025,1.0
grok46,parametric,json,0036/00369868,True,2,7,0.5,0.875,,,,0.75,0.75,0.004275,0.5725,0.2362,0.4995,0.099,0.4472,1.0,1.0,1.0,True,False,0.338725,1.0
grok46,parametric,json,0084/00844862,True,4,8,1.0,1.0,,,,1.0,1.0,4.2e-05,0.9958,0.9785,1.0,0.7557,0.9332,1.0,1.0,1.0,True,False,0.9158000000000001,1.0
grok46,parametric,json,0026/00268027,True,4,8,1.0,1.0,,,,1.0,1.0,5e-06,0.9995,0.9975,1.0,0.9951,0.9623,1.0,1.0,1.0,True,False,0.9886,1.0
grok46,parametric,json,0092/00925049,True,4,7,1.0,0.875,,,,0.9166666666666666,0.9166666666666666,0.000324,0.9676,0.4038,0.9662,0.4885,0.7816,1.0,1.0,1.0,True,False,0.6603749999999999,1.0
grok46,parametric,json,0072/00725542,True,3,7,0.75,0.875,,,,0.8333333333333334,0.8333333333333334,0.000682,0.9318,0.7866,0.9208,0.4297,0.864,1.0,1.0,1.0,True,False,0.7530249999999999,1.0
grok46,parametric,json,0015/00150938,True,4,8,1.0,1.0,,,,1.0,1.0,0.000258,0.9742,0.785,0.9569,0.6327,0.8724,1.0,1.0,1.0,True,False,0.816075,1.0
grok46,parametric,json,0072/00726429,True,4,8,1.0,1.0,,,,1.0,1.0,0.001409,0.8591,0.607,0.8279,0.2856,0.7488,1.0,1.0,1.0,True,False,0.625125,1.0
grok46,parametric,json,0065/00657969,True,4,8,1.0,1.0,,,,1.0,1.0,0.001258,0.8742,0.3613,0.743,0.3588,0.5759,1.0,1.0,1.0,True,False,0.54255,1.0
grok46,parametric,json,0031/00310774,True,2,7,0.5,0.875,,,,0.75,0.75,0.0006,0.9400000000000001,0.4444,0.8699,0.5231,0.8071,1.0,1.0,1.0,True,False,0.67865,1.0
grok46,parametric,json,0061/00618813,True,4,8,1.0,1.0,,,,1.0,1.0,0.006381,0.3619,0.5361,0.8836,0.1491,0.6429,1.0,1.0,1.0,True,False,0.4225,1.0
grok46,parametric,json,0030/00307386,True,4,8,1.0,1.0,,,,1.0,1.0,5.5e-05,0.9945,0.9813,0.9992,0.706,0.9342,1.0,1.0,1.0,True,False,0.904,1.0
grok46,parametric,json,0072/00724192,True,3,8,0.75,1.0,,,,0.9166666666666666,0.9166666666666666,0.000147,0.9853,0.7525,0.9797,0.6175,0.8421,1.0,1.0,1.0,True,False,0.79935,1.0
grok46,parametric,json,0018/00189804,True,3,8,0.75,1.0,,,,0.9166666666666666,0.9166666666666666,0.001063,0.8937,0.0,0.8729,0.5095,0.6999,0.0,1.0,0.996912,False,True,0.525775,0.6656373333333333
grok46,parametric,json,0080/00807326,True,3,7,0.75,0.875,,,,0.8333333333333334,0.8333333333333334,0.000312,0.9688,0.7515,0.9526,0.473,0.7904,1.0,1.0,1.0,True,False,0.745925,1.0
grok46,parametric,json,0078/00789364,True,4,8,1.0,1.0,,,,1.0,1.0,0.000138,0.9862,0.0,1.0,0.5253,0.8834,1.0,1.0,1.0,False,True,0.598725,1.0
grok46,parametric,json,0002/00029952,True,4,8,1.0,1.0,,,,1.0,1.0,3.1e-05,0.9969,0.9959,1.0,0.8024,0.949,1.0,1.0,1.0,True,False,0.93605,1.0
grok46,parametric,json,0005/00051224,True,4,8,1.0,1.0,,,,1.0,1.0,8.6e-05,0.9914,0.8956,0.9998,0.7329,0.8744,1.0,1.0,1.0,True,False,0.873575,1.0
grok46,parametric,json,0087/00873073,True,3,7,0.75,0.875,,,,0.8333333333333334,0.8333333333333334,0.000693,0.9307,0.4003,0.8906,0.3852,0.7779,1.0,1.0,1.0,True,False,0.623525,1.0
grok46,parametric,json,0077/00779770,True,3,5,0.75,0.625,,,,0.6666666666666666,0.6666666666666666,0.001808,0.8192,0.0577,0.6341,0.0258,0.6549,1.0,1.0,1.0,True,False,0.3894,1.0
grok46,parametric,json,0077/00778195,True,4,8,1.0,1.0,,,,1.0,1.0,7e-05,0.993,0.6947,0.9941,0.8043,0.783,1.0,1.0,1.0,True,False,0.81875,1.0
grok46,parametric,json,0039/00397628,True,4,8,1.0,1.0,,,,1.0,1.0,0.004709,0.5291000000000001,0.3447,0.6472,0.1442,0.5047,1.0,1.0,1.0,True,False,0.38067500000000004,1.0
grok46,parametric,json,0008/00089777,True,4,8,1.0,1.0,,,,1.0,1.0,0.00028,0.972,0.9265,0.9429,0.4488,0.9399,1.0,1.0,1.0,True,False,0.8218,1.0
grok46,parametric,json,0075/00758810,True,4,8,1.0,1.0,,,,1.0,1.0,0.00137,0.863,0.4166,0.7987,0.3427,0.6177,1.0,1.0,1.0,True,False,0.56,1.0
grok46,parametric,json,0028/00284926,True,3,7,0.75,0.875,,,,0.8333333333333334,0.8333333333333334,0.000149,0.9851,0.771,0.9633,0.7628,0.8023,1.0,1.0,1.0,True,False,0.8303,1.0
grok46,parametric,json,0074/00741629,True,1,6,0.25,0.75,,,,0.5833333333333334,0.5833333333333334,0.00216,0.784,0.5677,0.7596,0.4667,0.7159,1.0,1.0,1.0,True,False,0.633575,1.0
grok46,parametric,json,0097/00973497,True,4,8,1.0,1.0,,,,1.0,1.0,0.000623,0.9377,0.4707,0.8454,0.5568,0.6884,1.0,1.0,1.0,True,False,0.6634,1.0
grok46,parametric,json,0047/00474303,True,2,6,0.5,0.75,,,,0.6666666666666666,0.6666666666666666,0.001957,0.8043,0.3626,0.7677,0.1422,0.6908,1.0,1.0,1.0,True,False,0.499975,1.0
grok46,parametric,json,0061/00616188,True,4,8,1.0,1.0,,,,1.0,1.0,0.000197,0.9803,0.8411,0.953,0.7345,0.849,1.0,1.0,1.0,True,False,0.851225,1.0
grok46,parametric,json,0005/00051572,True,3,6,0.75,0.75,,,,0.75,0.75,0.000485,0.9515,0.5023,0.9154,0.2409,0.75,1.0,1.0,1.0,True,False,0.611175,1.0
grok46,parametric,json,0025/00253807,True,4,8,1.0,1.0,,,,1.0,1.0,0.000675,0.9325,0.5749,0.8677,0.4302,0.7247,1.0,1.0,1.0,True,False,0.665575,1.0
grok46,parametric,json,0024/00242128,True,4,7,1.0,0.875,,,,0.9166666666666666,0.9166666666666666,0.000382,0.9618,0.4185,0.949,0.4699,0.8384,1.0,1.0,1.0,True,False,0.67215,1.0
grok46,parametric,json,0029/00292492,True,4,7,1.0,0.875,,,,0.9166666666666666,0.9166666666666666,0.000651,0.9349000000000001,0.5111,0.8392,0.3092,0.6439,1.0,1.0,1.0,True,False,0.5997750000000001,1.0
grok46,parametric,json,0054/00547865,True,3,8,0.75,1.0,,,,0.9166666666666666,0.9166666666666666,1.8e-05,0.9982,0.9949,1.0,0.8884,0.969,1.0,1.0,1.0,True,False,0.962625,1.0
grok46,parametric,json,0005/00052091,True,3,8,0.75,1.0,,,,0.9166666666666666,0.9166666666666666,0.000508,0.9492,0.7818,0.9119,0.4078,0.8192,1.0,1.0,1.0,True,False,0.7395,1.0
grok46,parametric,json,0034/00344679,True,2,5,0.5,0.625,,,,0.5833333333333334,0.5833333333333334,0.003035,0.6965,0.6268,0.6909,0.157,0.604,1.0,1.0,1.0,True,False,0.521075,1.0
grok46,parametric,json,0092/00923543,True,4,8,1.0,1.0,,,,1.0,1.0,0.000561,0.9439,0.5206,0.894,0.6273,0.7007,1.0,1.0,1.0,True,False,0.698125,1.0
grok46,parametric,json,0024/00242859,True,4,3,1.0,0.375,,,,0.5833333333333334,0.5833333333333334,0.000621,0.9379,0.6593,0.828,0.1959,0.6978,1.0,1.0,1.0,True,False,0.622725,1.0
grok46,parametric,json,0079/00790247,True,4,7,1.0,0.875,,,,0.9166666666666666,0.9166666666666666,5.9e-05,0.9941,0.9969,1.0,0.61,0.9466,1.0,1.0,1.0,True,False,0.8869,1.0
grok46,parametric,json,0084/00843879,True,3,7,0.75,0.875,,,,0.8333333333333334,0.8333333333333334,0.000432,0.9568,0.7385,0.8896,0.5109,0.7748,1.0,1.0,1.0,True,False,0.74525,1.0
grok46,parametric,json,0010/00108226,True,3,6,0.75,0.75,,,,0.75,0.75,0.000854,0.9146,0.7329,0.9203,0.5784,0.8331,1.0,1.0,1.0,True,False,0.76475,1.0
grok46,parametric,json,0026/00268031,True,4,6,1.0,0.75,,,,0.8333333333333334,0.8333333333333334,0.00062,0.938,0.5367,0.9564,0.4626,0.8653,1.0,1.0,1.0,True,False,0.70065,1.0
grok46,parametric,json,0022/00225399,True,3,7,0.75,0.875,,,,0.8333333333333334,0.8333333333333334,0.000855,0.9145,0.7734,0.876,0.208,0.7633,1.0,1.0,1.0,True,False,0.6648,1.0
grok46,parametric,json,0057/00570258,True,2,7,0.5,0.875,,,,0.75,0.75,0.000846,0.9154,0.7804,0.9779,0.3836,0.9496,1.0,1.0,1.0,True,False,0.75725,1.0
grok46,parametric,json,0010/00101896,True,3,6,0.75,0.75,,,,0.75,0.75,0.000705,0.9295,0.8048,0.9116,0.237,0.8616,1.0,1.0,0.998155,True,False,0.708225,0.9993850000000001
grok46,parametric,json,0061/00619989,True,2,7,0.5,0.875,,,,0.75,0.75,0.002144,0.7856,0.6793,0.7409,0.2439,0.6596,1.0,1.0,1.0,True,False,0.5921,1.0
grok46,parametric,json,0022/00226013,True,4,8,1.0,1.0,,,,1.0,1.0,0.000246,0.9754,0.8582,0.9757,0.3844,0.8745,1.0,1.0,1.0,True,False,0.7731250000000001,1.0
grok46,parametric,json,0052/00523563,True,4,8,1.0,1.0,,,,1.0,1.0,0.000246,0.9754,0.8982,0.9469,0.4576,0.8561,1.0,1.0,1.0,True,False,0.796825,1.0
grok46,parametric,json,0036/00361447,True,4,8,1.0,1.0,,,,1.0,1.0,0.000116,0.9884,0.8806,0.9919,0.5806,0.7879,1.0,1.0,1.0,True,False,0.809375,1.0
grok46,parametric,json,0070/00709862,True,4,7,1.0,0.875,,,,0.9166666666666666,0.9166666666666666,7.6e-05,0.9924,0.9463,1.0,0.568,0.8399,1.0,1.0,1.0,True,False,0.83665,1.0
grok46,parametric,json,0054/00541109,True,4,8,1.0,1.0,,,,1.0,1.0,0.003257,0.6743,0.2342,0.6195,0.1512,0.4505,1.0,1.0,0.965517,True,False,0.37755,0.9885056666666667
grok46,parametric,json,0086/00866616,True,4,7,1.0,0.875,,,,0.9166666666666666,0.9166666666666666,6e-05,0.994,0.8432,0.9911,0.8458,0.9382,1.0,1.0,1.0,True,False,0.9053,1.0
grok46,parametric,json,0027/00279318,True,3,8,0.75,1.0,,,,0.9166666666666666,0.9166666666666666,0.00047,0.953,0.4173,0.8941,0.4432,0.7016,1.0,1.0,0.981255,True,False,0.628775,0.9937516666666667
grok46,parametric,json,0082/00827203,True,4,8,1.0,1.0,,,,1.0,1.0,0.000133,0.9867,0.7313,0.9875,0.546,0.9082,1.0,1.0,0.997895,True,False,0.79305,0.9992983333333333
grok46,parametric,json,0039/00391450,True,0,1,0.0,0.125,,,,0.08333333333333333,0.08333333333333333,0.002739,0.7261,0.2769,0.5618,0.0977,0.6639,1.0,1.0,1.0,True,False,0.44115,1.0
grok46,parametric,json,0013/00135378,True,3,7,0.75,0.875,,,,0.8333333333333334,0.8333333333333334,0.000187,0.9813,0.8692,0.9585,0.6666,0.8729,1.0,1.0,1.0,True,False,0.8474999999999999,1.0
grok46,parametric,json,0093/00934405,True,3,7,0.75,0.875,,,,0.8333333333333334,0.8333333333333334,0.00069,0.931,0.555,0.8321,0.2645,0.7202,1.0,1.0,0.999965,True,False,0.617675,0.9999883333333334
grok46,parametric,json,0056/00568816,True,2,6,0.5,0.75,,,,0.6666666666666666,0.6666666666666666,0.000584,0.9416,0.3624,0.8412,0.3264,0.6508,1.0,1.0,1.0,True,False,0.5703,1.0
grok46,parametric,json,0072/00728052,True,4,8,1.0,1.0,,,,1.0,1.0,0.000182,0.9818,0.9113,0.9769,0.5729,0.909,1.0,1.0,1.0,True,False,0.84375,1.0
grok46,parametric,json,0021/00210983,True,4,8,1.0,1.0,,,,1.0,1.0,0.001545,0.8455,0.0,0.7622,0.3533,0.773,0.0,1.0,0.996618,False,True,0.49295,0.6655393333333334
grok46,parametric,json,0046/00460772,True,3,7,0.75,0.875,,,,0.8333333333333334,0.8333333333333334,0.000143,0.9857,0.9066,0.9865,0.7819,0.8973,1.0,1.0,1.0,True,False,0.892875,1.0
grok46,parametric,openscad,0085/00852511,True,4,8,1.0,1.0,,,,1.0,1.0,0.000146,0.9854,0.9627,0.9716,0.7801,0.8682,1.0,1.0,1.0,True,False,0.8991,1.0
grok46,parametric,openscad,0009/00099014,True,4,8,1.0,1.0,,,,1.0,1.0,8.7e-05,0.9913,0.9968,1.0,0.4763,0.943,1.0,1.0,1.0,True,False,0.85185,1.0
grok46,parametric,openscad,0071/00710826,True,3,8,0.75,1.0,,,,0.9166666666666666,0.9166666666666666,0.000738,0.9262,0.5631,0.8806,0.355,0.7648,1.0,1.0,1.0,True,False,0.652275,1.0
grok46,parametric,openscad,0005/00057589,True,4,6,1.0,0.75,,,,0.8333333333333334,0.8333333333333334,0.000115,0.9885,0.7028,0.9829,0.5781,0.9065,1.0,1.0,1.0,True,False,0.793975,1.0
grok46,parametric,openscad,0015/00155951,True,4,8,1.0,1.0,,,,1.0,1.0,0.00028,0.972,0.8918,0.9415,0.4708,0.8803,1.0,1.0,1.0,True,False,0.803725,1.0
grok46,parametric,openscad,0013/00134405,True,2,8,0.5,1.0,,,,0.8333333333333334,0.8333333333333334,0.01,0.0,0.0735,0.4012,0.1092,0.517,1.0,1.0,1.0,True,False,0.174925,1.0
grok46,parametric,openscad,0053/00531353,True,3,8,0.75,1.0,,,,0.9166666666666666,0.9166666666666666,0.000535,0.9465,0.713,0.9086,0.5215,0.7787,1.0,1.0,1.0,True,False,0.7399249999999999,1.0
grok46,parametric,openscad,0094/00941813,True,4,8,1.0,1.0,,,,1.0,1.0,0.000122,0.9878,0.9846,0.9999,0.368,0.9256,1.0,1.0,1.0,True,False,0.8165,1.0
grok46,parametric,openscad,0081/00817410,True,4,8,1.0,1.0,,,,1.0,1.0,0.000132,0.9868,0.828,0.9844,0.5432,0.8653,1.0,1.0,1.0,True,False,0.805825,1.0
grok46,parametric,openscad,0045/00457640,True,4,7,1.0,0.875,,,,0.9166666666666666,0.9166666666666666,0.000282,0.9718,0.5111,0.9755,0.3143,0.8829,1.0,1.0,1.0,True,False,0.670025,1.0
grok46,parametric,openscad,0047/00478097,True,4,8,1.0,1.0,,,,1.0,1.0,6.9e-05,0.9931,0.9538,0.9973,0.6064,0.9142,1.0,1.0,1.0,True,False,0.8668750000000001,1.0
grok46,parametric,openscad,0013/00135353,True,4,8,1.0,1.0,,,,1.0,1.0,0.000346,0.9654,0.6458,0.9308,0.3458,0.7289,1.0,1.0,1.0,True,False,0.671475,1.0
grok46,parametric,openscad,0062/00621494,True,3,8,0.75,1.0,,,,0.9166666666666666,0.9166666666666666,0.000519,0.9480999999999999,0.5728,0.8992,0.334,0.832,1.0,1.0,1.0,True,False,0.671725,1.0
grok46,parametric,openscad,0016/00169954,True,2,8,0.5,1.0,,,,0.8333333333333334,0.8333333333333334,0.002281,0.7719,0.1123,0.7273,0.1735,0.5497,1.0,1.0,1.0,True,False,0.40185,1.0
grok46,parametric,openscad,0039/00390147,True,4,8,1.0,1.0,,,,1.0,1.0,9e-05,0.991,0.9453,0.9937,0.6011,0.8975,1.0,1.0,1.0,True,False,0.858725,1.0
grok46,parametric,openscad,0089/00895528,True,2,7,0.5,0.875,,,,0.75,0.75,0.004161,0.5839000000000001,0.259,0.5499,0.0433,0.531,1.0,1.0,1.0,True,False,0.3543,1.0
grok46,parametric,openscad,0030/00306122,True,4,5,1.0,0.625,,,,0.75,0.75,0.001262,0.8738,0.3256,0.7994,0.0932,0.5542,1.0,1.0,1.0,True,False,0.4617,1.0
grok46,parametric,openscad,0070/00706059,True,2,6,0.5,0.75,,,,0.6666666666666666,0.6666666666666666,0.000331,0.9669,0.8482,0.9337,0.3738,0.8301,1.0,1.0,1.0,True,False,0.75475,1.0
grok46,parametric,openscad,0008/00086411,True,3,7,0.75,0.875,,,,0.8333333333333334,0.8333333333333334,0.004508,0.5492,0.1223,0.4619,0.1224,0.3755,1.0,1.0,1.0,True,False,0.29235,1.0
grok46,parametric,openscad,0073/00732007,True,3,4,0.75,0.5,,,,0.5833333333333334,0.5833333333333334,0.000511,0.9489,0.4919,0.9008,0.4849,0.7925,1.0,1.0,1.0,True,False,0.67955,1.0
grok46,parametric,openscad,0010/00103639,True,3,8,0.75,1.0,,,,0.9166666666666666,0.9166666666666666,0.000134,0.9866,0.6039,0.9699,0.8286,0.7723,1.0,1.0,1.0,True,False,0.79785,1.0
grok46,parametric,openscad,0019/00199917,True,2,5,0.5,0.625,,,,0.5833333333333334,0.5833333333333334,0.000957,0.9043,0.6535,0.8971,0.3261,0.731,1.0,1.0,1.0,True,False,0.653725,1.0
grok46,parametric,openscad,0035/00350534,True,2,7,0.5,0.875,,,,0.75,0.75,0.000941,0.9059,0.6275,0.8455,0.2698,0.6993,1.0,1.0,1.0,True,False,0.625625,1.0
grok46,parametric,openscad,0043/00431078,True,4,8,1.0,1.0,,,,1.0,1.0,0.00062,0.938,0.3586,0.8585,0.1499,0.6961,1.0,1.0,1.0,True,False,0.53565,1.0
grok46,parametric,openscad,0073/00737056,True,4,8,1.0,1.0,,,,1.0,1.0,0.000565,0.9435,0.4458,0.9212,0.3197,0.8478,1.0,1.0,1.0,True,False,0.6392,1.0
grok46,parametric,openscad,0078/00788594,True,4,7,1.0,0.875,,,,0.9166666666666666,0.9166666666666666,0.000221,0.9779,0.6443,0.9794,0.3308,0.8214,1.0,1.0,1.0,True,False,0.6936,1.0
grok46,parametric,openscad,0067/00677148,True,3,8,0.75,1.0,,,,0.9166666666666666,0.9166666666666666,0.000963,0.9037,0.5502,0.7907,0.2415,0.7108,1.0,1.0,1.0,True,False,0.60155,1.0
grok46,parametric,openscad,0093/00937375,True,4,8,1.0,1.0,,,,1.0,1.0,0.000282,0.9718,0.6459,0.9751,0.5009,0.8171,1.0,1.0,1.0,True,False,0.733925,1.0
grok46,parametric,openscad,0072/00726428,True,4,6,1.0,0.75,,,,0.8333333333333334,0.8333333333333334,0.002029,0.7971,0.6073,0.79,0.1717,0.6979,1.0,1.0,1.0,True,False,0.5685,1.0
grok46,parametric,openscad,0049/00497058,True,4,8,1.0,1.0,,,,1.0,1.0,6.4e-05,0.9936,0.0,1.0,0.6387,0.8702,1.0,1.0,0.984654,False,True,0.625625,0.9948846666666666
grok46,parametric,openscad,0013/00133189,True,4,8,1.0,1.0,,,,1.0,1.0,0.000507,0.9493,0.5157,0.8762,0.2845,0.6057,1.0,1.0,1.0,True,False,0.5888,1.0
grok46,parametric,openscad,0024/00249966,True,4,8,1.0,1.0,,,,1.0,1.0,0.000544,0.9456,0.7184,0.9062,0.5741,0.7819,1.0,1.0,1.0,True,False,0.755,1.0
grok46,parametric,openscad,0004/00042777,True,3,8,0.75,1.0,,,,0.9166666666666666,0.9166666666666666,0.003614,0.6386000000000001,0.3317,0.6372,0.3496,0.5034,1.0,1.0,1.0,True,False,0.45582500000000004,1.0
grok46,parametric,openscad,0055/00553999,True,3,8,0.75,1.0,,,,0.9166666666666666,0.9166666666666666,0.005283,0.4717,0.3375,0.5477,0.0537,0.6297,1.0,1.0,1.0,True,False,0.37315000000000004,1.0
grok46,parametric,openscad,0068/00681400,True,4,8,1.0,1.0,,,,1.0,1.0,0.000213,0.9787,0.9154,0.9656,0.7901,0.8802,1.0,1.0,1.0,True,False,0.8911,1.0
grok46,parametric,openscad,0071/00714935,True,4,8,1.0,1.0,,,,1.0,1.0,8.5e-05,0.9915,0.9936,1.0,0.4972,0.9558,1.0,1.0,1.0,True,False,0.859525,1.0
grok46,parametric,openscad,0022/00227442,True,4,7,1.0,0.875,,,,0.9166666666666666,0.9166666666666666,0.000164,0.9836,0.776,0.9849,0.4937,0.8787,1.0,1.0,1.0,True,False,0.783,1.0
grok46,parametric,openscad,0039/00397627,True,3,7,0.75,0.875,,,,0.8333333333333334,0.8333333333333334,0.002761,0.7239,0.4969,0.7754,0.2063,0.5898,1.0,1.0,1.0,True,False,0.504225,1.0
grok46,parametric,openscad,0026/00268024,True,4,8,1.0,1.0,,,,1.0,1.0,2.6e-05,0.9974,0.9912,1.0,0.8802,0.9303,1.0,1.0,1.0,True,False,0.949775,1.0
grok46,parametric,openscad,0007/00073282,True,4,8,1.0,1.0,,,,1.0,1.0,0.002497,0.7503,0.0825,0.8391,0.0633,0.7566,1.0,1.0,1.0,True,False,0.413175,1.0
grok46,parametric,openscad,0036/00369868,True,4,8,1.0,1.0,,,,1.0,1.0,0.000379,0.9621,0.7606,0.9184,0.4008,0.8027,1.0,1.0,1.0,True,False,0.73155,1.0
grok46,parametric,openscad,0084/00844862,True,4,8,1.0,1.0,,,,1.0,1.0,4e-05,0.996,0.9805,1.0,0.7553,0.9356,1.0,1.0,1.0,True,False,0.9168499999999999,1.0
grok46,parametric,openscad,0026/00268027,True,4,8,1.0,1.0,,,,1.0,1.0,1.4e-05,0.9986,0.9768,1.0,0.9801,0.8993,1.0,1.0,1.0,True,False,0.9637,1.0
grok46,parametric,openscad,0092/00925049,True,4,8,1.0,1.0,,,,1.0,1.0,0.000206,0.9794,0.663,0.9696,0.4529,0.8309,1.0,1.0,1.0,True,False,0.73155,1.0
grok46,parametric,openscad,0072/00725542,True,4,6,1.0,0.75,,,,0.8333333333333334,0.8333333333333334,0.000327,0.9673,0.8552,0.9511,0.4854,0.8742,1.0,1.0,1.0,True,False,0.795525,1.0
grok46,parametric,openscad,0015/00150938,True,3,8,0.75,1.0,,,,0.9166666666666666,0.9166666666666666,0.000265,0.9735,0.7972,0.9561,0.5085,0.8554,1.0,1.0,1.0,True,False,0.78365,1.0
grok46,parametric,openscad,0072/00726429,True,4,7,1.0,0.875,,,,0.9166666666666666,0.9166666666666666,0.001396,0.8604,0.6091,0.8307,0.3042,0.7549,1.0,1.0,1.0,True,False,0.63215,1.0
grok46,parametric,openscad,0065/00657969,True,4,8,1.0,1.0,,,,1.0,1.0,0.001247,0.8753,0.3616,0.7494,0.3612,0.571,1.0,1.0,1.0,True,False,0.542275,1.0
grok46,parametric,openscad,0031/00310774,True,4,6,1.0,0.75,,,,0.8333333333333334,0.8333333333333334,0.000653,0.9347,0.3226,0.8315,0.282,0.8198,1.0,1.0,1.0,True,False,0.5897749999999999,1.0
grok46,parametric,openscad,0061/00618813,True,3,8,0.75,1.0,,,,0.9166666666666666,0.9166666666666666,0.000456,0.9544,0.7857,0.9733,0.4581,0.8815,1.0,1.0,1.0,True,False,0.769925,1.0
grok46,parametric,openscad,0030/00307386,True,4,8,1.0,1.0,,,,1.0,1.0,9e-05,0.991,0.9803,0.9882,0.6477,0.9033,1.0,1.0,1.0,True,False,0.880575,1.0
grok46,parametric,openscad,0072/00724192,True,4,8,1.0,1.0,,,,1.0,1.0,0.000139,0.9861,0.7612,0.9806,0.6352,0.8531,1.0,1.0,1.0,True,False,0.8089,1.0
grok46,parametric,openscad,0018/00189804,True,4,8,1.0,1.0,,,,1.0,1.0,0.000861,0.9139,0.0,0.8986,0.5235,0.7113,1.0,1.0,0.998543,False,True,0.537175,0.9995143333333333
grok46,parametric,openscad,0080/00807326,True,3,8,0.75,1.0,,,,0.9166666666666666,0.9166666666666666,0.00032,0.968,0.7521,0.9514,0.4804,0.7904,1.0,1.0,1.0,True,False,0.747725,1.0
grok46,parametric,openscad,0078/00789364,True,4,8,1.0,1.0,,,,1.0,1.0,0.000133,0.9867,0.0,1.0,0.5087,0.8655,1.0,1.0,1.0,False,True,0.590225,1.0
grok46,parametric,openscad,0002/00029952,True,4,8,1.0,1.0,,,,1.0,1.0,4.3e-05,0.9957,0.9948,1.0,0.7264,0.9319,1.0,1.0,1.0,True,False,0.9122,1.0
grok46,parametric,openscad,0005/00051224,True,4,8,1.0,1.0,,,,1.0,1.0,0.00024,0.976,0.7801,0.9598,0.5281,0.8653,1.0,1.0,1.0,True,False,0.7873749999999999,1.0
grok46,parametric,openscad,0087/00873073,True,4,8,1.0,1.0,,,,1.0,1.0,0.000648,0.9352,0.561,0.8695,0.4592,0.8501,1.0,1.0,1.0,True,False,0.701375,1.0
grok46,parametric,openscad,0077/00779770,True,2,5,0.5,0.625,,,,0.5833333333333334,0.5833333333333334,0.001849,0.8151,0.0571,0.6347,0.0289,0.6599,1.0,1.0,1.0,True,False,0.39025000000000004,1.0
grok46,parametric,openscad,0077/00778195,True,4,7,1.0,0.875,,,,0.9166666666666666,0.9166666666666666,5.4e-05,0.9946,0.7476,0.9938,0.8562,0.8089,1.0,1.0,1.0,True,False,0.851825,1.0
grok46,parametric,openscad,0039/00397628,True,4,7,1.0,0.875,,,,0.9166666666666666,0.9166666666666666,0.003814,0.6186,0.361,0.6965,0.1678,0.5474,1.0,1.0,1.0,True,False,0.4237,1.0
grok46,parametric,openscad,0008/00089777,True,4,8,1.0,1.0,,,,1.0,1.0,0.000292,0.9708,0.9302,0.9412,0.4058,0.9404,1.0,1.0,1.0,True,False,0.8118,1.0
grok46,parametric,openscad,0075/00758810,True,4,8,1.0,1.0,,,,1.0,1.0,0.001281,0.8719,0.4192,0.8054,0.3375,0.6208,1.0,1.0,1.0,True,False,0.56235,1.0
grok46,parametric,openscad,0028/00284926,True,4,8,1.0,1.0,,,,1.0,1.0,0.000147,0.9853,0.7732,0.9633,0.7709,0.8106,1.0,1.0,1.0,True,False,0.835,1.0
grok46,parametric,openscad,0074/00741629,True,3,8,0.75,1.0,,,,0.9166666666666666,0.9166666666666666,0.000842,0.9158,0.6565,0.8669,0.3723,0.7568,1.0,1.0,1.0,True,False,0.67535,1.0
grok46,parametric,openscad,0097/00973497,True,4,8,1.0,1.0,,,,1.0,1.0,0.000599,0.9401,0.4642,0.8479,0.5583,0.6913,1.0,1.0,1.0,True,False,0.663475,1.0
grok46,parametric,openscad,0047/00474303,True,3,7,0.75,0.875,,,,0.8333333333333334,0.8333333333333334,0.00124,0.876,0.2649,0.8423,0.2211,0.7684,1.0,1.0,1.0,True,False,0.5326,1.0
grok46,parametric,openscad,0061/00616188,True,3,8,0.75,1.0,,,,0.9166666666666666,0.9166666666666666,0.000304,0.9696,0.7536,0.9124,0.6502,0.7821,1.0,1.0,0.999429,True,False,0.788875,0.9998096666666667
grok46,parametric,openscad,0005/00051572,True,4,8,1.0,1.0,,,,1.0,1.0,5.4e-05,0.9946,0.9732,1.0,0.6653,0.8752,1.0,1.0,1.0,True,False,0.877075,1.0
grok46,parametric,openscad,0025/00253807,True,4,8,1.0,1.0,,,,1.0,1.0,0.000704,0.9296,0.5569,0.8596,0.4216,0.7097,1.0,1.0,1.0,True,False,0.65445,1.0
grok46,parametric,openscad,0024/00242128,True,4,8,1.0,1.0,,,,1.0,1.0,0.000364,0.9636,0.4194,0.952,0.4904,0.8449,1.0,1.0,1.0,True,False,0.679575,1.0
grok46,parametric,openscad,0029/00292492,True,4,7,1.0,0.875,,,,0.9166666666666666,0.9166666666666666,0.000429,0.9571,0.6455,0.9069,0.4015,0.7482,1.0,1.0,1.0,True,False,0.688075,1.0
grok46,parametric,openscad,0054/00547865,True,4,8,1.0,1.0,,,,1.0,1.0,6.3e-05,0.9937,0.9864,0.9993,0.6582,0.936,1.0,1.0,1.0,True,False,0.893575,1.0
grok46,parametric,openscad,0005/00052091,True,3,8,0.75,1.0,,,,0.9166666666666666,0.9166666666666666,0.000355,0.9645,0.8127,0.9411,0.4248,0.8318,1.0,1.0,1.0,True,False,0.75845,1.0
grok46,parametric,openscad,0034/00344679,True,4,6,1.0,0.75,,,,0.8333333333333334,0.8333333333333334,0.003057,0.6943,0.6273,0.6885,0.1508,0.6025,1.0,1.0,1.0,True,False,0.518725,1.0
grok46,parametric,openscad,0092/00923543,True,3,8,0.75,1.0,,,,0.9166666666666666,0.9166666666666666,0.000589,0.9411,0.5118,0.8918,0.5635,0.6863,1.0,1.0,1.0,True,False,0.675675,1.0
grok46,parametric,openscad,0024/00242859,True,4,3,1.0,0.375,,,,0.5833333333333334,0.5833333333333334,0.000965,0.9035,0.6602,0.8269,0.2234,0.6804,1.0,1.0,1.0,True,False,0.616875,1.0
grok46,parametric,openscad,0079/00790247,True,4,8,1.0,1.0,,,,1.0,1.0,6e-05,0.994,0.9972,1.0,0.6125,0.9526,1.0,1.0,1.0,True,False,0.8890750000000001,1.0
grok46,parametric,openscad,0084/00843879,True,3,7,0.75,0.875,,,,0.8333333333333334,0.8333333333333334,0.000448,0.9552,0.7409,0.8833,0.5056,0.7783,1.0,1.0,1.0,True,False,0.745,1.0
grok46,parametric,openscad,0010/00108226,True,3,7,0.75,0.875,,,,0.8333333333333334,0.8333333333333334,0.000772,0.9228,0.7381,0.9283,0.5642,0.8169,1.0,1.0,1.0,True,False,0.7605,1.0
grok46,parametric,openscad,0026/00268031,True,4,7,1.0,0.875,,,,0.9166666666666666,0.9166666666666666,0.002423,0.7577,0.5501,0.819,0.3516,0.7275,1.0,1.0,1.0,True,False,0.5967250000000001,1.0
grok46,parametric,openscad,0022/00225399,True,3,8,0.75,1.0,,,,0.9166666666666666,0.9166666666666666,0.000846,0.9154,0.7621,0.8747,0.2006,0.7557,1.0,1.0,0.998745,True,False,0.65845,0.9995816666666667
grok46,parametric,openscad,0057/00570258,True,2,8,0.5,1.0,,,,0.8333333333333334,0.8333333333333334,0.000852,0.9148000000000001,0.6856,0.9781,0.2696,0.941,1.0,1.0,1.0,True,False,0.70275,1.0
grok46,parametric,openscad,0010/00101896,True,4,6,1.0,0.75,,,,0.8333333333333334,0.8333333333333334,0.001082,0.8918,0.7392,0.8639,0.2041,0.7874,1.0,1.0,0.997596,True,False,0.655625,0.9991986666666667
grok46,parametric,openscad,0061/00619989,True,3,8,0.75,1.0,,,,0.9166666666666666,0.9166666666666666,0.000828,0.9172,0.7724,0.9147,0.1798,0.7924,1.0,1.0,1.0,True,False,0.66545,1.0
grok46,parametric,openscad,0022/00226013,True,4,8,1.0,1.0,,,,1.0,1.0,0.000242,0.9758,0.8478,0.9774,0.361,0.873,1.0,1.0,1.0,True,False,0.7644,1.0
grok46,parametric,openscad,0052/00523563,True,4,8,1.0,1.0,,,,1.0,1.0,0.001539,0.8461,0.7384,0.8073,0.3005,0.725,1.0,1.0,1.0,True,False,0.6525,1.0
grok46,parametric,openscad,0036/00361447,True,4,8,1.0,1.0,,,,1.0,1.0,8.8e-05,0.9912,0.8938,0.9999,0.5928,0.8354,1.0,1.0,1.0,True,False,0.8283,1.0
grok46,parametric,openscad,0070/00709862,True,4,7,1.0,0.875,,,,0.9166666666666666,0.9166666666666666,0.000109,0.9891,0.8729,0.9894,0.5523,0.7891,1.0,1.0,1.0,True,False,0.8008500000000001,1.0
grok46,parametric,openscad,0054/00541109,True,4,8,1.0,1.0,,,,1.0,1.0,0.003487,0.6513,0.1476,0.4766,0.0516,0.5252,1.0,1.0,1.0,True,False,0.343925,1.0
grok46,parametric,openscad,0086/00866616,True,4,8,1.0,1.0,,,,1.0,1.0,5.8e-05,0.9942,0.8868,0.9926,0.8441,0.9392,1.0,1.0,1.0,True,False,0.916075,1.0
grok46,parametric,openscad,0027/00279318,True,3,8,0.75,1.0,,,,0.9166666666666666,0.9166666666666666,0.000589,0.9411,0.3839,0.8675,0.4054,0.6484,1.0,1.0,1.0,True,False,0.5947,1.0
grok46,parametric,openscad,0082/00827203,True,4,8,1.0,1.0,,,,1.0,1.0,0.000134,0.9866,0.7449,0.9878,0.5511,0.9008,1.0,1.0,1.0,True,False,0.7958500000000001,1.0
grok46,parametric,openscad,0039/00391450,True,0,2,0.0,0.25,,,,0.16666666666666666,0.16666666666666666,0.002748,0.7252000000000001,0.2778,0.5613,0.1,0.6562,1.0,1.0,1.0,True,False,0.4398,1.0
grok46,parametric,openscad,0013/00135378,True,4,8,1.0,1.0,,,,1.0,1.0,0.000186,0.9814,0.8727,0.9588,0.6641,0.8738,1.0,1.0,1.0,True,False,0.8480000000000001,1.0
grok46,parametric,openscad,0093/00934405,True,4,7,1.0,0.875,,,,0.9166666666666666,0.9166666666666666,0.000496,0.9504,0.4466,0.9171,0.1959,0.6927,1.0,1.0,1.0,True,False,0.5714,1.0
grok46,parametric,openscad,0056/00568816,True,2,6,0.5,0.75,,,,0.6666666666666666,0.6666666666666666,0.000593,0.9407,0.3591,0.8358,0.3291,0.6478,1.0,1.0,1.0,True,False,0.569175,1.0
grok46,parametric,openscad,0072/00728052,True,4,8,1.0,1.0,,,,1.0,1.0,0.000329,0.9671,0.8841,0.9632,0.4742,0.9028,1.0,1.0,1.0,True,False,0.80705,1.0
grok46,parametric,openscad,0021/00210983,True,4,8,1.0,1.0,,,,1.0,1.0,0.001531,0.8469,0.0,0.7656,0.3564,0.7775,1.0,1.0,1.0,False,True,0.4952,1.0
grok46,parametric,openscad,0046/00460772,True,3,8,0.75,1.0,,,,0.9166666666666666,0.9166666666666666,8.6e-05,0.9914,0.9275,0.9903,0.7833,0.8885,1.0,1.0,1.0,True,False,0.897675,1.0
gpt6_probe,descriptive,json,0085/00852511,True,4,0,1.0,,10,10,1.0,1.0,,,,,,,,,,,,,,
gpt6_probe,descriptive,json,0009/00099014,True,4,0,1.0,,10,10,1.0,1.0,,,,,,,,,,,,,,
gpt6_probe,descriptive,json,0071/00710826,True,4,0,1.0,,10,10,1.0,1.0,,,,,,,,,,,,,,
gpt6_probe,descriptive,json,0005/00057589,True,4,0,1.0,,8,8,0.7777777777777778,0.8888888888888888,,,,,,,,,,,,,,
gpt6_probe,descriptive,json,0015/00155951,True,4,0,1.0,,10,10,1.0,1.0,,,,,,,,,,,,,,
gpt6_probe,descriptive,json,0013/00134405,True,4,0,1.0,,10,10,1.0,1.0,,,,,,,,,,,,,,
gpt6_probe,descriptive,json,0053/00531353,True,4,0,1.0,,10,10,1.0,1.0,,,,,,,,,,,,,,
gpt6_probe,descriptive,json,0094/00941813,True,4,0,1.0,,10,10,1.0,1.0,,,,,,,,,,,,,,
gpt6_probe,descriptive,json,0081/00817410,True,3,0,0.75,,10,10,1.0,0.875,,,,,,,,,,,,,,
gpt6_probe,descriptive,json,0045/00457640,True,4,0,1.0,,10,10,1.0,1.0,,,,,,,,,,,,,,
gpt6_probe,descriptive,json,0047/00478097,True,4,0,1.0,,10,10,1.0,1.0,,,,,,,,,,,,,,
gpt6_probe,descriptive,json,0013/00135353,True,4,0,1.0,,10,10,1.0,1.0,,,,,,,,,,,,,,
gpt6_probe,descriptive,json,0062/00621494,True,4,0,1.0,,8,8,0.7777777777777778,0.8888888888888888,,,,,,,,,,,,,,
gpt6_probe,descriptive,json,0016/00169954,True,4,0,1.0,,10,10,1.0,1.0,,,,,,,,,,,,,,
gpt6_probe,descriptive,json,0039/00390147,True,4,0,1.0,,8,8,0.7777777777777778,0.8888888888888888,,,,,,,,,,,,,,
gpt6_probe,descriptive,json,0089/00895528,True,4,0,1.0,,10,10,1.0,1.0,,,,,,,,,,,,,,
gpt6_probe,descriptive,json,0030/00306122,True,4,0,1.0,,10,10,1.0,1.0,,,,,,,,,,,,,,
gpt6_probe,descriptive,json,0070/00706059,True,4,0,1.0,,9,9,0.8888888888888888,0.9444444444444444,,,,,,,,,,,,,,
gpt6_probe,descriptive,json,0008/00086411,True,4,0,1.0,,10,10,1.0,1.0,,,,,,,,,,,,,,
gpt6_probe,descriptive,json,0073/00732007,True,4,0,1.0,,10,10,1.0,1.0,,,,,,,,,,,,,,
gpt6_probe,descriptive,json,0010/00103639,True,4,0,1.0,,10,10,1.0,1.0,,,,,,,,,,,,,,
gpt6_probe,descriptive,json,0019/00199917,True,3,0,0.75,,10,10,1.0,0.875,,,,,,,,,,,,,,
gpt6_probe,descriptive,json,0035/00350534,True,4,0,1.0,,4,4,0.3333333333333333,0.6666666666666666,,,,,,,,,,,,,,
gpt6_probe,descriptive,json,0043/00431078,True,3,0,0.75,,10,10,1.0,0.875,,,,,,,,,,,,,,
gpt6_probe,descriptive,json,0073/00737056,True,4,0,1.0,,4,4,0.3333333333333333,0.6666666666666666,,,,,,,,,,,,,,
gpt6_probe,descriptive,json,0078/00788594,True,4,0,1.0,,10,10,1.0,1.0,,,,,,,,,,,,,,
gpt6_probe,descriptive,json,0067/00677148,True,4,0,1.0,,10,10,1.0,1.0,,,,,,,,,,,,,,
gpt6_probe,descriptive,json,0093/00937375,True,3,0,0.75,,10,10,1.0,0.875,,,,,,,,,,,,,,
gpt6_probe,descriptive,json,0072/00726428,True,4,0,1.0,,4,4,0.3333333333333333,0.6666666666666666,,,,,,,,,,,,,,
gpt6_probe,descriptive,json,0049/00497058,True,4,0,1.0,,10,10,1.0,1.0,,,,,,,,,,,,,,
gpt6_probe,descriptive,json,0013/00133189,True,4,0,1.0,,10,10,1.0,1.0,,,,,,,,,,,,,,
gpt6_probe,descriptive,json,0024/00249966,True,4,0,1.0,,10,10,1.0,1.0,,,,,,,,,,,,,,
gpt6_probe,descriptive,json,0004/00042777,True,4,0,1.0,,10,10,1.0,1.0,,,,,,,,,,,,,,
gpt6_probe,descriptive,json,0055/00553999,True,4,0,1.0,,10,10,1.0,1.0,,,,,,,,,,,,,,
gpt6_probe,descriptive,json,0068/00681400,True,4,0,1.0,,6,6,0.5555555555555556,0.7777777777777778,,,,,,,,,,,,,,
gpt6_probe,descriptive,json,0071/00714935,True,4,0,1.0,,10,10,1.0,1.0,,,,,,,,,,,,,,
gpt6_probe,descriptive,json,0022/00227442,True,4,0,1.0,,10,10,1.0,1.0,,,,,,,,,,,,,,
gpt6_probe,descriptive,json,0039/00397627,True,4,0,1.0,,4,4,0.3333333333333333,0.6666666666666666,,,,,,,,,,,,,,
gpt6_probe,descriptive,json,0026/00268024,True,4,0,1.0,,10,10,1.0,1.0,,,,,,,,,,,,,,
gpt6_probe,descriptive,json,0007/00073282,True,3,0,0.75,,10,10,1.0,0.875,,,,,,,,,,,,,,
gpt6_probe,descriptive,json,0036/00369868,True,4,0,1.0,,10,10,1.0,1.0,,,,,,,,,,,,,,
gpt6_probe,descriptive,json,0084/00844862,True,4,0,1.0,,10,10,1.0,1.0,,,,,,,,,,,,,,
gpt6_probe,descriptive,json,0026/00268027,True,4,0,1.0,,10,10,1.0,1.0,,,,,,,,,,,,,,
gpt6_probe,descriptive,json,0092/00925049,True,4,0,1.0,,10,10,1.0,1.0,,,,,,,,,,,,,,
gpt6_probe,descriptive,json,0072/00725542,True,4,0,1.0,,10,10,1.0,1.0,,,,,,,,,,,,,,
gpt6_probe,descriptive,json,0015/00150938,True,4,0,1.0,,10,10,1.0,1.0,,,,,,,,,,,,,,
gpt6_probe,descriptive,json,0072/00726429,True,4,0,1.0,,1,1,0.0,0.5,,,,,,,,,,,,,,
gpt6_probe,descriptive,json,0065/00657969,True,4,0,1.0,,10,10,1.0,1.0,,,,,,,,,,,,,,
gpt6_probe,descriptive,json,0031/00310774,True,4,0,1.0,,10,10,1.0,1.0,,,,,,,,,,,,,,
gpt6_probe,descriptive,json,0061/00618813,True,4,0,1.0,,10,10,1.0,1.0,,,,,,,,,,,,,,
gpt6_probe,descriptive,json,0030/00307386,True,4,0,1.0,,10,10,1.0,1.0,,,,,,,,,,,,,,
gpt6_probe,descriptive,json,0072/00724192,True,4,0,1.0,,10,10,1.0,1.0,,,,,,,,,,,,,,
gpt6_probe,descriptive,json,0018/00189804,True,4,0,1.0,,10,10,1.0,1.0,,,,,,,,,,,,,,
gpt6_probe,descriptive,json,0080/00807326,True,4,0,1.0,,8,8,0.7777777777777778,0.8888888888888888,,,,,,,,,,,,,,
gpt6_probe,descriptive,json,0078/00789364,True,4,0,1.0,,10,10,1.0,1.0,,,,,,,,,,,,,,
gpt6_probe,descriptive,json,0002/00029952,True,4,0,1.0,,10,10,1.0,1.0,,,,,,,,,,,,,,
gpt6_probe,descriptive,json,0005/00051224,True,4,0,1.0,,10,10,1.0,1.0,,,,,,,,,,,,,,
gpt6_probe,descriptive,json,0087/00873073,True,4,0,1.0,,10,10,1.0,1.0,,,,,,,,,,,,,,
gpt6_probe,descriptive,json,0077/00779770,True,4,0,1.0,,4,4,0.3333333333333333,0.6666666666666666,,,,,,,,,,,,,,
gpt6_probe,descriptive,json,0077/00778195,True,4,0,1.0,,10,10,1.0,1.0,,,,,,,,,,,,,,
gpt6_probe,descriptive,json,0039/00397628,True,4,0,1.0,,3,3,0.2222222222222222,0.6111111111111112,,,,,,,,,,,,,,
gpt6_probe,descriptive,json,0008/00089777,True,4,0,1.0,,10,10,1.0,1.0,,,,,,,,,,,,,,
gpt6_probe,descriptive,json,0075/00758810,True,4,0,1.0,,4,4,0.3333333333333333,0.6666666666666666,,,,,,,,,,,,,,
gpt6_probe,descriptive,json,0028/00284926,True,4,0,1.0,,10,10,1.0,1.0,,,,,,,,,,,,,,
gpt6_probe,descriptive,json,0074/00741629,True,3,0,0.75,,8,8,0.7777777777777778,0.7638888888888888,,,,,,,,,,,,,,
gpt6_probe,descriptive,json,0097/00973497,True,4,0,1.0,,10,10,1.0,1.0,,,,,,,,,,,,,,
gpt6_probe,descriptive,json,0047/00474303,True,4,0,1.0,,8,8,0.7777777777777778,0.8888888888888888,,,,,,,,,,,,,,
gpt6_probe,descriptive,json,0061/00616188,True,4,0,1.0,,5,5,0.4444444444444444,0.7222222222222222,,,,,,,,,,,,,,
gpt6_probe,descriptive,json,0005/00051572,True,4,0,1.0,,10,10,1.0,1.0,,,,,,,,,,,,,,
gpt6_probe,descriptive,json,0025/00253807,True,4,0,1.0,,8,8,0.7777777777777778,0.8888888888888888,,,,,,,,,,,,,,
gpt6_probe,descriptive,json,0024/00242128,True,4,0,1.0,,10,10,1.0,1.0,,,,,,,,,,,,,,
gpt6_probe,descriptive,json,0029/00292492,True,4,0,1.0,,10,10,1.0,1.0,,,,,,,,,,,,,,
gpt6_probe,descriptive,json,0054/00547865,True,4,0,1.0,,10,10,1.0,1.0,,,,,,,,,,,,,,
gpt6_probe,descriptive,json,0005/00052091,True,4,0,1.0,,10,10,1.0,1.0,,,,,,,,,,,,,,
gpt6_probe,descriptive,json,0034/00344679,True,4,0,1.0,,2,2,0.1111111111111111,0.5555555555555556,,,,,,,,,,,,,,
gpt6_probe,descriptive,json,0092/00923543,True,4,0,1.0,,10,10,1.0,1.0,,,,,,,,,,,,,,
gpt6_probe,descriptive,json,0024/00242859,True,4,0,1.0,,5,5,0.4444444444444444,0.7222222222222222,,,,,,,,,,,,,,
gpt6_probe,descriptive,json,0079/00790247,True,4,0,1.0,,10,10,1.0,1.0,,,,,,,,,,,,,,
gpt6_probe,descriptive,json,0084/00843879,True,4,0,1.0,,10,10,1.0,1.0,,,,,,,,,,,,,,
gpt6_probe,descriptive,json,0010/00108226,True,4,0,1.0,,7,7,0.6666666666666666,0.8333333333333333,,,,,,,,,,,,,,
gpt6_probe,descriptive,json,0026/00268031,True,4,0,1.0,,10,10,1.0,1.0,,,,,,,,,,,,,,
gpt6_probe,descriptive,json,0022/00225399,True,4,0,1.0,,10,10,1.0,1.0,,,,,,,,,,,,,,
gpt6_probe,descriptive,json,0057/00570258,True,4,0,1.0,,10,10,1.0,1.0,,,,,,,,,,,,,,
gpt6_probe,descriptive,json,0010/00101896,True,4,0,1.0,,4,4,0.3333333333333333,0.6666666666666666,,,,,,,,,,,,,,
gpt6_probe,descriptive,json,0061/00619989,True,3,0,0.75,,10,10,1.0,0.875,,,,,,,,,,,,,,
gpt6_probe,descriptive,json,0022/00226013,True,4,0,1.0,,10,10,1.0,1.0,,,,,,,,,,,,,,
gpt6_probe,descriptive,json,0052/00523563,True,4,0,1.0,,10,10,1.0,1.0,,,,,,,,,,,,,,
gpt6_probe,descriptive,json,0036/00361447,True,4,0,1.0,,10,10,1.0,1.0,,,,,,,,,,,,,,
gpt6_probe,descriptive,json,0070/00709862,True,4,0,1.0,,10,10,1.0,1.0,,,,,,,,,,,,,,
gpt6_probe,descriptive,json,0054/00541109,True,4,0,1.0,,6,6,0.5555555555555556,0.7777777777777778,,,,,,,,,,,,,,
gpt6_probe,descriptive,json,0086/00866616,True,4,0,1.0,,7,7,0.6666666666666666,0.8333333333333333,,,,,,,,,,,,,,
gpt6_probe,descriptive,json,0027/00279318,True,4,0,1.0,,10,10,1.0,1.0,,,,,,,,,,,,,,
gpt6_probe,descriptive,json,0082/00827203,True,4,0,1.0,,10,10,1.0,1.0,,,,,,,,,,,,,,
gpt6_probe,descriptive,json,0039/00391450,True,3,0,0.75,,4,4,0.3333333333333333,0.5416666666666666,,,,,,,,,,,,,,
gpt6_probe,descriptive,json,0013/00135378,True,4,0,1.0,,10,10,1.0,1.0,,,,,,,,,,,,,,
gpt6_probe,descriptive,json,0093/00934405,True,4,0,1.0,,10,10,1.0,1.0,,,,,,,,,,,,,,
gpt6_probe,descriptive,json,0056/00568816,True,4,0,1.0,,10,10,1.0,1.0,,,,,,,,,,,,,,
gpt6_probe,descriptive,json,0072/00728052,True,4,0,1.0,,10,10,1.0,1.0,,,,,,,,,,,,,,
gpt6_probe,descriptive,json,0021/00210983,True,4,0,1.0,,10,10,1.0,1.0,,,,,,,,,,,,,,
gpt6_probe,descriptive,json,0046/00460772,True,3,0,0.75,,10,10,1.0,0.875,,,,,,,,,,,,,,
gpt6_probe,descriptive,openscad,0085/00852511,True,4,0,1.0,,10,10,1.0,1.0,,,,,,,,,,,,,,
gpt6_probe,descriptive,openscad,0009/00099014,True,4,0,1.0,,10,10,1.0,1.0,,,,,,,,,,,,,,
gpt6_probe,descriptive,openscad,0071/00710826,True,4,0,1.0,,10,10,1.0,1.0,,,,,,,,,,,,,,
gpt6_probe,descriptive,openscad,0005/00057589,True,4,0,1.0,,10,10,1.0,1.0,,,,,,,,,,,,,,
gpt6_probe,descriptive,openscad,0015/00155951,True,4,0,1.0,,10,10,1.0,1.0,,,,,,,,,,,,,,
gpt6_probe,descriptive,openscad,0013/00134405,True,4,0,1.0,,10,10,1.0,1.0,,,,,,,,,,,,,,
gpt6_probe,descriptive,openscad,0053/00531353,True,4,0,1.0,,10,10,1.0,1.0,,,,,,,,,,,,,,
gpt6_probe,descriptive,openscad,0094/00941813,True,4,0,1.0,,10,10,1.0,1.0,,,,,,,,,,,,,,
gpt6_probe,descriptive,openscad,0081/00817410,True,4,0,1.0,,10,10,1.0,1.0,,,,,,,,,,,,,,
gpt6_probe,descriptive,openscad,0045/00457640,True,4,0,1.0,,10,10,1.0,1.0,,,,,,,,,,,,,,
gpt6_probe,descriptive,openscad,0047/00478097,True,4,0,1.0,,10,10,1.0,1.0,,,,,,,,,,,,,,
gpt6_probe,descriptive,openscad,0013/00135353,True,3,0,0.75,,10,10,1.0,0.875,,,,,,,,,,,,,,
gpt6_probe,descriptive,openscad,0062/00621494,True,4,0,1.0,,6,6,0.5555555555555556,0.7777777777777778,,,,,,,,,,,,,,
gpt6_probe,descriptive,openscad,0016/00169954,True,4,0,1.0,,10,10,1.0,1.0,,,,,,,,,,,,,,
gpt6_probe,descriptive,openscad,0039/00390147,True,4,0,1.0,,8,8,0.7777777777777778,0.8888888888888888,,,,,,,,,,,,,,
gpt6_probe,descriptive,openscad,0089/00895528,True,4,0,1.0,,10,10,1.0,1.0,,,,,,,,,,,,,,
gpt6_probe,descriptive,openscad,0030/00306122,True,4,0,1.0,,10,10,1.0,1.0,,,,,,,,,,,,,,
gpt6_probe,descriptive,openscad,0070/00706059,True,4,0,1.0,,10,10,1.0,1.0,,,,,,,,,,,,,,
gpt6_probe,descriptive,openscad,0008/00086411,True,4,0,1.0,,10,10,1.0,1.0,,,,,,,,,,,,,,
gpt6_probe,descriptive,openscad,0073/00732007,True,4,0,1.0,,10,10,1.0,1.0,,,,,,,,,,,,,,
gpt6_probe,descriptive,openscad,0010/00103639,True,4,0,1.0,,10,10,1.0,1.0,,,,,,,,,,,,,,
gpt6_probe,descriptive,openscad,0019/00199917,True,4,0,1.0,,10,10,1.0,1.0,,,,,,,,,,,,,,
gpt6_probe,descriptive,openscad,0035/00350534,True,4,0,1.0,,6,6,0.5555555555555556,0.7777777777777778,,,,,,,,,,,,,,
gpt6_probe,descriptive,openscad,0043/00431078,True,4,0,1.0,,10,10,1.0,1.0,,,,,,,,,,,,,,
gpt6_probe,descriptive,openscad,0073/00737056,True,4,0,1.0,,4,4,0.3333333333333333,0.6666666666666666,,,,,,,,,,,,,,
gpt6_probe,descriptive,openscad,0078/00788594,True,4,0,1.0,,10,10,1.0,1.0,,,,,,,,,,,,,,
gpt6_probe,descriptive,openscad,0067/00677148,True,4,0,1.0,,10,10,1.0,1.0,,,,,,,,,,,,,,
gpt6_probe,descriptive,openscad,0093/00937375,True,4,0,1.0,,10,10,1.0,1.0,,,,,,,,,,,,,,
gpt6_probe,descriptive,openscad,0072/00726428,True,4,0,1.0,,1,1,0.0,0.5,,,,,,,,,,,,,,
gpt6_probe,descriptive,openscad,0049/00497058,True,4,0,1.0,,10,10,1.0,1.0,,,,,,,,,,,,,,
gpt6_probe,descriptive,openscad,0013/00133189,True,4,0,1.0,,10,10,1.0,1.0,,,,,,,,,,,,,,
gpt6_probe,descriptive,openscad,0024/00249966,True,4,0,1.0,,10,10,1.0,1.0,,,,,,,,,,,,,,
gpt6_probe,descriptive,openscad,0004/00042777,True,4,0,1.0,,6,6,0.5555555555555556,0.7777777777777778,,,,,,,,,,,,,,
gpt6_probe,descriptive,openscad,0055/00553999,True,4,0,1.0,,8,8,0.7777777777777778,0.8888888888888888,,,,,,,,,,,,,,
gpt6_probe,descriptive,openscad,0068/00681400,True,4,0,1.0,,6,6,0.5555555555555556,0.7777777777777778,,,,,,,,,,,,,,
gpt6_probe,descriptive,openscad,0071/00714935,True,4,0,1.0,,10,10,1.0,1.0,,,,,,,,,,,,,,
gpt6_probe,descriptive,openscad,0022/00227442,True,4,0,1.0,,10,10,1.0,1.0,,,,,,,,,,,,,,
gpt6_probe,descriptive,openscad,0039/00397627,True,4,0,1.0,,4,4,0.3333333333333333,0.6666666666666666,,,,,,,,,,,,,,
gpt6_probe,descriptive,openscad,0026/00268024,True,4,0,1.0,,10,10,1.0,1.0,,,,,,,,,,,,,,
gpt6_probe,descriptive,openscad,0007/00073282,True,3,0,0.75,,10,10,1.0,0.875,,,,,,,,,,,,,,
gpt6_probe,descriptive,openscad,0036/00369868,True,4,0,1.0,,6,6,0.5555555555555556,0.7777777777777778,,,,,,,,,,,,,,
gpt6_probe,descriptive,openscad,0084/00844862,True,4,0,1.0,,10,10,1.0,1.0,,,,,,,,,,,,,,
gpt6_probe,descriptive,openscad,0026/00268027,True,4,0,1.0,,10,10,1.0,1.0,,,,,,,,,,,,,,
gpt6_probe,descriptive,openscad,0092/00925049,True,4,0,1.0,,10,10,1.0,1.0,,,,,,,,,,,,,,
gpt6_probe,descriptive,openscad,0072/00725542,True,4,0,1.0,,10,10,1.0,1.0,,,,,,,,,,,,,,
gpt6_probe,descriptive,openscad,0015/00150938,True,4,0,1.0,,10,10,1.0,1.0,,,,,,,,,,,,,,
gpt6_probe,descriptive,openscad,0072/00726429,True,4,0,1.0,,1,1,0.0,0.5,,,,,,,,,,,,,,
gpt6_probe,descriptive,openscad,0065/00657969,True,4,0,1.0,,5,5,0.4444444444444444,0.7222222222222222,,,,,,,,,,,,,,
gpt6_probe,descriptive,openscad,0031/00310774,True,4,0,1.0,,10,10,1.0,1.0,,,,,,,,,,,,,,
gpt6_probe,descriptive,openscad,0061/00618813,True,4,0,1.0,,10,10,1.0,1.0,,,,,,,,,,,,,,
gpt6_probe,descriptive,openscad,0030/00307386,True,4,0,1.0,,10,10,1.0,1.0,,,,,,,,,,,,,,
gpt6_probe,descriptive,openscad,0072/00724192,True,4,0,1.0,,10,10,1.0,1.0,,,,,,,,,,,,,,
gpt6_probe,descriptive,openscad,0018/00189804,True,4,0,1.0,,10,10,1.0,1.0,,,,,,,,,,,,,,
gpt6_probe,descriptive,openscad,0080/00807326,True,4,0,1.0,,10,10,1.0,1.0,,,,,,,,,,,,,,
gpt6_probe,descriptive,openscad,0078/00789364,True,4,0,1.0,,10,10,1.0,1.0,,,,,,,,,,,,,,
gpt6_probe,descriptive,openscad,0002/00029952,True,4,0,1.0,,10,10,1.0,1.0,,,,,,,,,,,,,,
gpt6_probe,descriptive,openscad,0005/00051224,True,4,0,1.0,,10,10,1.0,1.0,,,,,,,,,,,,,,
gpt6_probe,descriptive,openscad,0087/00873073,True,4,0,1.0,,7,7,0.6666666666666666,0.8333333333333333,,,,,,,,,,,,,,
gpt6_probe,descriptive,openscad,0077/00779770,True,4,0,1.0,,4,4,0.3333333333333333,0.6666666666666666,,,,,,,,,,,,,,
gpt6_probe,descriptive,openscad,0077/00778195,True,4,0,1.0,,10,10,1.0,1.0,,,,,,,,,,,,,,
gpt6_probe,descriptive,openscad,0039/00397628,True,4,0,1.0,,4,4,0.3333333333333333,0.6666666666666666,,,,,,,,,,,,,,
gpt6_probe,descriptive,openscad,0008/00089777,True,4,0,1.0,,10,10,1.0,1.0,,,,,,,,,,,,,,
gpt6_probe,descriptive,openscad,0075/00758810,True,4,0,1.0,,6,6,0.5555555555555556,0.7777777777777778,,,,,,,,,,,,,,
gpt6_probe,descriptive,openscad,0028/00284926,True,4,0,1.0,,10,10,1.0,1.0,,,,,,,,,,,,,,
gpt6_probe,descriptive,openscad,0074/00741629,True,4,0,1.0,,6,6,0.5555555555555556,0.7777777777777778,,,,,,,,,,,,,,
gpt6_probe,descriptive,openscad,0097/00973497,True,4,0,1.0,,10,10,1.0,1.0,,,,,,,,,,,,,,
gpt6_probe,descriptive,openscad,0047/00474303,True,4,0,1.0,,10,10,1.0,1.0,,,,,,,,,,,,,,
gpt6_probe,descriptive,openscad,0061/00616188,True,4,0,1.0,,6,6,0.5555555555555556,0.7777777777777778,,,,,,,,,,,,,,
gpt6_probe,descriptive,openscad,0005/00051572,True,4,0,1.0,,10,10,1.0,1.0,,,,,,,,,,,,,,
gpt6_probe,descriptive,openscad,0025/00253807,True,4,0,1.0,,6,6,0.5555555555555556,0.7777777777777778,,,,,,,,,,,,,,
gpt6_probe,descriptive,openscad,0024/00242128,True,4,0,1.0,,10,10,1.0,1.0,,,,,,,,,,,,,,
gpt6_probe,descriptive,openscad,0029/00292492,True,4,0,1.0,,10,10,1.0,1.0,,,,,,,,,,,,,,
gpt6_probe,descriptive,openscad,0054/00547865,True,4,0,1.0,,10,10,1.0,1.0,,,,,,,,,,,,,,
gpt6_probe,descriptive,openscad,0005/00052091,True,4,0,1.0,,10,10,1.0,1.0,,,,,,,,,,,,,,
gpt6_probe,descriptive,openscad,0034/00344679,True,4,0,1.0,,2,2,0.1111111111111111,0.5555555555555556,,,,,,,,,,,,,,
gpt6_probe,descriptive,openscad,0092/00923543,True,4,0,1.0,,10,10,1.0,1.0,,,,,,,,,,,,,,
gpt6_probe,descriptive,openscad,0024/00242859,True,4,0,1.0,,4,4,0.3333333333333333,0.6666666666666666,,,,,,,,,,,,,,
gpt6_probe,descriptive,openscad,0079/00790247,True,4,0,1.0,,10,10,1.0,1.0,,,,,,,,,,,,,,
gpt6_probe,descriptive,openscad,0084/00843879,True,3,0,0.75,,8,8,0.7777777777777778,0.7638888888888888,,,,,,,,,,,,,,
gpt6_probe,descriptive,openscad,0010/00108226,True,4,0,1.0,,7,7,0.6666666666666666,0.8333333333333333,,,,,,,,,,,,,,
gpt6_probe,descriptive,openscad,0026/00268031,True,4,0,1.0,,10,10,1.0,1.0,,,,,,,,,,,,,,
gpt6_probe,descriptive,openscad,0022/00225399,True,4,0,1.0,,10,10,1.0,1.0,,,,,,,,,,,,,,
gpt6_probe,descriptive,openscad,0057/00570258,True,4,0,1.0,,10,10,1.0,1.0,,,,,,,,,,,,,,
gpt6_probe,descriptive,openscad,0010/00101896,True,4,0,1.0,,10,10,1.0,1.0,,,,,,,,,,,,,,
gpt6_probe,descriptive,openscad,0061/00619989,True,4,0,1.0,,10,10,1.0,1.0,,,,,,,,,,,,,,
gpt6_probe,descriptive,openscad,0022/00226013,True,4,0,1.0,,10,10,1.0,1.0,,,,,,,,,,,,,,
gpt6_probe,descriptive,openscad,0052/00523563,True,4,0,1.0,,10,10,1.0,1.0,,,,,,,,,,,,,,
gpt6_probe,descriptive,openscad,0036/00361447,True,4,0,1.0,,10,10,1.0,1.0,,,,,,,,,,,,,,
gpt6_probe,descriptive,openscad,0070/00709862,True,4,0,1.0,,10,10,1.0,1.0,,,,,,,,,,,,,,
gpt6_probe,descriptive,openscad,0054/00541109,True,4,0,1.0,,6,6,0.5555555555555556,0.7777777777777778,,,,,,,,,,,,,,
gpt6_probe,descriptive,openscad,0086/00866616,True,4,0,1.0,,7,7,0.6666666666666666,0.8333333333333333,,,,,,,,,,,,,,
gpt6_probe,descriptive,openscad,0027/00279318,True,4,0,1.0,,10,10,1.0,1.0,,,,,,,,,,,,,,
gpt6_probe,descriptive,openscad,0082/00827203,True,4,0,1.0,,10,10,1.0,1.0,,,,,,,,,,,,,,
gpt6_probe,descriptive,openscad,0039/00391450,True,4,0,1.0,,1,1,0.0,0.5,,,,,,,,,,,,,,
gpt6_probe,descriptive,openscad,0013/00135378,True,4,0,1.0,,10,10,1.0,1.0,,,,,,,,,,,,,,
gpt6_probe,descriptive,openscad,0093/00934405,True,4,0,1.0,,10,10,1.0,1.0,,,,,,,,,,,,,,
gpt6_probe,descriptive,openscad,0056/00568816,True,4,0,1.0,,10,10,1.0,1.0,,,,,,,,,,,,,,
gpt6_probe,descriptive,openscad,0072/00728052,True,4,0,1.0,,10,10,1.0,1.0,,,,,,,,,,,,,,
gpt6_probe,descriptive,openscad,0021/00210983,True,4,0,1.0,,8,8,0.7777777777777778,0.8888888888888888,,,,,,,,,,,,,,
gpt6_probe,descriptive,openscad,0046/00460772,True,4,0,1.0,,10,10,1.0,1.0,,,,,,,,,,,,,,
gpt6_probe,parametric,json,0085/00852511,True,4,8,1.0,1.0,,,,1.0,1.0,0.000147,0.9853,0.9631,0.9714,0.7768,0.8761,1.0,1.0,1.0,True,False,0.900325,1.0
gpt6_probe,parametric,json,0009/00099014,True,4,8,1.0,1.0,,,,1.0,1.0,3.6e-05,0.9964,0.9987,1.0,0.7854,0.9669,1.0,1.0,1.0,True,False,0.93685,1.0
gpt6_probe,parametric,json,0071/00710826,True,4,8,1.0,1.0,,,,1.0,1.0,0.000855,0.9145,0.5029,0.8572,0.2374,0.7497,1.0,1.0,1.0,True,False,0.601125,1.0
gpt6_probe,parametric,json,0005/00057589,True,4,6,1.0,0.75,,,,0.8333333333333334,0.8333333333333334,0.000101,0.9899,0.7621,0.983,0.7044,0.9137,1.0,1.0,1.0,True,False,0.842525,1.0
gpt6_probe,parametric,json,0015/00155951,True,3,7,0.75,0.875,,,,0.8333333333333334,0.8333333333333334,0.009985,0.0014999999999999458,0.0939,0.28,0.0235,0.4315,1.0,1.0,1.0,True,False,0.13759999999999997,1.0
gpt6_probe,parametric,json,0013/00134405,True,4,8,1.0,1.0,,,,1.0,1.0,7.4e-05,0.9926,0.8038,0.9913,0.8114,0.84,1.0,1.0,1.0,True,False,0.86195,1.0
gpt6_probe,parametric,json,0053/00531353,True,3,6,0.75,0.75,,,,0.75,0.75,0.00695,0.30500000000000005,0.2564,0.4104,0.0472,0.4865,1.0,1.0,1.0,True,False,0.273775,1.0
gpt6_probe,parametric,json,0094/00941813,True,4,8,1.0,1.0,,,,1.0,1.0,0.000299,0.9701,0.7851,0.9412,0.3464,0.8866,1.0,1.0,1.0,True,False,0.74705,1.0
gpt6_probe,parametric,json,0081/00817410,True,4,8,1.0,1.0,,,,1.0,1.0,0.000168,0.9832,0.7944,0.9726,0.5535,0.8452,1.0,1.0,1.0,True,False,0.794075,1.0
gpt6_probe,parametric,json,0045/00457640,True,4,7,1.0,0.875,,,,0.9166666666666666,0.9166666666666666,0.000252,0.9748,0.5446,0.9891,0.3318,0.8952,1.0,1.0,1.0,True,False,0.6866,1.0
gpt6_probe,parametric,json,0047/00478097,True,4,8,1.0,1.0,,,,1.0,1.0,6e-05,0.994,0.9449,0.9992,0.6593,0.9159,1.0,1.0,0.994764,True,False,0.878525,0.9982546666666666
gpt6_probe,parametric,json,0013/00135353,True,4,8,1.0,1.0,,,,1.0,1.0,0.000461,0.9539,0.6096,0.8861,0.2836,0.738,1.0,1.0,1.0,True,False,0.646275,1.0
gpt6_probe,parametric,json,0062/00621494,True,4,8,1.0,1.0,,,,1.0,1.0,0.000389,0.9611,0.6287,0.9269,0.3153,0.8832,1.0,1.0,1.0,True,False,0.697075,1.0
gpt6_probe,parametric,json,0016/00169954,True,3,8,0.75,1.0,,,,0.9166666666666666,0.9166666666666666,0.002621,0.7379,0.1013,0.6903,0.1599,0.4328,1.0,1.0,1.0,True,False,0.357975,1.0
gpt6_probe,parametric,json,0039/00390147,True,4,8,1.0,1.0,,,,1.0,1.0,0.000143,0.9857,0.8563,0.9815,0.5852,0.8747,1.0,1.0,1.0,True,False,0.825475,1.0
gpt6_probe,parametric,json,0089/00895528,True,3,5,0.75,0.625,,,,0.6666666666666666,0.6666666666666666,0.004448,0.5552,0.2682,0.5336,0.0276,0.5547,1.0,1.0,1.0,True,False,0.351425,1.0
gpt6_probe,parametric,json,0030/00306122,True,4,5,1.0,0.625,,,,0.75,0.75,0.001266,0.8734,0.3355,0.7977,0.0982,0.5645,1.0,1.0,1.0,True,False,0.4679,1.0
gpt6_probe,parametric,json,0070/00706059,True,3,5,0.75,0.625,,,,0.6666666666666666,0.6666666666666666,0.000287,0.9713,0.8312,0.9399,0.4426,0.842,1.0,1.0,1.0,True,False,0.771775,1.0
gpt6_probe,parametric,json,0008/00086411,True,3,8,0.75,1.0,,,,0.9166666666666666,0.9166666666666666,0.004567,0.5433,0.119,0.4551,0.1271,0.3762,1.0,1.0,1.0,True,False,0.2914,1.0
gpt6_probe,parametric,json,0073/00732007,True,3,5,0.75,0.625,,,,0.6666666666666666,0.6666666666666666,0.004798,0.5202,0.1528,0.6497,0.2092,0.5571,1.0,1.0,1.0,True,False,0.359825,1.0
gpt6_probe,parametric,json,0010/00103639,True,3,8,0.75,1.0,,,,0.9166666666666666,0.9166666666666666,0.000127,0.9873,0.6188,0.97,0.8362,0.7622,1.0,1.0,0.98084,True,False,0.801125,0.9936133333333333
gpt6_probe,parametric,json,0019/00199917,True,4,8,1.0,1.0,,,,1.0,1.0,8.1e-05,0.9919,0.9503,0.9957,0.5825,0.9114,1.0,1.0,1.0,True,False,0.859025,1.0
gpt6_probe,parametric,json,0035/00350534,True,2,7,0.5,0.875,,,,0.75,0.75,0.001754,0.8246,0.4391,0.709,0.22,0.6993,1.0,1.0,1.0,True,False,0.54575,1.0
gpt6_probe,parametric,json,0043/00431078,True,4,7,1.0,0.875,,,,0.9166666666666666,0.9166666666666666,0.000644,0.9356,0.6878,0.9184,0.4788,0.7707,1.0,1.0,1.0,True,False,0.718225,1.0
gpt6_probe,parametric,json,0073/00737056,True,4,7,1.0,0.875,,,,0.9166666666666666,0.9166666666666666,0.000751,0.9249,0.4722,0.9071,0.234,0.8066,1.0,1.0,1.0,True,False,0.609425,1.0
gpt6_probe,parametric,json,0078/00788594,True,4,7,1.0,0.875,,,,0.9166666666666666,0.9166666666666666,0.000222,0.9778,0.7157,0.9877,0.4549,0.8966,1.0,1.0,1.0,True,False,0.76125,1.0
gpt6_probe,parametric,json,0067/00677148,True,0,6,0.0,0.75,,,,0.5,0.5,0.01,0.0,0.0007,0.0959,0.0139,0.396,1.0,1.0,1.0,True,False,0.10265,1.0
gpt6_probe,parametric,json,0093/00937375,True,4,8,1.0,1.0,,,,1.0,1.0,0.000272,0.9728,0.0,0.9765,0.4922,0.8198,0.0,1.0,0.998695,False,True,0.5712,0.6662316666666667
gpt6_probe,parametric,json,0072/00726428,True,4,7,1.0,0.875,,,,0.9166666666666666,0.9166666666666666,0.002293,0.7707,0.4504,0.7232,0.0345,0.6581,1.0,1.0,1.0,True,False,0.47842500000000004,1.0
gpt6_probe,parametric,json,0049/00497058,True,4,8,1.0,1.0,,,,1.0,1.0,6e-05,0.994,0.0,1.0,0.6551,0.8833,1.0,1.0,1.0,False,True,0.6331,1.0
gpt6_probe,parametric,json,0013/00133189,True,3,8,0.75,1.0,,,,0.9166666666666666,0.9166666666666666,0.000505,0.9495,0.51,0.8784,0.2869,0.5999,1.0,1.0,1.0,True,False,0.586575,1.0
gpt6_probe,parametric,json,0024/00249966,True,4,7,1.0,0.875,,,,0.9166666666666666,0.9166666666666666,0.000749,0.9251,0.6912,0.8827,0.5545,0.7636,1.0,1.0,1.0,True,False,0.7336,1.0
gpt6_probe,parametric,json,0004/00042777,True,4,8,1.0,1.0,,,,1.0,1.0,0.003645,0.6355,0.3268,0.6381,0.3511,0.5071,1.0,1.0,1.0,True,False,0.455125,1.0
gpt6_probe,parametric,json,0055/00553999,True,4,7,1.0,0.875,,,,0.9166666666666666,0.9166666666666666,0.000955,0.9045,0.7318,0.8679,0.3669,0.8906,1.0,1.0,1.0,True,False,0.7234499999999999,1.0
gpt6_probe,parametric,json,0068/00681400,True,4,8,1.0,1.0,,,,1.0,1.0,0.003565,0.6435,0.259,0.554,0.0595,0.4623,1.0,1.0,1.0,True,False,0.356075,1.0
gpt6_probe,parametric,json,0071/00714935,True,4,7,1.0,0.875,,,,0.9166666666666666,0.9166666666666666,0.000304,0.9696,0.9066,0.9657,0.4263,0.9108,1.0,1.0,1.0,True,False,0.8033250000000001,1.0
gpt6_probe,parametric,json,0022/00227442,True,4,8,1.0,1.0,,,,1.0,1.0,0.00022,0.978,0.783,0.9578,0.5424,0.8587,1.0,1.0,1.0,True,False,0.790525,1.0
gpt6_probe,parametric,json,0039/00397627,True,3,6,0.75,0.75,,,,0.75,0.75,0.001048,0.8952,0.6765,0.8296,0.2695,0.7511,1.0,1.0,1.0,True,False,0.648075,1.0
gpt6_probe,parametric,json,0026/00268024,True,4,8,1.0,1.0,,,,1.0,1.0,3e-06,0.9997,0.9989,1.0,0.9843,0.9892,1.0,1.0,1.0,True,False,0.993025,1.0
gpt6_probe,parametric,json,0007/00073282,True,4,6,1.0,0.75,,,,0.8333333333333334,0.8333333333333334,0.000664,0.9336,0.4009,0.8852,0.3594,0.8001,1.0,1.0,1.0,True,False,0.6234999999999999,1.0
gpt6_probe,parametric,json,0036/00369868,True,4,8,1.0,1.0,,,,1.0,1.0,0.005733,0.42669999999999997,0.1485,0.3947,0.0329,0.3629,1.0,1.0,1.0,True,False,0.24275,1.0
gpt6_probe,parametric,json,0084/00844862,True,3,8,0.75,1.0,,,,0.9166666666666666,0.9166666666666666,3e-05,0.997,0.9613,1.0,0.8299,0.945,1.0,1.0,1.0,True,False,0.9333,1.0
gpt6_probe,parametric,json,0026/00268027,True,4,8,1.0,1.0,,,,1.0,1.0,4e-06,0.9996,0.997,1.0,0.9957,0.9744,1.0,1.0,1.0,True,False,0.9916750000000001,1.0
gpt6_probe,parametric,json,0092/00925049,True,4,7,1.0,0.875,,,,0.9166666666666666,0.9166666666666666,0.0002,0.98,0.6897,0.9709,0.4875,0.8491,1.0,1.0,1.0,True,False,0.751575,1.0
gpt6_probe,parametric,json,0072/00725542,True,4,7,1.0,0.875,,,,0.9166666666666666,0.9166666666666666,0.000333,0.9667,0.8249,0.9509,0.4714,0.8625,1.0,1.0,1.0,True,False,0.781375,1.0
gpt6_probe,parametric,json,0015/00150938,True,3,8,0.75,1.0,,,,0.9166666666666666,0.9166666666666666,0.000404,0.9596,0.7189,0.9334,0.5393,0.8382,1.0,1.0,1.0,True,False,0.764,1.0
gpt6_probe,parametric,json,0072/00726429,True,4,7,1.0,0.875,,,,0.9166666666666666,0.9166666666666666,0.001253,0.8747,0.521,0.7986,0.2134,0.745,1.0,1.0,1.0,True,False,0.588525,1.0
gpt6_probe,parametric,json,0065/00657969,True,4,8,1.0,1.0,,,,1.0,1.0,0.001216,0.8784,0.3593,0.7422,0.3574,0.5646,1.0,1.0,1.0,True,False,0.539925,1.0
gpt6_probe,parametric,json,0031/00310774,True,4,8,1.0,1.0,,,,1.0,1.0,0.000645,0.9355,0.3519,0.8347,0.2547,0.797,1.0,1.0,1.0,True,False,0.584775,1.0
gpt6_probe,parametric,json,0061/00618813,True,4,8,1.0,1.0,,,,1.0,1.0,0.003733,0.6267,0.5617,0.8844,0.0469,0.6483,1.0,1.0,1.0,True,False,0.4709,1.0
gpt6_probe,parametric,json,0030/00307386,True,4,8,1.0,1.0,,,,1.0,1.0,4.8e-05,0.9952,0.9793,1.0,0.7095,0.9412,1.0,1.0,1.0,True,False,0.9063,1.0
gpt6_probe,parametric,json,0072/00724192,True,4,8,1.0,1.0,,,,1.0,1.0,8.4e-05,0.9916,0.8174,1.0,0.6707,0.8717,1.0,1.0,1.0,True,False,0.83785,1.0
gpt6_probe,parametric,json,0018/00189804,True,4,8,1.0,1.0,,,,1.0,1.0,0.000987,0.9013,0.0,0.896,0.5277,0.7148,0.0,1.0,0.99984,False,True,0.5359499999999999,0.6666133333333333
gpt6_probe,parametric,json,0080/00807326,True,4,8,1.0,1.0,,,,1.0,1.0,0.001285,0.8715,0.5194,0.7371,0.234,0.5884,1.0,1.0,1.0,True,False,0.5533250000000001,1.0
gpt6_probe,parametric,json,0078/00789364,True,4,8,1.0,1.0,,,,1.0,1.0,7.1e-05,0.9929,0.0,1.0,0.535,0.9304,1.0,1.0,1.0,False,True,0.614575,1.0
gpt6_probe,parametric,json,0002/00029952,True,4,8,1.0,1.0,,,,1.0,1.0,3.1e-05,0.9969,0.9959,1.0,0.803,0.9493,1.0,1.0,1.0,True,False,0.936275,1.0
gpt6_probe,parametric,json,0005/00051224,True,4,8,1.0,1.0,,,,1.0,1.0,8.6e-05,0.9914,0.8957,0.9998,0.7345,0.876,1.0,1.0,1.0,True,False,0.8744000000000001,1.0
gpt6_probe,parametric,json,0087/00873073,True,4,8,1.0,1.0,,,,1.0,1.0,0.000205,0.9795,0.7053,0.9942,0.4644,0.8946,1.0,1.0,1.0,True,False,0.76095,1.0
gpt6_probe,parametric,json,0077/00779770,True,3,5,0.75,0.625,,,,0.6666666666666666,0.6666666666666666,0.002252,0.7747999999999999,0.0549,0.6524,0.0722,0.4275,1.0,1.0,1.0,True,False,0.33235,1.0
gpt6_probe,parametric,json,0077/00778195,True,4,8,1.0,1.0,,,,1.0,1.0,5.4e-05,0.9946,0.7569,0.9944,0.8582,0.8073,1.0,1.0,1.0,True,False,0.85425,1.0
gpt6_probe,parametric,json,0039/00397628,True,4,8,1.0,1.0,,,,1.0,1.0,0.00482,0.518,0.3463,0.6307,0.1305,0.4877,1.0,1.0,1.0,True,False,0.370625,1.0
gpt6_probe,parametric,json,0008/00089777,True,4,8,1.0,1.0,,,,1.0,1.0,0.000305,0.9695,0.8709,0.9401,0.3551,0.9392,1.0,1.0,1.0,True,False,0.783675,1.0
gpt6_probe,parametric,json,0075/00758810,True,4,7,1.0,0.875,,,,0.9166666666666666,0.9166666666666666,0.00076,0.924,0.4862,0.8745,0.3969,0.6769,1.0,1.0,1.0,True,False,0.621,1.0
gpt6_probe,parametric,json,0028/00284926,True,4,7,1.0,0.875,,,,0.9166666666666666,0.9166666666666666,0.000162,0.9838,0.681,0.9677,0.6089,0.7938,1.0,1.0,1.0,True,False,0.766875,1.0
gpt6_probe,parametric,json,0074/00741629,True,2,6,0.5,0.75,,,,0.6666666666666666,0.6666666666666666,0.001603,0.8397,0.383,0.6813,0.0894,0.5528,1.0,1.0,1.0,True,False,0.466225,1.0
gpt6_probe,parametric,json,0097/00973497,True,4,8,1.0,1.0,,,,1.0,1.0,0.000267,0.9733,0.5125,0.9216,0.4821,0.7387,1.0,1.0,1.0,True,False,0.67665,1.0
gpt6_probe,parametric,json,0047/00474303,True,3,6,0.75,0.75,,,,0.75,0.75,0.001957,0.8043,0.3626,0.7677,0.1422,0.6908,1.0,1.0,1.0,True,False,0.499975,1.0
gpt6_probe,parametric,json,0061/00616188,True,4,8,1.0,1.0,,,,1.0,1.0,0.00125,0.875,0.5682,0.9027,0.3344,0.7201,1.0,1.0,1.0,True,False,0.624425,1.0
gpt6_probe,parametric,json,0005/00051572,True,4,8,1.0,1.0,,,,1.0,1.0,9.6e-05,0.9904,0.9163,0.9854,0.775,0.9248,1.0,1.0,1.0,True,False,0.901625,1.0
gpt6_probe,parametric,json,0025/00253807,True,4,7,1.0,0.875,,,,0.9166666666666666,0.9166666666666666,0.01,0.0,0.1198,0.4236,0.1005,0.4614,1.0,1.0,1.0,True,False,0.170425,1.0
gpt6_probe,parametric,json,0024/00242128,True,4,7,1.0,0.875,,,,0.9166666666666666,0.9166666666666666,0.000482,0.9518,0.3567,0.9345,0.4252,0.8057,1.0,1.0,1.0,True,False,0.63485,1.0
gpt6_probe,parametric,json,0029/00292492,True,4,6,1.0,0.75,,,,0.8333333333333334,0.8333333333333334,0.001106,0.8894,0.3193,0.7955,0.2567,0.5625,1.0,1.0,1.0,True,False,0.506975,1.0
gpt6_probe,parametric,json,0054/00547865,True,3,8,0.75,1.0,,,,0.9166666666666666,0.9166666666666666,8.5e-05,0.9915,0.9922,0.987,0.8964,0.9566,1.0,1.0,1.0,True,False,0.959175,1.0
gpt6_probe,parametric,json,0005/00052091,True,3,8,0.75,1.0,,,,0.9166666666666666,0.9166666666666666,0.001043,0.8956999999999999,0.629,0.8365,0.3607,0.7366,1.0,1.0,1.0,True,False,0.6555,1.0
gpt6_probe,parametric,json,0034/00344679,True,4,5,1.0,0.625,,,,0.75,0.75,0.003034,0.6966000000000001,0.6261,0.6902,0.1585,0.6013,1.0,1.0,1.0,True,False,0.520625,1.0
gpt6_probe,parametric,json,0092/00923543,True,4,8,1.0,1.0,,,,1.0,1.0,0.000857,0.9143,0.2954,0.866,0.3804,0.581,1.0,1.0,1.0,True,False,0.542775,1.0
gpt6_probe,parametric,json,0024/00242859,True,4,3,1.0,0.375,,,,0.5833333333333334,0.5833333333333334,0.000963,0.9037,0.6661,0.8278,0.2318,0.6736,1.0,1.0,1.0,True,False,0.6188,1.0
gpt6_probe,parametric,json,0079/00790247,True,4,7,1.0,0.875,,,,0.9166666666666666,0.9166666666666666,6e-05,0.994,0.9959,1.0,0.6111,0.9475,1.0,1.0,1.0,True,False,0.8871249999999999,1.0
gpt6_probe,parametric,json,0084/00843879,True,4,8,1.0,1.0,,,,1.0,1.0,0.000609,0.9391,0.0,0.8649,0.4747,0.7133,0.0,1.0,1.0,False,True,0.531775,0.6666666666666666
gpt6_probe,parametric,json,0010/00108226,True,4,8,1.0,1.0,,,,1.0,1.0,6e-05,0.994,0.941,0.9992,0.6684,0.9198,1.0,1.0,1.0,True,False,0.8808,1.0
gpt6_probe,parametric,json,0026/00268031,True,4,6,1.0,0.75,,,,0.8333333333333334,0.8333333333333334,0.00062,0.938,0.536,0.9564,0.4582,0.8637,1.0,1.0,1.0,True,False,0.698975,1.0
gpt6_probe,parametric,json,0022/00225399,True,4,7,1.0,0.875,,,,0.9166666666666666,0.9166666666666666,0.001268,0.8732,0.6822,0.8237,0.1937,0.7247,1.0,1.0,0.99696,True,False,0.61845,0.9989866666666667
gpt6_probe,parametric,json,0057/00570258,True,2,7,0.5,0.875,,,,0.75,0.75,0.000846,0.9154,0.7804,0.9779,0.3836,0.9496,1.0,1.0,1.0,True,False,0.75725,1.0
gpt6_probe,parametric,json,0010/00101896,True,4,6,1.0,0.75,,,,0.8333333333333334,0.8333333333333334,0.000857,0.9143,0.7376,0.9068,0.2052,0.8547,1.0,1.0,0.998092,True,False,0.67795,0.9993639999999999
gpt6_probe,parametric,json,0061/00619989,True,3,8,0.75,1.0,,,,0.9166666666666666,0.9166666666666666,0.002324,0.7676000000000001,0.5444,0.7301,0.0862,0.5381,1.0,1.0,1.0,True,False,0.48407500000000003,1.0
gpt6_probe,parametric,json,0022/00226013,True,4,8,1.0,1.0,,,,1.0,1.0,0.000246,0.9754,0.8576,0.9757,0.3836,0.8753,1.0,1.0,1.0,True,False,0.772975,1.0
gpt6_probe,parametric,json,0052/00523563,True,4,8,1.0,1.0,,,,1.0,1.0,0.000286,0.9714,0.8929,0.9396,0.4107,0.8305,1.0,1.0,1.0,True,False,0.776375,1.0
gpt6_probe,parametric,json,0036/00361447,True,4,8,1.0,1.0,,,,1.0,1.0,0.000115,0.9885,0.8899,0.9912,0.5842,0.7898,1.0,1.0,1.0,True,False,0.8131,1.0
gpt6_probe,parametric,json,0070/00709862,True,4,6,1.0,0.75,,,,0.8333333333333334,0.8333333333333334,8.2e-05,0.9918,0.9217,0.9988,0.5663,0.8222,1.0,1.0,1.0,True,False,0.8255,1.0
gpt6_probe,parametric,json,0054/00541109,True,4,6,1.0,0.75,,,,0.8333333333333334,0.8333333333333334,0.003202,0.6798,0.2787,0.6275,0.064,0.4948,1.0,1.0,1.0,True,False,0.379325,1.0
gpt6_probe,parametric,json,0086/00866616,True,4,7,1.0,0.875,,,,0.9166666666666666,0.9166666666666666,2.6e-05,0.9974,0.9496,1.0,0.869,0.9491,1.0,1.0,1.0,True,False,0.941275,1.0
gpt6_probe,parametric,json,0027/00279318,True,3,8,0.75,1.0,,,,0.9166666666666666,0.9166666666666666,0.000429,0.9571,0.4355,0.8986,0.4568,0.7247,1.0,1.0,1.0,True,False,0.643525,1.0
gpt6_probe,parametric,json,0082/00827203,True,4,8,1.0,1.0,,,,1.0,1.0,0.000123,0.9877,0.8733,0.9858,0.5823,0.9315,1.0,1.0,0.999102,True,False,0.8437,0.9997006666666667
gpt6_probe,parametric,json,0039/00391450,True,0,3,0.0,0.375,,,,0.25,0.25,0.004155,0.5845,0.5231,0.5326,0.1577,0.7168,1.0,1.0,1.0,True,False,0.495525,1.0
gpt6_probe,parametric,json,0013/00135378,True,3,8,0.75,1.0,,,,0.9166666666666666,0.9166666666666666,0.000492,0.9508,0.5654,0.8622,0.2289,0.7363,1.0,1.0,1.0,True,False,0.62035,1.0
gpt6_probe,parametric,json,0093/00934405,True,4,8,1.0,1.0,,,,1.0,1.0,0.000836,0.9164,0.5125,0.8816,0.1249,0.6835,1.0,1.0,1.0,True,False,0.559325,1.0
gpt6_probe,parametric,json,0056/00568816,True,4,7,1.0,0.875,,,,0.9166666666666666,0.9166666666666666,0.000486,0.9514,0.3844,0.8345,0.2238,0.6628,1.0,1.0,1.0,True,False,0.5556,1.0
gpt6_probe,parametric,json,0072/00728052,True,4,8,1.0,1.0,,,,1.0,1.0,0.000107,0.9893,0.9505,0.9837,0.6527,0.9421,1.0,1.0,1.0,True,False,0.88365,1.0
gpt6_probe,parametric,json,0021/00210983,True,4,8,1.0,1.0,,,,1.0,1.0,0.001551,0.8449,0.0,0.7635,0.3449,0.7723,0.0,1.0,0.996618,False,True,0.490525,0.6655393333333334
gpt6_probe,parametric,json,0046/00460772,True,4,8,1.0,1.0,,,,1.0,1.0,0.00011,0.989,0.8752,0.9819,0.7638,0.8697,1.0,1.0,1.0,True,False,0.874425,1.0
gpt6_probe,parametric,openscad,0085/00852511,True,4,8,1.0,1.0,,,,1.0,1.0,0.000147,0.9853,0.9579,0.9712,0.7758,0.8689,1.0,1.0,1.0,True,False,0.896975,1.0
gpt6_probe,parametric,openscad,0009/00099014,True,4,8,1.0,1.0,,,,1.0,1.0,8.7e-05,0.9913,0.9957,1.0,0.475,0.9429,1.0,1.0,1.0,True,False,0.851225,1.0
gpt6_probe,parametric,openscad,0071/00710826,True,4,8,1.0,1.0,,,,1.0,1.0,0.000745,0.9255,0.558,0.8796,0.3512,0.7638,1.0,1.0,1.0,True,False,0.649625,1.0
gpt6_probe,parametric,openscad,0005/00057589,True,4,6,1.0,0.75,,,,0.8333333333333334,0.8333333333333334,0.000124,0.9876,0.703,0.9825,0.5797,0.9037,1.0,1.0,1.0,True,False,0.7935,1.0
gpt6_probe,parametric,openscad,0015/00155951,True,4,8,1.0,1.0,,,,1.0,1.0,0.000253,0.9747,0.8934,0.949,0.4701,0.8883,1.0,1.0,1.0,True,False,0.806625,1.0
gpt6_probe,parametric,openscad,0013/00134405,True,4,8,1.0,1.0,,,,1.0,1.0,8.9e-05,0.9911,0.7335,0.9846,0.761,0.784,1.0,1.0,1.0,True,False,0.8174,1.0
gpt6_probe,parametric,openscad,0053/00531353,True,4,8,1.0,1.0,,,,1.0,1.0,0.000474,0.9526,0.7545,0.9215,0.5803,0.8023,1.0,1.0,1.0,True,False,0.772425,1.0
gpt6_probe,parametric,openscad,0094/00941813,True,4,8,1.0,1.0,,,,1.0,1.0,0.000123,0.9877,0.9889,1.0,0.3701,0.9251,1.0,1.0,1.0,True,False,0.81795,1.0
gpt6_probe,parametric,openscad,0081/00817410,True,4,8,1.0,1.0,,,,1.0,1.0,0.000195,0.9805,0.7725,0.9634,0.5461,0.8416,1.0,1.0,1.0,True,False,0.785175,1.0
gpt6_probe,parametric,openscad,0045/00457640,True,4,8,1.0,1.0,,,,1.0,1.0,0.000194,0.9806,0.6913,0.9659,0.3928,0.9115,1.0,1.0,1.0,True,False,0.74405,1.0
gpt6_probe,parametric,openscad,0047/00478097,True,4,8,1.0,1.0,,,,1.0,1.0,6.6e-05,0.9934,0.9682,0.9976,0.6162,0.9164,1.0,1.0,1.0,True,False,0.8735499999999999,1.0
gpt6_probe,parametric,openscad,0013/00135353,True,4,8,1.0,1.0,,,,1.0,1.0,0.000463,0.9537,0.6047,0.8874,0.2748,0.7343,1.0,1.0,1.0,True,False,0.641875,1.0
gpt6_probe,parametric,openscad,0062/00621494,True,4,8,1.0,1.0,,,,1.0,1.0,0.000554,0.9446,0.5314,0.9095,0.2794,0.8487,1.0,1.0,1.0,True,False,0.651025,1.0
gpt6_probe,parametric,openscad,0016/00169954,True,3,8,0.75,1.0,,,,0.9166666666666666,0.9166666666666666,0.002789,0.7211000000000001,0.0842,0.6622,0.1849,0.5246,1.0,1.0,1.0,True,False,0.37870000000000004,1.0
gpt6_probe,parametric,openscad,0039/00390147,True,4,8,1.0,1.0,,,,1.0,1.0,6.3e-05,0.9937,0.9954,1.0,0.6288,0.9223,1.0,1.0,1.0,True,False,0.88505,1.0
gpt6_probe,parametric,openscad,0089/00895528,True,2,7,0.5,0.875,,,,0.75,0.75,0.003107,0.6893,0.2747,0.6425,0.0619,0.6085,1.0,1.0,1.0,True,False,0.4086,1.0
gpt6_probe,parametric,openscad,0030/00306122,True,4,5,1.0,0.625,,,,0.75,0.75,0.001263,0.8737,0.328,0.8001,0.0966,0.5551,1.0,1.0,1.0,True,False,0.46335000000000004,1.0
gpt6_probe,parametric,openscad,0070/00706059,True,3,5,0.75,0.625,,,,0.6666666666666666,0.6666666666666666,0.00025,0.975,0.8605,0.9537,0.3993,0.8497,1.0,1.0,1.0,True,False,0.7711250000000001,1.0
gpt6_probe,parametric,openscad,0008/00086411,True,3,7,0.75,0.875,,,,0.8333333333333334,0.8333333333333334,0.004582,0.5418000000000001,0.119,0.4524,0.1294,0.381,1.0,1.0,1.0,True,False,0.2928,1.0
gpt6_probe,parametric,openscad,0073/00732007,True,3,4,0.75,0.5,,,,0.5833333333333334,0.5833333333333334,0.000522,0.9478,0.4811,0.8973,0.4761,0.7985,1.0,1.0,1.0,True,False,0.675875,1.0
gpt6_probe,parametric,openscad,0010/00103639,True,3,8,0.75,1.0,,,,0.9166666666666666,0.9166666666666666,0.000135,0.9865,0.6272,0.9676,0.8274,0.7646,1.0,1.0,1.0,True,False,0.801425,1.0
gpt6_probe,parametric,openscad,0019/00199917,True,4,7,1.0,0.875,,,,0.9166666666666666,0.9166666666666666,0.000646,0.9354,0.7917,0.9521,0.3155,0.8483,1.0,1.0,1.0,True,False,0.7227250000000001,1.0
gpt6_probe,parametric,openscad,0035/00350534,True,4,8,1.0,1.0,,,,1.0,1.0,0.000543,0.9457,0.7113,0.9056,0.2963,0.7517,1.0,1.0,0.998488,True,False,0.67625,0.999496
gpt6_probe,parametric,openscad,0043/00431078,True,4,8,1.0,1.0,,,,1.0,1.0,0.000645,0.9355,0.677,0.9182,0.4681,0.7624,1.0,1.0,1.0,True,False,0.71075,1.0
gpt6_probe,parametric,openscad,0073/00737056,True,4,8,1.0,1.0,,,,1.0,1.0,0.000796,0.9204,0.4739,0.9008,0.2221,0.8008,1.0,1.0,1.0,True,False,0.6043,1.0
gpt6_probe,parametric,openscad,0078/00788594,True,4,7,1.0,0.875,,,,0.9166666666666666,0.9166666666666666,0.000202,0.9798,0.6876,0.9852,0.3713,0.8389,1.0,1.0,1.0,True,False,0.7194,1.0
gpt6_probe,parametric,openscad,0067/00677148,True,3,8,0.75,1.0,,,,0.9166666666666666,0.9166666666666666,0.000871,0.9129,0.5462,0.8716,0.2343,0.7443,1.0,1.0,1.0,True,False,0.609425,1.0
gpt6_probe,parametric,openscad,0093/00937375,True,4,8,1.0,1.0,,,,1.0,1.0,0.000243,0.9757,0.7636,0.9732,0.5069,0.8685,1.0,1.0,1.0,True,False,0.778675,1.0
gpt6_probe,parametric,openscad,0072/00726428,True,3,7,0.75,0.875,,,,0.8333333333333334,0.8333333333333334,0.001946,0.8054,0.6155,0.7912,0.1698,0.7077,1.0,1.0,1.0,True,False,0.5746,1.0
gpt6_probe,parametric,openscad,0049/00497058,True,4,8,1.0,1.0,,,,1.0,1.0,6.8e-05,0.9932,0.0,1.0,0.6129,0.8594,1.0,1.0,0.999084,False,True,0.616375,0.9996946666666666
gpt6_probe,parametric,openscad,0013/00133189,True,4,8,1.0,1.0,,,,1.0,1.0,0.000486,0.9514,0.5066,0.8915,0.3188,0.6082,1.0,1.0,1.0,True,False,0.59625,1.0
gpt6_probe,parametric,openscad,0024/00249966,True,4,8,1.0,1.0,,,,1.0,1.0,0.00062,0.938,0.7056,0.8964,0.5582,0.7786,1.0,1.0,1.0,True,False,0.7451,1.0
gpt6_probe,parametric,openscad,0004/00042777,True,4,8,1.0,1.0,,,,1.0,1.0,0.003565,0.6435,0.3351,0.6328,0.3386,0.4943,1.0,1.0,1.0,True,False,0.452875,1.0
gpt6_probe,parametric,openscad,0055/00553999,True,4,8,1.0,1.0,,,,1.0,1.0,0.000955,0.9045,0.7416,0.8678,0.389,0.8973,1.0,1.0,1.0,True,False,0.7331,1.0
gpt6_probe,parametric,openscad,0068/00681400,True,4,8,1.0,1.0,,,,1.0,1.0,0.000211,0.9789,0.9168,0.9664,0.7943,0.8833,1.0,1.0,1.0,True,False,0.8933249999999999,1.0
gpt6_probe,parametric,openscad,0071/00714935,True,4,8,1.0,1.0,,,,1.0,1.0,0.000302,0.9698,0.8977,0.9668,0.4156,0.9087,1.0,1.0,1.0,True,False,0.79795,1.0
gpt6_probe,parametric,openscad,0022/00227442,True,4,7,1.0,0.875,,,,0.9166666666666666,0.9166666666666666,0.000222,0.9778,0.7445,0.9599,0.484,0.8329,1.0,1.0,1.0,True,False,0.7598,1.0
gpt6_probe,parametric,openscad,0039/00397627,True,4,7,1.0,0.875,,,,0.9166666666666666,0.9166666666666666,0.002811,0.7189,0.497,0.7694,0.204,0.5872,1.0,1.0,1.0,True,False,0.501775,1.0
gpt6_probe,parametric,openscad,0026/00268024,True,4,8,1.0,1.0,,,,1.0,1.0,2.7e-05,0.9973,0.9926,1.0,0.8822,0.9343,1.0,1.0,1.0,True,False,0.9516,1.0
gpt6_probe,parametric,openscad,0007/00073282,True,4,8,1.0,1.0,,,,1.0,1.0,0.001219,0.8781,0.2493,0.8384,0.1545,0.7625,1.0,1.0,1.0,True,False,0.5111,1.0
gpt6_probe,parametric,openscad,0036/00369868,True,4,8,1.0,1.0,,,,1.0,1.0,0.000543,0.9457,0.7374,0.884,0.3554,0.7816,1.0,1.0,1.0,True,False,0.705025,1.0
gpt6_probe,parametric,openscad,0084/00844862,True,4,8,1.0,1.0,,,,1.0,1.0,4e-05,0.996,0.9887,1.0,0.7544,0.9335,1.0,1.0,1.0,True,False,0.91815,1.0
gpt6_probe,parametric,openscad,0026/00268027,True,4,8,1.0,1.0,,,,1.0,1.0,1.3e-05,0.9987,0.9798,1.0,0.9849,0.9059,1.0,1.0,1.0,True,False,0.967325,1.0
gpt6_probe,parametric,openscad,0092/00925049,True,4,8,1.0,1.0,,,,1.0,1.0,0.000338,0.9662,0.4145,0.9645,0.4834,0.7855,1.0,1.0,1.0,True,False,0.6624,1.0
gpt6_probe,parametric,openscad,0072/00725542,True,4,7,1.0,0.875,,,,0.9166666666666666,0.9166666666666666,0.000345,0.9655,0.8291,0.9471,0.4616,0.8677,1.0,1.0,1.0,True,False,0.780975,1.0
gpt6_probe,parametric,openscad,0015/00150938,True,3,8,0.75,1.0,,,,0.9166666666666666,0.9166666666666666,0.000281,0.9719,0.7814,0.9539,0.5146,0.8547,1.0,1.0,1.0,True,False,0.78065,1.0
gpt6_probe,parametric,openscad,0072/00726429,True,4,7,1.0,0.875,,,,0.9166666666666666,0.9166666666666666,0.001385,0.8615,0.6238,0.835,0.3006,0.7474,1.0,1.0,1.0,True,False,0.633325,1.0
gpt6_probe,parametric,openscad,0065/00657969,True,4,8,1.0,1.0,,,,1.0,1.0,0.001261,0.8739,0.3612,0.7462,0.3574,0.5727,1.0,1.0,1.0,True,False,0.5413,1.0
gpt6_probe,parametric,openscad,0031/00310774,True,4,7,1.0,0.875,,,,0.9166666666666666,0.9166666666666666,0.000372,0.9628,0.496,0.8963,0.5209,0.8139,1.0,1.0,1.0,True,False,0.6984,1.0
gpt6_probe,parametric,openscad,0061/00618813,True,4,8,1.0,1.0,,,,1.0,1.0,0.000455,0.9545,0.7904,0.9733,0.4597,0.8924,1.0,1.0,1.0,True,False,0.77425,1.0
gpt6_probe,parametric,openscad,0030/00307386,True,4,8,1.0,1.0,,,,1.0,1.0,5e-05,0.995,0.9846,1.0,0.7026,0.9373,1.0,1.0,1.0,True,False,0.904875,1.0
gpt6_probe,parametric,openscad,0072/00724192,True,4,8,1.0,1.0,,,,1.0,1.0,0.000109,0.9891,0.816,0.99,0.7064,0.8638,1.0,1.0,1.0,True,False,0.843825,1.0
gpt6_probe,parametric,openscad,0018/00189804,True,4,8,1.0,1.0,,,,1.0,1.0,0.000938,0.9062,0.0,0.8955,0.5175,0.7075,1.0,1.0,0.999023,False,True,0.5327999999999999,0.9996743333333334
gpt6_probe,parametric,openscad,0080/00807326,True,4,8,1.0,1.0,,,,1.0,1.0,0.000307,0.9693,0.7469,0.9216,0.49,0.7531,1.0,1.0,1.0,True,False,0.739825,1.0
gpt6_probe,parametric,openscad,0078/00789364,True,4,8,1.0,1.0,,,,1.0,1.0,7e-05,0.993,0.0,1.0,0.5349,0.9288,1.0,1.0,1.0,False,True,0.614175,1.0
gpt6_probe,parametric,openscad,0002/00029952,True,4,8,1.0,1.0,,,,1.0,1.0,4.3e-05,0.9957,0.993,1.0,0.7256,0.9326,1.0,1.0,1.0,True,False,0.911725,1.0
gpt6_probe,parametric,openscad,0005/00051224,True,4,8,1.0,1.0,,,,1.0,1.0,8.7e-05,0.9913,0.8942,0.9992,0.7314,0.8712,1.0,1.0,1.0,True,False,0.872025,1.0
gpt6_probe,parametric,openscad,0087/00873073,True,4,8,1.0,1.0,,,,1.0,1.0,0.000306,0.9694,0.6827,0.9063,0.4923,0.8747,1.0,1.0,1.0,True,False,0.754775,1.0
gpt6_probe,parametric,openscad,0077/00779770,True,4,6,1.0,0.75,,,,0.8333333333333334,0.8333333333333334,0.002153,0.7847,0.055,0.667,0.0738,0.4258,1.0,1.0,1.0,True,False,0.334825,1.0
gpt6_probe,parametric,openscad,0077/00778195,True,4,7,1.0,0.875,,,,0.9166666666666666,0.9166666666666666,5.8e-05,0.9942,0.733,0.9922,0.8419,0.7973,1.0,1.0,1.0,True,False,0.8416,1.0
gpt6_probe,parametric,openscad,0039/00397628,True,4,6,1.0,0.75,,,,0.8333333333333334,0.8333333333333334,0.003915,0.6085,0.3619,0.6923,0.162,0.5491,1.0,1.0,1.0,True,False,0.420375,1.0
gpt6_probe,parametric,openscad,0008/00089777,True,4,8,1.0,1.0,,,,1.0,1.0,0.000308,0.9692,0.8713,0.9411,0.2918,0.9336,1.0,1.0,1.0,True,False,0.766475,1.0
gpt6_probe,parametric,openscad,0075/00758810,True,4,8,1.0,1.0,,,,1.0,1.0,0.000764,0.9236,0.4888,0.8744,0.3918,0.6764,1.0,1.0,1.0,True,False,0.62015,1.0
gpt6_probe,parametric,openscad,0028/00284926,True,4,8,1.0,1.0,,,,1.0,1.0,0.000298,0.9702,0.4574,0.9217,0.5677,0.7586,1.0,1.0,1.0,True,False,0.688475,1.0
gpt6_probe,parametric,openscad,0074/00741629,True,3,8,0.75,1.0,,,,0.9166666666666666,0.9166666666666666,0.000708,0.9292,0.6936,0.8991,0.3691,0.7879,1.0,1.0,1.0,True,False,0.69495,1.0
gpt6_probe,parametric,openscad,0097/00973497,True,4,8,1.0,1.0,,,,1.0,1.0,0.000583,0.9417,0.4777,0.8656,0.5772,0.7158,1.0,1.0,1.0,True,False,0.6781,1.0
gpt6_probe,parametric,openscad,0047/00474303,True,4,8,1.0,1.0,,,,1.0,1.0,0.001227,0.8773,0.2661,0.8434,0.2284,0.7702,1.0,1.0,1.0,True,False,0.5355,1.0
gpt6_probe,parametric,openscad,0061/00616188,True,4,8,1.0,1.0,,,,1.0,1.0,0.000207,0.9793,0.8464,0.9498,0.7269,0.8417,1.0,1.0,1.0,True,False,0.848575,1.0
gpt6_probe,parametric,openscad,0005/00051572,True,4,7,1.0,0.875,,,,0.9166666666666666,0.9166666666666666,9e-05,0.991,0.8599,0.9932,0.5707,0.8515,1.0,1.0,1.0,True,False,0.818275,1.0
gpt6_probe,parametric,openscad,0025/00253807,True,4,8,1.0,1.0,,,,1.0,1.0,0.000529,0.9471,0.6689,0.9226,0.5009,0.8086,1.0,1.0,1.0,True,False,0.731375,1.0
gpt6_probe,parametric,openscad,0024/00242128,True,4,8,1.0,1.0,,,,1.0,1.0,0.000385,0.9615,0.4086,0.9489,0.4692,0.8368,1.0,1.0,1.0,True,False,0.669025,1.0
gpt6_probe,parametric,openscad,0029/00292492,True,4,7,1.0,0.875,,,,0.9166666666666666,0.9166666666666666,0.001128,0.8872,0.2576,0.7824,0.2185,0.5038,1.0,1.0,1.0,True,False,0.466775,1.0
gpt6_probe,parametric,openscad,0054/00547865,True,4,8,1.0,1.0,,,,1.0,1.0,0.000128,0.9872,0.9896,0.9856,0.6788,0.9303,1.0,1.0,1.0,True,False,0.896475,1.0
gpt6_probe,parametric,openscad,0005/00052091,True,3,8,0.75,1.0,,,,0.9166666666666666,0.9166666666666666,0.001052,0.8948,0.6244,0.8316,0.3588,0.7399,1.0,1.0,1.0,True,False,0.654475,1.0
gpt6_probe,parametric,openscad,0034/00344679,True,2,6,0.5,0.75,,,,0.6666666666666666,0.6666666666666666,0.003086,0.6914,0.626,0.6885,0.1347,0.6005,1.0,1.0,1.0,True,False,0.51315,1.0
gpt6_probe,parametric,openscad,0092/00923543,True,3,8,0.75,1.0,,,,0.9166666666666666,0.9166666666666666,0.000565,0.9435,0.4486,0.8933,0.5454,0.6345,1.0,1.0,1.0,True,False,0.643,1.0
gpt6_probe,parametric,openscad,0024/00242859,True,4,3,1.0,0.375,,,,0.5833333333333334,0.5833333333333334,0.000965,0.9035,0.6602,0.8269,0.2234,0.6804,1.0,1.0,1.0,True,False,0.616875,1.0
gpt6_probe,parametric,openscad,0079/00790247,True,4,8,1.0,1.0,,,,1.0,1.0,0.000199,0.9801,0.9868,0.9681,0.5458,0.8979,1.0,1.0,1.0,True,False,0.85265,1.0
gpt6_probe,parametric,openscad,0084/00843879,True,4,8,1.0,1.0,,,,1.0,1.0,0.000412,0.9588,0.7362,0.898,0.4981,0.7494,1.0,1.0,1.0,True,False,0.735625,1.0
gpt6_probe,parametric,openscad,0010/00108226,True,4,8,1.0,1.0,,,,1.0,1.0,9.4e-05,0.9906,0.889,0.9863,0.6634,0.8935,1.0,1.0,1.0,True,False,0.859125,1.0
gpt6_probe,parametric,openscad,0026/00268031,True,4,7,1.0,0.875,,,,0.9166666666666666,0.9166666666666666,0.000627,0.9373,0.5282,0.9566,0.2619,0.8516,1.0,1.0,1.0,True,False,0.64475,1.0
gpt6_probe,parametric,openscad,0022/00225399,True,3,8,0.75,1.0,,,,0.9166666666666666,0.9166666666666666,0.000827,0.9173,0.7667,0.8798,0.2046,0.7679,1.0,1.0,1.0,True,False,0.6641250000000001,1.0
gpt6_probe,parametric,openscad,0057/00570258,True,4,8,1.0,1.0,,,,1.0,1.0,0.000131,0.9869,0.7795,0.9999,0.3487,0.9594,1.0,1.0,1.0,True,False,0.768625,1.0
gpt6_probe,parametric,openscad,0010/00101896,True,4,7,1.0,0.875,,,,0.9166666666666666,0.9166666666666666,0.000976,0.9024,0.7783,0.8742,0.228,0.7959,1.0,1.0,1.0,True,False,0.67615,1.0
gpt6_probe,parametric,openscad,0061/00619989,True,3,8,0.75,1.0,,,,0.9166666666666666,0.9166666666666666,0.000971,0.9029,0.7636,0.8949,0.1682,0.7775,1.0,1.0,1.0,True,False,0.65305,1.0
gpt6_probe,parametric,openscad,0022/00226013,True,4,8,1.0,1.0,,,,1.0,1.0,0.000248,0.9752,0.8526,0.9752,0.3667,0.8779,1.0,1.0,1.0,True,False,0.7681,1.0
gpt6_probe,parametric,openscad,0052/00523563,True,4,8,1.0,1.0,,,,1.0,1.0,0.00029,0.971,0.8959,0.9355,0.4139,0.8415,1.0,1.0,1.0,True,False,0.780575,1.0
gpt6_probe,parametric,openscad,0036/00361447,True,4,8,1.0,1.0,,,,1.0,1.0,0.000124,0.9876,0.8736,0.9888,0.5654,0.783,1.0,1.0,1.0,True,False,0.8024,1.0
gpt6_probe,parametric,openscad,0070/00709862,True,4,7,1.0,0.875,,,,0.9166666666666666,0.9166666666666666,7.7e-05,0.9923,0.9397,0.9998,0.5717,0.8303,1.0,1.0,1.0,True,False,0.8335,1.0
gpt6_probe,parametric,openscad,0054/00541109,True,4,8,1.0,1.0,,,,1.0,1.0,0.00328,0.6719999999999999,0.2795,0.6369,0.0578,0.5095,1.0,1.0,1.0,True,False,0.3797,1.0
gpt6_probe,parametric,openscad,0086/00866616,True,4,8,1.0,1.0,,,,1.0,1.0,3.3e-05,0.9967,0.9569,1.0,0.8365,0.9374,1.0,1.0,1.0,True,False,0.931875,1.0
gpt6_probe,parametric,openscad,0027/00279318,True,3,8,0.75,1.0,,,,0.9166666666666666,0.9166666666666666,0.000626,0.9374,0.3711,0.8758,0.4694,0.7089,1.0,1.0,1.0,True,False,0.6217,1.0
gpt6_probe,parametric,openscad,0082/00827203,True,4,8,1.0,1.0,,,,1.0,1.0,6.1e-05,0.9939,0.9268,1.0,0.6182,0.9549,1.0,1.0,1.0,True,False,0.87345,1.0
gpt6_probe,parametric,openscad,0039/00391450,True,0,2,0.0,0.25,,,,0.16666666666666666,0.16666666666666666,0.002749,0.7251,0.2767,0.559,0.098,0.6668,1.0,1.0,1.0,True,False,0.44165,1.0
gpt6_probe,parametric,openscad,0013/00135378,True,4,8,1.0,1.0,,,,1.0,1.0,0.000353,0.9647,0.6586,0.906,0.2575,0.798,1.0,1.0,1.0,True,False,0.6697,1.0
gpt6_probe,parametric,openscad,0093/00934405,True,4,8,1.0,1.0,,,,1.0,1.0,0.000407,0.9593,0.6113,0.914,0.2929,0.7364,1.0,1.0,1.0,True,False,0.649975,1.0
gpt6_probe,parametric,openscad,0056/00568816,True,4,8,1.0,1.0,,,,1.0,1.0,0.00039,0.961,0.4143,0.8762,0.3306,0.7213,1.0,1.0,1.0,True,False,0.6068,1.0
gpt6_probe,parametric,openscad,0072/00728052,True,4,8,1.0,1.0,,,,1.0,1.0,0.000124,0.9876,0.9498,0.9856,0.5308,0.9295,1.0,1.0,1.0,True,False,0.849425,1.0
gpt6_probe,parametric,openscad,0021/00210983,True,4,8,1.0,1.0,,,,1.0,1.0,0.001535,0.8465,0.0,0.7657,0.3572,0.7758,1.0,1.0,1.0,False,True,0.494875,1.0
gpt6_probe,parametric,openscad,0046/00460772,True,4,8,1.0,1.0,,,,1.0,1.0,4.3e-05,0.9957,0.9918,1.0,0.8182,0.9198,1.0,1.0,1.0,True,False,0.9313750000000001,1.0
gemini38_flash,parametric,cadquery,0085/00852511,True,4,8,1.0,1.0,,,,1.0,1.0,0.000146,0.9854,0.959,0.9714,0.7771,0.8713,1.0,1.0,1.0,True,False,0.8982,1.0
gemini38_flash,parametric,cadquery,0009/00099014,True,4,8,1.0,1.0,,,,1.0,1.0,8.8e-05,0.9912,0.9903,1.0,0.4692,0.9426,1.0,1.0,1.0,True,False,0.848325,1.0
gemini38_flash,parametric,cadquery,0071/00710826,True,3,8,0.75,1.0,,,,0.9166666666666666,0.9166666666666666,0.000753,0.9247,0.5599,0.8778,0.347,0.7727,1.0,1.0,1.0,True,False,0.651075,1.0
gemini38_flash,parametric,cadquery,0005/00057589,True,4,6,1.0,0.75,,,,0.8333333333333334,0.8333333333333334,0.000111,0.9889,0.0,0.9846,0.599,0.9081,0.0,1.0,1.0,False,True,0.624,0.6666666666666666
gemini38_flash,parametric,cadquery,0015/00155951,True,4,8,1.0,1.0,,,,1.0,1.0,0.000275,0.9725,0.8871,0.9424,0.4658,0.8817,1.0,1.0,1.0,True,False,0.801775,1.0
gemini38_flash,parametric,cadquery,0013/00134405,True,3,8,0.75,1.0,,,,0.9166666666666666,0.9166666666666666,0.000485,0.9515,0.6081,0.9217,0.6119,0.7685,1.0,1.0,1.0,True,False,0.735,1.0
gemini38_flash,parametric,cadquery,0053/00531353,True,3,8,0.75,1.0,,,,0.9166666666666666,0.9166666666666666,0.000468,0.9532,0.7618,0.9222,0.6441,0.822,1.0,1.0,1.0,True,False,0.795275,1.0
gemini38_flash,parametric,cadquery,0094/00941813,True,4,8,1.0,1.0,,,,1.0,1.0,0.000117,0.9883,0.9865,0.9999,0.3914,0.9295,1.0,1.0,1.0,True,False,0.823925,1.0
gemini38_flash,parametric,cadquery,0081/00817410,False,0,0,0.0,0.0,,,,0.0,0.0,0.01,0.0,0.0,0.0,0.0,0.0,0.0,0.0,0.0,False,False,0.0,0.0
gemini38_flash,parametric,cadquery,0045/00457640,True,4,7,1.0,0.875,,,,0.9166666666666666,0.9166666666666666,0.000197,0.9803,0.5765,0.9999,0.3093,0.9049,1.0,1.0,1.0,True,False,0.69275,1.0
gemini38_flash,parametric,cadquery,0047/00478097,True,4,8,1.0,1.0,,,,1.0,1.0,6.7e-05,0.9933,0.9748,0.9978,0.6117,0.9218,1.0,1.0,1.0,True,False,0.8754,1.0
gemini38_flash,parametric,cadquery,0013/00135353,True,4,8,1.0,1.0,,,,1.0,1.0,0.000457,0.9543,0.6092,0.8886,0.2846,0.7365,1.0,1.0,1.0,True,False,0.64615,1.0
gemini38_flash,parametric,cadquery,0062/00621494,True,3,8,0.75,1.0,,,,0.9166666666666666,0.9166666666666666,0.000594,0.9406,0.4971,0.9065,0.269,0.8257,1.0,1.0,1.0,True,False,0.6331,1.0
gemini38_flash,parametric,cadquery,0016/00169954,True,3,8,0.75,1.0,,,,0.9166666666666666,0.9166666666666666,0.002403,0.7597,0.1079,0.7089,0.1804,0.5603,1.0,1.0,1.0,True,False,0.402075,1.0
gemini38_flash,parametric,cadquery,0039/00390147,True,4,8,1.0,1.0,,,,1.0,1.0,0.00107,0.893,0.6076,0.8763,0.3093,0.7256,1.0,1.0,1.0,True,False,0.633875,1.0
gemini38_flash,parametric,cadquery,0089/00895528,True,4,6,1.0,0.75,,,,0.8333333333333334,0.8333333333333334,0.003202,0.6798,0.2692,0.6306,0.0571,0.6134,1.0,1.0,1.0,True,False,0.404875,1.0
gemini38_flash,parametric,cadquery,0030/00306122,True,4,5,1.0,0.625,,,,0.75,0.75,0.001268,0.8732,0.3406,0.8004,0.1024,0.5791,1.0,1.0,1.0,True,False,0.473825,1.0
gemini38_flash,parametric,cadquery,0070/00706059,False,0,0,0.0,0.0,,,,0.0,0.0,0.01,0.0,0.0,0.0,0.0,0.0,0.0,0.0,0.0,False,False,0.0,0.0
gemini38_flash,parametric,cadquery,0008/00086411,True,3,7,0.75,0.875,,,,0.8333333333333334,0.8333333333333334,0.004582,0.5418000000000001,0.1177,0.4556,0.12,0.3791,1.0,1.0,1.0,True,False,0.28965,1.0
gemini38_flash,parametric,cadquery,0073/00732007,True,4,4,1.0,0.5,,,,0.6666666666666666,0.6666666666666666,0.000377,0.9623,0.6377,0.9193,0.6683,0.84,1.0,1.0,1.0,True,False,0.777075,1.0
gemini38_flash,parametric,cadquery,0010/00103639,True,3,8,0.75,1.0,,,,0.9166666666666666,0.9166666666666666,0.000129,0.9871,0.6086,0.9688,0.8332,0.7722,1.0,1.0,1.0,True,False,0.8002750000000001,1.0
gemini38_flash,parametric,cadquery,0019/00199917,True,4,6,1.0,0.75,,,,0.8333333333333334,0.8333333333333334,0.000697,0.9303,0.7991,0.9473,0.3207,0.8447,1.0,1.0,1.0,True,False,0.7237,1.0
gemini38_flash,parametric,cadquery,0035/00350534,True,2,7,0.5,0.875,,,,0.75,0.75,0.00101,0.899,0.5746,0.8214,0.2528,0.7035,1.0,1.0,1.0,True,False,0.607475,1.0
gemini38_flash,parametric,cadquery,0043/00431078,True,4,8,1.0,1.0,,,,1.0,1.0,0.000256,0.9744,0.6224,0.9585,0.4898,0.8143,1.0,1.0,1.0,True,False,0.725225,1.0
gemini38_flash,parametric,cadquery,0073/00737056,True,4,8,1.0,1.0,,,,1.0,1.0,0.004105,0.5894999999999999,0.2255,0.6523,0.1405,0.7836,1.0,1.0,0.998643,True,False,0.43477499999999997,0.9995476666666666
gemini38_flash,parametric,cadquery,0078/00788594,True,4,7,1.0,0.875,,,,0.9166666666666666,0.9166666666666666,0.000167,0.9833,0.7298,0.9817,0.4065,0.8477,1.0,1.0,1.0,True,False,0.741825,1.0
gemini38_flash,parametric,cadquery,0067/00677148,False,0,0,0.0,0.0,,,,0.0,0.0,0.01,0.0,0.0,0.0,0.0,0.0,0.0,0.0,0.0,False,False,0.0,0.0
gemini38_flash,parametric,cadquery,0093/00937375,True,4,8,1.0,1.0,,,,1.0,1.0,0.00027,0.973,0.6398,0.9771,0.4897,0.8118,1.0,1.0,1.0,True,False,0.728575,1.0
gemini38_flash,parametric,cadquery,0072/00726428,False,0,0,0.0,0.0,,,,0.0,0.0,0.01,0.0,0.0,0.0,0.0,0.0,0.0,0.0,0.0,False,False,0.0,0.0
gemini38_flash,parametric,cadquery,0049/00497058,True,4,8,1.0,1.0,,,,1.0,1.0,0.000214,0.9786,0.0,0.9552,0.2115,0.7933,1.0,1.0,1.0,False,True,0.49585,1.0
gemini38_flash,parametric,cadquery,0013/00133189,True,4,8,1.0,1.0,,,,1.0,1.0,0.001297,0.8703000000000001,0.0,0.6475,0.167,0.4925,0.0,1.0,1.0,False,True,0.38245,0.6666666666666666
gemini38_flash,parametric,cadquery,0024/00249966,True,3,8,0.75,1.0,,,,0.9166666666666666,0.9166666666666666,0.00076,0.924,0.7004,0.8741,0.5541,0.7817,1.0,1.0,1.0,True,False,0.74005,1.0
gemini38_flash,parametric,cadquery,0004/00042777,False,0,0,0.0,0.0,,,,0.0,0.0,0.01,0.0,0.0,0.0,0.0,0.0,0.0,0.0,0.0,False,False,0.0,0.0
gemini38_flash,parametric,cadquery,0055/00553999,True,3,8,0.75,1.0,,,,0.9166666666666666,0.9166666666666666,0.00571,0.42900000000000005,0.3175,0.5786,0.0466,0.5617,1.0,1.0,1.0,True,False,0.3387,1.0
gemini38_flash,parametric,cadquery,0068/00681400,True,4,8,1.0,1.0,,,,1.0,1.0,0.000181,0.9819,0.9147,0.971,0.8105,0.8887,1.0,1.0,1.0,True,False,0.89895,1.0
gemini38_flash,parametric,cadquery,0071/00714935,True,4,8,1.0,1.0,,,,1.0,1.0,0.000813,0.9187,0.8316,0.9395,0.3039,0.8829,1.0,1.0,1.0,True,False,0.734275,1.0
gemini38_flash,parametric,cadquery,0022/00227442,True,4,7,1.0,0.875,,,,0.9166666666666666,0.9166666666666666,0.000178,0.9822,0.6871,0.9817,0.4875,0.8441,1.0,1.0,1.0,True,False,0.750225,1.0
gemini38_flash,parametric,cadquery,0039/00397627,True,4,7,1.0,0.875,,,,0.9166666666666666,0.9166666666666666,0.00286,0.714,0.4942,0.7715,0.2042,0.5808,1.0,1.0,1.0,True,False,0.49829999999999997,1.0
gemini38_flash,parametric,cadquery,0026/00268024,True,4,8,1.0,1.0,,,,1.0,1.0,2.7e-05,0.9973,0.9968,1.0,0.8804,0.9319,1.0,1.0,1.0,True,False,0.9516,1.0
gemini38_flash,parametric,cadquery,0007/00073282,True,4,8,1.0,1.0,,,,1.0,1.0,0.002455,0.7545,0.0789,0.8401,0.0741,0.7612,1.0,1.0,1.0,True,False,0.41717499999999996,1.0
gemini38_flash,parametric,cadquery,0036/00369868,True,4,8,1.0,1.0,,,,1.0,1.0,0.00051,0.949,0.7136,0.8841,0.3332,0.7704,1.0,1.0,1.0,True,False,0.69155,1.0
gemini38_flash,parametric,cadquery,0084/00844862,False,0,0,0.0,0.0,,,,0.0,0.0,0.01,0.0,0.0,0.0,0.0,0.0,0.0,0.0,0.0,False,False,0.0,0.0
gemini38_flash,parametric,cadquery,0026/00268027,True,4,8,1.0,1.0,,,,1.0,1.0,1.3e-05,0.9987,0.9735,1.0,0.9864,0.9096,1.0,1.0,1.0,True,False,0.96705,1.0
gemini38_flash,parametric,cadquery,0092/00925049,True,4,8,1.0,1.0,,,,1.0,1.0,0.000323,0.9677,0.424,0.9651,0.4787,0.7873,1.0,1.0,1.0,True,False,0.664425,1.0
gemini38_flash,parametric,cadquery,0072/00725542,True,4,7,1.0,0.875,,,,0.9166666666666666,0.9166666666666666,0.000409,0.9591,0.848,0.948,0.481,0.8672,1.0,1.0,1.0,True,False,0.788825,1.0
gemini38_flash,parametric,cadquery,0015/00150938,True,3,8,0.75,1.0,,,,0.9166666666666666,0.9166666666666666,0.000415,0.9585,0.7146,0.9324,0.4342,0.8272,1.0,1.0,1.0,True,False,0.733625,1.0
gemini38_flash,parametric,cadquery,0072/00726429,True,3,7,0.75,0.875,,,,0.8333333333333334,0.8333333333333334,0.001365,0.8635,0.6263,0.8322,0.3245,0.7459,1.0,1.0,1.0,True,False,0.64005,1.0
gemini38_flash,parametric,cadquery,0065/00657969,True,4,8,1.0,1.0,,,,1.0,1.0,0.001234,0.8766,0.3448,0.7418,0.3567,0.551,1.0,1.0,1.0,True,False,0.532275,1.0
gemini38_flash,parametric,cadquery,0031/00310774,True,4,7,1.0,0.875,,,,0.9166666666666666,0.9166666666666666,0.00036,0.964,0.5262,0.9003,0.496,0.8003,1.0,1.0,1.0,True,False,0.696625,1.0
gemini38_flash,parametric,cadquery,0061/00618813,True,3,8,0.75,1.0,,,,0.9166666666666666,0.9166666666666666,0.000453,0.9547,0.7944,0.9733,0.4614,0.8864,1.0,1.0,1.0,True,False,0.7742249999999999,1.0
gemini38_flash,parametric,cadquery,0030/00307386,True,4,8,1.0,1.0,,,,1.0,1.0,5e-05,0.995,0.9775,1.0,0.701,0.9397,1.0,1.0,1.0,True,False,0.9033,1.0
gemini38_flash,parametric,cadquery,0072/00724192,True,4,8,1.0,1.0,,,,1.0,1.0,0.000205,0.9795,0.6928,0.9652,0.6073,0.8162,1.0,1.0,1.0,True,False,0.77395,1.0
gemini38_flash,parametric,cadquery,0018/00189804,True,3,8,0.75,1.0,,,,0.9166666666666666,0.9166666666666666,0.000918,0.9082,0.0,0.8886,0.5245,0.7034,1.0,1.0,1.0,False,True,0.534025,1.0
gemini38_flash,parametric,cadquery,0080/00807326,True,3,7,0.75,0.875,,,,0.8333333333333334,0.8333333333333334,0.000311,0.9689,0.7503,0.9556,0.4631,0.7918,1.0,1.0,1.0,True,False,0.743525,1.0
gemini38_flash,parametric,cadquery,0078/00789364,True,4,8,1.0,1.0,,,,1.0,1.0,9.9e-05,0.9901,0.0,1.0,0.5365,0.8962,1.0,1.0,1.0,False,True,0.6057,1.0
gemini38_flash,parametric,cadquery,0002/00029952,True,4,8,1.0,1.0,,,,1.0,1.0,4.3e-05,0.9957,0.9888,1.0,0.7328,0.932,1.0,1.0,1.0,True,False,0.912325,1.0
gemini38_flash,parametric,cadquery,0005/00051224,True,4,8,1.0,1.0,,,,1.0,1.0,8.5e-05,0.9915,0.8965,0.9999,0.7384,0.8738,1.0,1.0,1.0,True,False,0.87505,1.0
gemini38_flash,parametric,cadquery,0087/00873073,True,3,7,0.75,0.875,,,,0.8333333333333334,0.8333333333333334,0.000515,0.9485,0.4757,0.9127,0.5198,0.8219,1.0,1.0,1.0,True,False,0.6914750000000001,1.0
gemini38_flash,parametric,cadquery,0077/00779770,True,4,5,1.0,0.625,,,,0.75,0.75,0.002199,0.7801,0.0545,0.6594,0.0715,0.4224,1.0,1.0,1.0,True,False,0.332125,1.0
gemini38_flash,parametric,cadquery,0077/00778195,True,4,7,1.0,0.875,,,,0.9166666666666666,0.9166666666666666,0.001016,0.8984,0.1945,0.8022,0.2249,0.4507,1.0,1.0,1.0,True,False,0.442125,1.0
gemini38_flash,parametric,cadquery,0039/00397628,True,4,6,1.0,0.75,,,,0.8333333333333334,0.8333333333333334,0.004281,0.5719000000000001,0.3541,0.6745,0.1458,0.528,1.0,1.0,1.0,True,False,0.39995,1.0
gemini38_flash,parametric,cadquery,0008/00089777,False,0,0,0.0,0.0,,,,0.0,0.0,0.01,0.0,0.0,0.0,0.0,0.0,0.0,0.0,0.0,False,False,0.0,0.0
gemini38_flash,parametric,cadquery,0075/00758810,True,4,8,1.0,1.0,,,,1.0,1.0,0.001301,0.8699,0.4184,0.804,0.3364,0.6182,1.0,1.0,1.0,True,False,0.560725,1.0
gemini38_flash,parametric,cadquery,0028/00284926,True,4,8,1.0,1.0,,,,1.0,1.0,0.00012,0.988,0.8262,0.9705,0.8178,0.8545,1.0,1.0,1.0,True,False,0.871625,1.0
gemini38_flash,parametric,cadquery,0074/00741629,True,2,7,0.5,0.875,,,,0.75,0.75,0.000738,0.9262,0.6495,0.8896,0.479,0.7949,1.0,1.0,1.0,True,False,0.7124,1.0
gemini38_flash,parametric,cadquery,0097/00973497,True,4,8,1.0,1.0,,,,1.0,1.0,0.000318,0.9682,0.5198,0.8949,0.6039,0.7374,1.0,1.0,1.0,True,False,0.707325,1.0
gemini38_flash,parametric,cadquery,0047/00474303,True,2,7,0.5,0.875,,,,0.75,0.75,0.00127,0.873,0.2698,0.8306,0.2206,0.7717,1.0,1.0,1.0,True,False,0.533775,1.0
gemini38_flash,parametric,cadquery,0061/00616188,True,4,8,1.0,1.0,,,,1.0,1.0,0.00022,0.978,0.8104,0.9457,0.6921,0.8317,1.0,1.0,1.0,True,False,0.82805,1.0
gemini38_flash,parametric,cadquery,0005/00051572,True,4,8,1.0,1.0,,,,1.0,1.0,3.2e-05,0.9968,0.9973,1.0,0.8028,0.9635,1.0,1.0,1.0,True,False,0.9400999999999999,1.0
gemini38_flash,parametric,cadquery,0025/00253807,True,4,8,1.0,1.0,,,,1.0,1.0,0.000516,0.9484,0.6583,0.9065,0.4764,0.7862,1.0,1.0,1.0,True,False,0.717325,1.0
gemini38_flash,parametric,cadquery,0024/00242128,True,4,8,1.0,1.0,,,,1.0,1.0,0.000372,0.9628,0.4215,0.9506,0.4958,0.8402,1.0,1.0,1.0,True,False,0.680075,1.0
gemini38_flash,parametric,cadquery,0029/00292492,True,4,7,1.0,0.875,,,,0.9166666666666666,0.9166666666666666,0.000478,0.9522,0.5304,0.8994,0.3414,0.7051,1.0,1.0,1.0,True,False,0.632275,1.0
gemini38_flash,parametric,cadquery,0054/00547865,True,4,8,1.0,1.0,,,,1.0,1.0,4.8e-05,0.9952,0.9952,1.0,0.6927,0.9497,1.0,1.0,1.0,True,False,0.9082,1.0
gemini38_flash,parametric,cadquery,0005/00052091,True,3,8,0.75,1.0,,,,0.9166666666666666,0.9166666666666666,0.000557,0.9443,0.7761,0.9015,0.42,0.813,1.0,1.0,1.0,True,False,0.73835,1.0
gemini38_flash,parametric,cadquery,0034/00344679,True,4,6,1.0,0.75,,,,0.8333333333333334,0.8333333333333334,0.003048,0.6952,0.6249,0.6905,0.1557,0.6038,1.0,1.0,1.0,True,False,0.5199,1.0
gemini38_flash,parametric,cadquery,0092/00923543,True,3,8,0.75,1.0,,,,0.9166666666666666,0.9166666666666666,0.000548,0.9452,0.5376,0.883,0.5958,0.6894,1.0,1.0,1.0,True,False,0.692,1.0
gemini38_flash,parametric,cadquery,0024/00242859,True,4,3,1.0,0.375,,,,0.5833333333333334,0.5833333333333334,0.000964,0.9036,0.666,0.8277,0.2317,0.6732,1.0,1.0,1.0,True,False,0.618625,1.0
gemini38_flash,parametric,cadquery,0079/00790247,True,4,8,1.0,1.0,,,,1.0,1.0,6e-05,0.994,0.9972,1.0,0.605,0.9473,1.0,1.0,1.0,True,False,0.885875,1.0
gemini38_flash,parametric,cadquery,0084/00843879,True,3,7,0.75,0.875,,,,0.8333333333333334,0.8333333333333334,0.000431,0.9569,0.7389,0.891,0.5136,0.7756,1.0,1.0,1.0,True,False,0.74625,1.0
gemini38_flash,parametric,cadquery,0010/00108226,True,3,7,0.75,0.875,,,,0.8333333333333334,0.8333333333333334,8.1e-05,0.9919,0.9084,0.9945,0.6503,0.9056,1.0,1.0,1.0,True,False,0.86405,1.0
gemini38_flash,parametric,cadquery,0026/00268031,True,4,7,1.0,0.875,,,,0.9166666666666666,0.9166666666666666,0.000626,0.9374,0.5295,0.9566,0.285,0.8552,1.0,1.0,1.0,True,False,0.651775,1.0
gemini38_flash,parametric,cadquery,0022/00225399,False,0,0,0.0,0.0,,,,0.0,0.0,0.01,0.0,0.0,0.0,0.0,0.0,0.0,0.0,0.0,False,False,0.0,0.0
gemini38_flash,parametric,cadquery,0057/00570258,True,2,8,0.5,1.0,,,,0.8333333333333334,0.8333333333333334,0.000854,0.9146,0.6711,0.978,0.2575,0.9409,1.0,1.0,1.0,True,False,0.696025,1.0
gemini38_flash,parametric,cadquery,0010/00101896,True,4,7,1.0,0.875,,,,0.9166666666666666,0.9166666666666666,0.000508,0.9492,0.863,0.9348,0.4013,0.8856,1.0,1.0,1.0,True,False,0.774775,1.0
gemini38_flash,parametric,cadquery,0061/00619989,True,3,8,0.75,1.0,,,,0.9166666666666666,0.9166666666666666,0.00092,0.908,0.7453,0.91,0.1628,0.7824,1.0,1.0,1.0,True,False,0.649625,1.0
gemini38_flash,parametric,cadquery,0022/00226013,True,4,8,1.0,1.0,,,,1.0,1.0,0.00024,0.976,0.8564,0.9776,0.3976,0.8771,1.0,1.0,1.0,True,False,0.776775,1.0
gemini38_flash,parametric,cadquery,0052/00523563,True,4,8,1.0,1.0,,,,1.0,1.0,0.00149,0.851,0.7382,0.8118,0.3144,0.7328,1.0,1.0,1.0,True,False,0.6591,1.0
gemini38_flash,parametric,cadquery,0036/00361447,True,4,8,1.0,1.0,,,,1.0,1.0,8.5e-05,0.9915,0.911,1.0,0.6087,0.8411,1.0,1.0,1.0,True,False,0.838075,1.0
gemini38_flash,parametric,cadquery,0070/00709862,True,4,7,1.0,0.875,,,,0.9166666666666666,0.9166666666666666,7.5e-05,0.9925,0.9345,1.0,0.5697,0.8334,1.0,1.0,1.0,True,False,0.832525,1.0
gemini38_flash,parametric,cadquery,0054/00541109,True,4,8,1.0,1.0,,,,1.0,1.0,0.00306,0.694,0.0,0.6553,0.1116,0.508,0.0,1.0,0.977853,False,True,0.32839999999999997,0.6592843333333334
gemini38_flash,parametric,cadquery,0086/00866616,True,4,8,1.0,1.0,,,,1.0,1.0,6.2e-05,0.9938,0.848,0.9904,0.8492,0.9417,1.0,1.0,1.0,True,False,0.908175,1.0
gemini38_flash,parametric,cadquery,0027/00279318,True,3,8,0.75,1.0,,,,0.9166666666666666,0.9166666666666666,0.00027,0.973,0.4949,0.9431,0.5015,0.7542,1.0,1.0,1.0,True,False,0.6809,1.0
gemini38_flash,parametric,cadquery,0082/00827203,True,4,8,1.0,1.0,,,,1.0,1.0,0.000109,0.9891,0.9081,0.9881,0.6226,0.9524,1.0,1.0,1.0,True,False,0.86805,1.0
gemini38_flash,parametric,cadquery,0039/00391450,True,0,2,0.0,0.25,,,,0.16666666666666666,0.16666666666666666,0.002736,0.7263999999999999,0.2765,0.5619,0.099,0.6644,1.0,1.0,1.0,True,False,0.441575,1.0
gemini38_flash,parametric,cadquery,0013/00135378,True,4,8,1.0,1.0,,,,1.0,1.0,0.005012,0.4988,0.1776,0.4651,0.0604,0.5819,1.0,1.0,1.0,True,False,0.329675,1.0
gemini38_flash,parametric,cadquery,0093/00934405,False,0,0,0.0,0.0,,,,0.0,0.0,0.01,0.0,0.0,0.0,0.0,0.0,0.0,0.0,0.0,False,False,0.0,0.0
gemini38_flash,parametric,cadquery,0056/00568816,True,4,6,1.0,0.75,,,,0.8333333333333334,0.8333333333333334,0.000375,0.9625,0.4297,0.9038,0.3024,0.6415,1.0,1.0,1.0,True,False,0.584025,1.0
gemini38_flash,parametric,cadquery,0072/00728052,True,3,8,0.75,1.0,,,,0.9166666666666666,0.9166666666666666,0.000424,0.9576,0.8775,0.9583,0.4695,0.903,1.0,1.0,1.0,True,False,0.8019,1.0
gemini38_flash,parametric,cadquery,0021/00210983,True,4,8,1.0,1.0,,,,1.0,1.0,0.00141,0.859,0.0,0.7956,0.4103,0.7842,0.0,1.0,0.996865,False,True,0.513375,0.6656216666666667
gemini38_flash,parametric,cadquery,0046/00460772,True,4,8,1.0,1.0,,,,1.0,1.0,9.5e-05,0.9905,0.8925,0.9857,0.7713,0.8766,1.0,1.0,1.0,True,False,0.882725,1.0
gemini38_flash,parametric,threejs,0085/00852511,True,4,8,1.0,1.0,,,,1.0,1.0,0.000155,0.9845,0.6196,0.9726,0.6468,0.8669,1.0,1.0,0.851064,True,False,0.77945,0.9503546666666667
gemini38_flash,parametric,threejs,0009/00099014,True,4,8,1.0,1.0,,,,1.0,1.0,0.000129,0.9871,0.9971,0.9893,0.4359,0.8953,1.0,1.0,1.0,True,False,0.82885,1.0
gemini38_flash,parametric,threejs,0071/00710826,True,3,8,0.75,1.0,,,,0.9166666666666666,0.9166666666666666,0.00075,0.925,0.5674,0.876,0.3365,0.7502,1.0,1.0,1.0,True,False,0.644775,1.0
gemini38_flash,parametric,threejs,0005/00057589,True,3,5,0.75,0.625,,,,0.6666666666666666,0.6666666666666666,0.000157,0.9843,0.0,0.9727,0.5379,0.8609,1.0,0.967087,0.991515,True,False,0.5957749999999999,0.9862006666666666
gemini38_flash,parametric,threejs,0015/00155951,True,4,8,1.0,1.0,,,,1.0,1.0,0.00031,0.969,0.8931,0.9306,0.4198,0.8245,1.0,1.0,0.984483,True,False,0.7766,0.9948276666666667
gemini38_flash,parametric,threejs,0013/00134405,True,4,8,1.0,1.0,,,,1.0,1.0,2.8e-05,0.9972,0.9352,1.0,0.8623,0.879,1.0,1.0,1.0,True,False,0.918425,1.0
gemini38_flash,parametric,threejs,0053/00531353,True,4,8,1.0,1.0,,,,1.0,1.0,0.000739,0.9261,0.7086,0.8623,0.4558,0.7236,1.0,1.0,0.999572,True,False,0.703525,0.9998573333333334
gemini38_flash,parametric,threejs,0094/00941813,True,4,8,1.0,1.0,,,,1.0,1.0,0.001286,0.8714,0.0,0.8898,0.1692,0.8172,0.0,1.0,0.998674,False,True,0.46445,0.6662246666666666
gemini38_flash,parametric,threejs,0081/00817410,True,4,8,1.0,1.0,,,,1.0,1.0,0.000153,0.9847,0.7874,0.9886,0.4303,0.8461,1.0,1.0,0.970936,True,False,0.7621249999999999,0.990312
gemini38_flash,parametric,threejs,0045/00457640,True,4,7,1.0,0.875,,,,0.9166666666666666,0.9166666666666666,0.000258,0.9742,0.5251,0.9732,0.2938,0.8364,1.0,1.0,0.99568,True,False,0.657375,0.99856
gemini38_flash,parametric,threejs,0047/00478097,True,4,8,1.0,1.0,,,,1.0,1.0,0.0001,0.99,0.9566,0.9969,0.4805,0.7841,1.0,1.0,0.895706,True,False,0.8028,0.9652353333333333
gemini38_flash,parametric,threejs,0013/00135353,True,4,8,1.0,1.0,,,,1.0,1.0,0.000282,0.9718,0.6474,0.9458,0.4168,0.777,1.0,1.0,0.967855,True,False,0.70325,0.9892850000000001
gemini38_flash,parametric,threejs,0062/00621494,True,4,8,1.0,1.0,,,,1.0,1.0,0.001026,0.8974,0.0,0.8349,0.1682,0.6349,0.0,0.992427,0.982329,False,True,0.425125,0.658252
gemini38_flash,parametric,threejs,0016/00169954,True,3,8,0.75,1.0,,,,0.9166666666666666,0.9166666666666666,0.00237,0.763,0.1107,0.7087,0.2039,0.5164,1.0,1.0,0.956477,True,False,0.3985,0.9854923333333333
gemini38_flash,parametric,threejs,0039/00390147,True,4,7,1.0,0.875,,,,0.9166666666666666,0.9166666666666666,0.000423,0.9577,0.8088,0.9621,0.3549,0.7497,1.0,0.973467,0.957691,True,False,0.717775,0.9770526666666667
gemini38_flash,parametric,threejs,0089/00895528,True,4,7,1.0,0.875,,,,0.9166666666666666,0.9166666666666666,0.003218,0.6782,0.2178,0.6826,0.0241,0.6226,1.0,0.945017,0.96449,True,False,0.385675,0.9698356666666667
gemini38_flash,parametric,threejs,0030/00306122,True,4,5,1.0,0.625,,,,0.75,0.75,0.00092,0.908,0.4013,0.8581,0.11,0.5827,1.0,1.0,1.0,True,False,0.5005000000000001,1.0
gemini38_flash,parametric,threejs,0070/00706059,True,4,6,1.0,0.75,,,,0.8333333333333334,0.8333333333333334,0.000649,0.9351,0.809,0.9222,0.2877,0.8269,1.0,1.0,1.0,True,False,0.7146750000000001,1.0
gemini38_flash,parametric,threejs,0008/00086411,True,3,7,0.75,0.875,,,,0.8333333333333334,0.8333333333333334,0.004223,0.5777,0.1339,0.4904,0.1068,0.3824,1.0,1.0,0.999146,True,False,0.3002,0.9997153333333334
gemini38_flash,parametric,threejs,0073/00732007,True,4,4,1.0,0.5,,,,0.6666666666666666,0.6666666666666666,0.001537,0.8463,0.1466,0.7233,0.2515,0.613,1.0,1.0,0.995951,True,False,0.46435000000000004,0.9986503333333333
gemini38_flash,parametric,threejs,0010/00103639,True,4,8,1.0,1.0,,,,1.0,1.0,0.000132,0.9868,0.6058,0.9702,0.8281,0.7641,1.0,1.0,1.0,True,False,0.7962,1.0
gemini38_flash,parametric,threejs,0019/00199917,True,4,8,1.0,1.0,,,,1.0,1.0,0.000361,0.9639,0.0,0.9317,0.3515,0.778,0.0,1.0,0.987785,False,True,0.52335,0.662595
gemini38_flash,parametric,threejs,0035/00350534,True,2,7,0.5,0.875,,,,0.75,0.75,0.0009,0.91,0.5535,0.806,0.1229,0.6477,1.0,1.0,0.923943,True,False,0.558525,0.9746476666666667
gemini38_flash,parametric,threejs,0043/00431078,True,4,8,1.0,1.0,,,,1.0,1.0,0.000412,0.9588,0.5333,0.9189,0.2103,0.723,1.0,1.0,1.0,True,False,0.60635,1.0
gemini38_flash,parametric,threejs,0073/00737056,True,4,8,1.0,1.0,,,,1.0,1.0,0.000851,0.9149,0.5357,0.8655,0.3201,0.792,1.0,1.0,0.875648,True,False,0.640675,0.9585493333333334
gemini38_flash,parametric,threejs,0078/00788594,True,4,6,1.0,0.75,,,,0.8333333333333334,0.8333333333333334,0.000159,0.9841,0.7882,0.9817,0.3737,0.789,1.0,1.0,0.997006,True,False,0.73375,0.999002
gemini38_flash,parametric,threejs,0067/00677148,True,3,8,0.75,1.0,,,,0.9166666666666666,0.9166666666666666,0.000841,0.9159,0.0,0.8232,0.2317,0.6937,0.0,1.0,1.0,False,True,0.460325,0.6666666666666666
gemini38_flash,parametric,threejs,0093/00937375,True,4,8,1.0,1.0,,,,1.0,1.0,0.000243,0.9757,0.8012,0.9727,0.493,0.8579,1.0,1.0,0.992139,True,False,0.78195,0.9973796666666667
gemini38_flash,parametric,threejs,0072/00726428,True,4,5,1.0,0.625,,,,0.75,0.75,0.002229,0.7771,0.5164,0.7786,0.1435,0.6668,1.0,1.0,1.0,True,False,0.52595,1.0
gemini38_flash,parametric,threejs,0049/00497058,True,4,8,1.0,1.0,,,,1.0,1.0,0.00023,0.977,0.0,0.9605,0.1736,0.7121,1.0,1.0,0.970256,False,True,0.465675,0.9900853333333334
gemini38_flash,parametric,threejs,0013/00133189,True,4,8,1.0,1.0,,,,1.0,1.0,0.000507,0.9493,0.4191,0.8718,0.2285,0.6375,1.0,1.0,0.9139889999999999,True,False,0.5586,0.9713296666666666
gemini38_flash,parametric,threejs,0024/00249966,True,4,8,1.0,1.0,,,,1.0,1.0,0.000679,0.9321,0.6782,0.878,0.4536,0.6938,1.0,1.0,0.982083,True,False,0.689425,0.9940276666666668
gemini38_flash,parametric,threejs,0004/00042777,True,4,8,1.0,1.0,,,,1.0,1.0,0.003184,0.6816,0.0,0.6839,0.3329,0.4981,0.0,1.0,0.99712,False,True,0.37815,0.6657066666666667
gemini38_flash,parametric,threejs,0055/00553999,True,4,8,1.0,1.0,,,,1.0,1.0,0.004324,0.5676000000000001,0.3581,0.5252,0.0521,0.5426,1.0,1.0,0.875362,True,False,0.3801,0.958454
gemini38_flash,parametric,threejs,0068/00681400,False,0,0,0.0,0.0,,,,0.0,0.0,0.01,0.0,0.0,0.0,0.0,0.0,0.0,0.0,0.0,False,False,0.0,0.0
gemini38_flash,parametric,threejs,0071/00714935,True,4,8,1.0,1.0,,,,1.0,1.0,0.000596,0.9404,0.8575,0.9368,0.3336,0.85,1.0,1.0,1.0,True,False,0.745375,1.0
gemini38_flash,parametric,threejs,0022/00227442,True,4,7,1.0,0.875,,,,0.9166666666666666,0.9166666666666666,7.8e-05,0.9922,0.8801,1.0,0.5661,0.9196,1.0,0.920694,1.0,True,False,0.8395,0.9735646666666667
gemini38_flash,parametric,threejs,0039/00397627,True,3,7,0.75,0.875,,,,0.8333333333333334,0.8333333333333334,0.002875,0.7125,0.0,0.763,0.1957,0.5748,0.0,1.0,1.0,False,True,0.37075,0.6666666666666666
gemini38_flash,parametric,threejs,0026/00268024,True,1,7,0.25,0.875,,,,0.6666666666666666,0.6666666666666666,0.006862,0.31379999999999997,0.2211,0.6486,0.3449,0.4843,1.0,1.0,1.0,True,False,0.34102499999999997,1.0
gemini38_flash,parametric,threejs,0007/00073282,True,4,8,1.0,1.0,,,,1.0,1.0,0.000928,0.9072,0.0,0.8656,0.3488,0.7973,1.0,0.897321,0.981988,True,False,0.513325,0.9597696666666667
gemini38_flash,parametric,threejs,0036/00369868,True,4,7,1.0,0.875,,,,0.9166666666666666,0.9166666666666666,0.000354,0.9646,0.7781,0.9383,0.3653,0.7586,1.0,1.0,0.957105,True,False,0.71665,0.9857016666666666
gemini38_flash,parametric,threejs,0084/00844862,True,4,8,1.0,1.0,,,,1.0,1.0,4e-05,0.996,0.968,1.0,0.7531,0.9229,1.0,1.0,1.0,True,False,0.91,1.0
gemini38_flash,parametric,threejs,0026/00268027,True,4,8,1.0,1.0,,,,1.0,1.0,1.4e-05,0.9986,0.9908,1.0,0.98,0.8948,1.0,1.0,0.99424,True,False,0.9660500000000001,0.99808
gemini38_flash,parametric,threejs,0092/00925049,True,4,8,1.0,1.0,,,,1.0,1.0,0.00031,0.969,0.4138,0.9687,0.4967,0.7918,1.0,1.0,0.994299,True,False,0.667825,0.9980996666666666
gemini38_flash,parametric,threejs,0072/00725542,True,4,6,1.0,0.75,,,,0.8333333333333334,0.8333333333333334,0.000298,0.9702,0.0,0.9587,0.4562,0.8566,0.0,1.0,0.951846,False,True,0.57075,0.6506153333333333
gemini38_flash,parametric,threejs,0015/00150938,True,3,8,0.75,1.0,,,,0.9166666666666666,0.9166666666666666,0.000351,0.9649,0.6857,0.9555,0.3205,0.8407,1.0,1.0,1.0,True,False,0.70295,1.0
gemini38_flash,parametric,threejs,0072/00726429,True,4,6,1.0,0.75,,,,0.8333333333333334,0.8333333333333334,0.01,0.0,0.0173,0.0426,0.0002,0.2794,1.0,1.0,0.998791,True,False,0.074225,0.999597
gemini38_flash,parametric,threejs,0065/00657969,True,4,8,1.0,1.0,,,,1.0,1.0,0.001162,0.8838,0.0,0.7612,0.327,0.5476,0.0,0.96523,1.0,False,True,0.4396,0.6550766666666666
gemini38_flash,parametric,threejs,0031/00310774,True,4,7,1.0,0.875,,,,0.9166666666666666,0.9166666666666666,0.000358,0.9642,0.516,0.9327,0.4658,0.7877,1.0,1.0,0.987159,True,False,0.683425,0.9957196666666667
gemini38_flash,parametric,threejs,0061/00618813,True,3,8,0.75,1.0,,,,0.9166666666666666,0.9166666666666666,0.000569,0.9431,0.0,0.9518,0.3884,0.7629,0.0,1.0,0.996008,False,True,0.5236000000000001,0.665336
gemini38_flash,parametric,threejs,0030/00307386,True,4,8,1.0,1.0,,,,1.0,1.0,0.000106,0.9894,0.9518,0.9895,0.5896,0.8708,1.0,0.889393,1.0,True,False,0.8504,0.9631310000000001
gemini38_flash,parametric,threejs,0072/00724192,True,4,8,1.0,1.0,,,,1.0,1.0,0.00019,0.981,0.7351,0.9697,0.5088,0.7616,1.0,1.0,0.896719,True,False,0.746625,0.965573
gemini38_flash,parametric,threejs,0018/00189804,True,4,8,1.0,1.0,,,,1.0,1.0,0.000764,0.9236,0.0,0.9093,0.5452,0.7202,1.0,1.0,1.0,False,True,0.54725,1.0
gemini38_flash,parametric,threejs,0080/00807326,True,3,8,0.75,1.0,,,,0.9166666666666666,0.9166666666666666,0.00026,0.974,0.79,0.9416,0.5284,0.7944,1.0,1.0,0.999581,True,False,0.7717,0.9998603333333334
gemini38_flash,parametric,threejs,0078/00789364,True,4,8,1.0,1.0,,,,1.0,1.0,8.2e-05,0.9918,0.0,1.0,0.5335,0.8896,1.0,1.0,1.0,False,True,0.603725,1.0
gemini38_flash,parametric,threejs,0002/00029952,True,4,8,1.0,1.0,,,,1.0,1.0,4.6e-05,0.9954,0.9861,1.0,0.7033,0.8995,1.0,1.0,0.993276,True,False,0.896075,0.9977586666666666
gemini38_flash,parametric,threejs,0005/00051224,True,4,8,1.0,1.0,,,,1.0,1.0,0.000241,0.9759,0.7942,0.958,0.5352,0.8692,1.0,1.0,1.0,True,False,0.793625,1.0
gemini38_flash,parametric,threejs,0087/00873073,True,4,8,1.0,1.0,,,,1.0,1.0,0.00077,0.923,0.0,0.8652,0.286,0.5601,1.0,0.886785,0.7913330000000001,True,False,0.44227500000000003,0.892706
gemini38_flash,parametric,threejs,0077/00779770,True,4,6,1.0,0.75,,,,0.8333333333333334,0.8333333333333334,0.001997,0.8003,0.058,0.691,0.1119,0.4975,1.0,1.0,0.986708,True,False,0.366925,0.9955693333333334
gemini38_flash,parametric,threejs,0077/00778195,True,4,7,1.0,0.875,,,,0.9166666666666666,0.9166666666666666,0.000478,0.9522,0.0,0.9099,0.3584,0.543,0.0,0.89405,1.0,False,True,0.46340000000000003,0.63135
gemini38_flash,parametric,threejs,0039/00397628,True,4,6,1.0,0.75,,,,0.8333333333333334,0.8333333333333334,0.003876,0.6124,0.0,0.6977,0.1675,0.5433,0.0,1.0,1.0,False,True,0.33080000000000004,0.6666666666666666
gemini38_flash,parametric,threejs,0008/00089777,True,4,8,1.0,1.0,,,,1.0,1.0,0.000301,0.9699,0.8831,0.9327,0.2445,0.9061,1.0,1.0,0.981232,True,False,0.7509,0.993744
gemini38_flash,parametric,threejs,0075/00758810,True,4,7,1.0,0.875,,,,0.9166666666666666,0.9166666666666666,0.001109,0.8891,0.3796,0.8228,0.1483,0.4568,1.0,1.0,0.771853,True,False,0.46845,0.9239510000000001
gemini38_flash,parametric,threejs,0028/00284926,True,4,8,1.0,1.0,,,,1.0,1.0,0.000123,0.9877,0.8242,0.9703,0.7966,0.8149,1.0,1.0,0.95664,True,False,0.85585,0.9855466666666667
gemini38_flash,parametric,threejs,0074/00741629,True,3,8,0.75,1.0,,,,0.9166666666666666,0.9166666666666666,0.000646,0.9354,0.7076,0.905,0.5575,0.8281,1.0,0.945217,0.998502,True,False,0.75715,0.9812396666666666
gemini38_flash,parametric,threejs,0097/00973497,False,0,0,0.0,0.0,,,,0.0,0.0,0.01,0.0,0.0,0.0,0.0,0.0,0.0,0.0,0.0,False,False,0.0,0.0
gemini38_flash,parametric,threejs,0047/00474303,True,4,7,1.0,0.875,,,,0.9166666666666666,0.9166666666666666,0.000997,0.9003,0.0,0.8833,0.1818,0.6365,0.0,1.0,0.979452,False,True,0.42965,0.6598173333333334
gemini38_flash,parametric,threejs,0061/00616188,True,4,7,1.0,0.875,,,,0.9166666666666666,0.9166666666666666,0.000285,0.9715,0.7745,0.9302,0.6024,0.7764,1.0,1.0,0.930914,True,False,0.7812,0.9769713333333333
gemini38_flash,parametric,threejs,0005/00051572,True,4,8,1.0,1.0,,,,1.0,1.0,5.2e-05,0.9948,0.9798,1.0,0.6791,0.8788,1.0,1.0,0.999572,True,False,0.883125,0.9998573333333334
gemini38_flash,parametric,threejs,0025/00253807,True,4,8,1.0,1.0,,,,1.0,1.0,0.000651,0.9349000000000001,0.6139,0.8712,0.3799,0.6825,1.0,1.0,0.996949,True,False,0.6528,0.998983
gemini38_flash,parametric,threejs,0024/00242128,True,4,8,1.0,1.0,,,,1.0,1.0,0.000379,0.9621,0.4282,0.951,0.4937,0.8271,1.0,1.0,0.941549,True,False,0.677775,0.9805163333333334
gemini38_flash,parametric,threejs,0029/00292492,True,4,8,1.0,1.0,,,,1.0,1.0,0.000915,0.9085,0.0,0.7983,0.0623,0.5759,0.0,1.0,0.98807,False,True,0.386675,0.66269
gemini38_flash,parametric,threejs,0054/00547865,True,4,8,1.0,1.0,,,,1.0,1.0,6.3e-05,0.9937,0.9878,0.9994,0.6486,0.9224,1.0,1.0,1.0,True,False,0.888125,1.0
gemini38_flash,parametric,threejs,0005/00052091,True,3,8,0.75,1.0,,,,0.9166666666666666,0.9166666666666666,0.000411,0.9589,0.7425,0.9494,0.1839,0.803,1.0,1.0,0.904238,True,False,0.672075,0.9680793333333333
gemini38_flash,parametric,threejs,0034/00344679,True,3,6,0.75,0.75,,,,0.75,0.75,0.000884,0.9116,1.0,0.8548,0.2664,0.6909,1.0,1.0,1.0,True,False,0.717225,1.0
gemini38_flash,parametric,threejs,0092/00923543,True,3,8,0.75,1.0,,,,0.9166666666666666,0.9166666666666666,0.00052,0.948,0.5569,0.896,0.5822,0.6789,1.0,1.0,1.0,True,False,0.6915,1.0
gemini38_flash,parametric,threejs,0024/00242859,True,4,3,1.0,0.375,,,,0.5833333333333334,0.5833333333333334,0.000623,0.9377,0.7156,0.8468,0.4371,0.7676,1.0,1.0,0.875,True,False,0.7145,0.9583333333333334
gemini38_flash,parametric,threejs,0079/00790247,True,4,8,1.0,1.0,,,,1.0,1.0,0.000396,0.9604,0.7923,0.8954,0.365,0.8212,1.0,1.0,0.914772,True,False,0.7347250000000001,0.9715906666666667
gemini38_flash,parametric,threejs,0084/00843879,True,4,8,1.0,1.0,,,,1.0,1.0,0.000394,0.9606,0.7456,0.9011,0.4704,0.7184,1.0,1.0,0.984704,True,False,0.72375,0.9949013333333333
gemini38_flash,parametric,threejs,0010/00108226,True,4,8,1.0,1.0,,,,1.0,1.0,7.4e-05,0.9926,0.9213,0.9971,0.6384,0.8887,1.0,1.0,0.999138,True,False,0.86025,0.9997126666666666
gemini38_flash,parametric,threejs,0026/00268031,True,4,8,1.0,1.0,,,,1.0,1.0,4.2e-05,0.9958,0.9863,1.0,0.7647,0.9214,1.0,1.0,1.0,True,False,0.91705,1.0
gemini38_flash,parametric,threejs,0022/00225399,True,3,8,0.75,1.0,,,,0.9166666666666666,0.9166666666666666,0.000535,0.9465,0.7968,0.9188,0.2683,0.8286,1.0,1.0,0.997647,True,False,0.71005,0.9992156666666666
gemini38_flash,parametric,threejs,0057/00570258,True,4,8,1.0,1.0,,,,1.0,1.0,0.000132,0.9868,0.7893,1.0,0.3431,0.9419,1.0,1.0,0.946429,True,False,0.765275,0.9821430000000001
gemini38_flash,parametric,threejs,0010/00101896,True,4,7,1.0,0.875,,,,0.9166666666666666,0.9166666666666666,0.00075,0.925,0.8604,0.8981,0.3348,0.783,1.0,1.0,0.942055,True,False,0.7258,0.9806849999999999
gemini38_flash,parametric,threejs,0061/00619989,True,2,8,0.5,1.0,,,,0.8333333333333334,0.8333333333333334,0.000708,0.9292,0.885,0.8987,0.2716,0.8028,1.0,1.0,0.976183,True,False,0.72215,0.992061
gemini38_flash,parametric,threejs,0022/00226013,True,4,8,1.0,1.0,,,,1.0,1.0,0.000353,0.9647,0.8912,0.953,0.4828,0.8802,1.0,1.0,1.0,True,False,0.804725,1.0
gemini38_flash,parametric,threejs,0052/00523563,True,4,8,1.0,1.0,,,,1.0,1.0,0.000928,0.9072,0.7316,0.8827,0.3703,0.7839,1.0,1.0,1.0,True,False,0.69825,1.0
gemini38_flash,parametric,threejs,0036/00361447,True,4,8,1.0,1.0,,,,1.0,1.0,0.000147,0.9853,0.8746,0.9783,0.5621,0.7813,1.0,1.0,0.980318,True,False,0.800825,0.9934393333333333
gemini38_flash,parametric,threejs,0070/00709862,True,4,7,1.0,0.875,,,,0.9166666666666666,0.9166666666666666,6.8e-05,0.9932,0.9236,0.999,0.6125,0.8755,1.0,1.0,1.0,True,False,0.8512,1.0
gemini38_flash,parametric,threejs,0054/00541109,False,0,0,0.0,0.0,,,,0.0,0.0,0.01,0.0,0.0,0.0,0.0,0.0,0.0,0.0,0.0,False,False,0.0,0.0
gemini38_flash,parametric,threejs,0086/00866616,True,4,8,1.0,1.0,,,,1.0,1.0,7.3e-05,0.9927,0.168,0.9874,0.7988,0.8774,1.0,1.0,0.955993,True,False,0.709225,0.985331
gemini38_flash,parametric,threejs,0027/00279318,True,3,7,0.75,0.875,,,,0.8333333333333334,0.8333333333333334,0.000633,0.9367,0.2614,0.8571,0.3889,0.5288,1.0,1.0,0.966743,True,False,0.52895,0.9889143333333333
gemini38_flash,parametric,threejs,0082/00827203,True,4,8,1.0,1.0,,,,1.0,1.0,0.000113,0.9887,0.0,0.9873,0.5297,0.9058,0.0,1.0,1.0,False,True,0.60605,0.6666666666666666
gemini38_flash,parametric,threejs,0039/00391450,True,3,3,0.75,0.375,,,,0.5,0.5,0.005173,0.4827,0.0,0.5281,0.0268,0.4752,0.0,1.0,0.989796,False,True,0.246175,0.6632653333333334
gemini38_flash,parametric,threejs,0013/00135378,True,4,8,1.0,1.0,,,,1.0,1.0,0.000332,0.9668,0.6798,0.92,0.3983,0.7758,1.0,1.0,1.0,True,False,0.705175,1.0
gemini38_flash,parametric,threejs,0093/00934405,True,4,7,1.0,0.875,,,,0.9166666666666666,0.9166666666666666,0.000727,0.9273,0.0,0.8811,0.1826,0.6795,0.0,1.0,1.0,False,True,0.44735,0.6666666666666666
gemini38_flash,parametric,threejs,0056/00568816,True,4,6,1.0,0.75,,,,0.8333333333333334,0.8333333333333334,0.000355,0.9645,0.4671,0.9096,0.291,0.602,1.0,1.0,0.982128,True,False,0.58115,0.9940426666666666
gemini38_flash,parametric,threejs,0072/00728052,True,4,8,1.0,1.0,,,,1.0,1.0,0.000615,0.9385,0.7906,0.9372,0.4029,0.8025,1.0,1.0,1.0,True,False,0.733625,1.0
gemini38_flash,parametric,threejs,0021/00210983,False,0,0,0.0,0.0,,,,0.0,0.0,0.01,0.0,0.0,0.0,0.0,0.0,0.0,0.0,0.0,False,False,0.0,0.0
gemini38_flash,parametric,threejs,0046/00460772,True,4,8,1.0,1.0,,,,1.0,1.0,3.8e-05,0.9962,1.0,1.0,0.8138,0.9111,1.0,1.0,1.0,True,False,0.930275,1.0
doubao21,parametric,json,0085/00852511,True,4,8,1.0,1.0,,,,1.0,1.0,0.005154,0.48460000000000003,0.0105,0.2134,0.076,0.6844,1.0,1.0,1.0,True,False,0.313875,1.0
doubao21,parametric,json,0009/00099014,True,4,8,1.0,1.0,,,,1.0,1.0,3.6e-05,0.9964,0.9988,1.0,0.7855,0.9667,1.0,1.0,1.0,True,False,0.93685,1.0
doubao21,parametric,json,0071/00710826,True,2,8,0.5,1.0,,,,0.8333333333333334,0.8333333333333334,0.01,0.0,0.1597,0.3675,0.0997,0.3734,1.0,1.0,1.0,True,False,0.1582,1.0
doubao21,parametric,json,0005/00057589,True,4,6,1.0,0.75,,,,0.8333333333333334,0.8333333333333334,9.2e-05,0.9908,0.739,0.9856,0.7055,0.9205,1.0,1.0,1.0,True,False,0.83895,1.0
doubao21,parametric,json,0015/00155951,True,0,7,0.0,0.875,,,,0.5833333333333334,0.5833333333333334,0.000591,0.9409,0.6631,0.8708,0.2433,0.7397,1.0,1.0,1.0,True,False,0.64675,1.0
doubao21,parametric,json,0013/00134405,True,3,8,0.75,1.0,,,,0.9166666666666666,0.9166666666666666,0.000909,0.9091,0.4731,0.8347,0.5892,0.6489,1.0,1.0,1.0,True,False,0.655075,1.0
doubao21,parametric,json,0053/00531353,True,3,6,0.75,0.75,,,,0.75,0.75,0.00151,0.849,0.4222,0.7306,0.1392,0.611,1.0,1.0,0.998989,True,False,0.50535,0.999663
doubao21,parametric,json,0094/00941813,True,4,8,1.0,1.0,,,,1.0,1.0,0.000138,0.9862,0.9451,0.9936,0.3871,0.9164,1.0,1.0,1.0,True,False,0.8087,1.0
doubao21,parametric,json,0081/00817410,True,4,8,1.0,1.0,,,,1.0,1.0,0.000259,0.9741,0.6969,0.9412,0.5393,0.8049,1.0,1.0,1.0,True,False,0.7538,1.0
doubao21,parametric,json,0045/00457640,True,3,6,0.75,0.75,,,,0.75,0.75,0.001136,0.8864,0.2526,0.8821,0.186,0.7991,1.0,1.0,1.0,True,False,0.531025,1.0
doubao21,parametric,json,0047/00478097,True,4,8,1.0,1.0,,,,1.0,1.0,2.9e-05,0.9971,0.9794,0.9977,0.8631,0.9484,1.0,1.0,1.0,True,False,0.9470000000000001,1.0
doubao21,parametric,json,0013/00135353,True,4,8,1.0,1.0,,,,1.0,1.0,0.000467,0.9533,0.6096,0.8859,0.2824,0.7393,1.0,1.0,1.0,True,False,0.64615,1.0
doubao21,parametric,json,0062/00621494,True,4,8,1.0,1.0,,,,1.0,1.0,0.00224,0.776,0.2783,0.6274,0.1339,0.6496,1.0,1.0,1.0,True,False,0.45944999999999997,1.0
doubao21,parametric,json,0016/00169954,True,3,8,0.75,1.0,,,,0.9166666666666666,0.9166666666666666,0.01,0.0,0.0276,0.3535,0.1143,0.4961,1.0,1.0,1.0,True,False,0.1595,1.0
doubao21,parametric,json,0039/00390147,True,4,8,1.0,1.0,,,,1.0,1.0,0.00102,0.898,0.6129,0.8821,0.2989,0.7059,1.0,1.0,1.0,True,False,0.628925,1.0
doubao21,parametric,json,0089/00895528,True,4,5,1.0,0.625,,,,0.75,0.75,0.005855,0.4145,0.2192,0.4597,0.0259,0.5814,1.0,1.0,1.0,True,False,0.31025,1.0
doubao21,parametric,json,0030/00306122,True,4,5,1.0,0.625,,,,0.75,0.75,0.001245,0.8755,0.3255,0.7868,0.0995,0.5449,1.0,1.0,1.0,True,False,0.46135,1.0
doubao21,parametric,json,0070/00706059,True,3,5,0.75,0.625,,,,0.6666666666666666,0.6666666666666666,0.000342,0.9658,0.7802,0.939,0.3881,0.827,1.0,1.0,1.0,True,False,0.740275,1.0
doubao21,parametric,json,0008/00086411,True,3,7,0.75,0.875,,,,0.8333333333333334,0.8333333333333334,0.004835,0.5165,0.1136,0.4338,0.0684,0.3899,1.0,1.0,1.0,True,False,0.2721,1.0
doubao21,parametric,json,0073/00732007,True,2,2,0.5,0.25,,,,0.3333333333333333,0.3333333333333333,0.000516,0.9484,0.5047,0.8992,0.4864,0.802,1.0,1.0,1.0,True,False,0.6853750000000001,1.0
doubao21,parametric,json,0010/00103639,True,4,7,1.0,0.875,,,,0.9166666666666666,0.9166666666666666,0.000276,0.9724,0.5335,0.9382,0.7639,0.7548,1.0,1.0,1.0,True,False,0.75615,1.0
doubao21,parametric,json,0019/00199917,True,4,7,1.0,0.875,,,,0.9166666666666666,0.9166666666666666,0.001018,0.8982,0.6532,0.895,0.3477,0.7426,1.0,1.0,1.0,True,False,0.660425,1.0
doubao21,parametric,json,0035/00350534,True,1,6,0.25,0.75,,,,0.5833333333333334,0.5833333333333334,0.00213,0.787,0.3705,0.6526,0.2096,0.6747,1.0,1.0,1.0,True,False,0.51045,1.0
doubao21,parametric,json,0043/00431078,True,2,7,0.5,0.875,,,,0.75,0.75,0.000474,0.9526,0.5715,0.911,0.3897,0.768,1.0,1.0,1.0,True,False,0.67045,1.0
doubao21,parametric,json,0073/00737056,True,4,8,1.0,1.0,,,,1.0,1.0,0.000513,0.9487,0.5052,0.9103,0.3841,0.8628,1.0,1.0,1.0,True,False,0.6752,1.0
doubao21,parametric,json,0078/00788594,True,3,6,0.75,0.75,,,,0.75,0.75,0.000278,0.9722,0.6032,0.9716,0.256,0.7931,1.0,1.0,1.0,True,False,0.656125,1.0
doubao21,parametric,json,0067/00677148,True,2,5,0.5,0.625,,,,0.5833333333333334,0.5833333333333334,0.001522,0.8478,0.4414,0.7345,0.2019,0.7278,1.0,1.0,1.0,True,False,0.554725,1.0
doubao21,parametric,json,0093/00937375,True,4,8,1.0,1.0,,,,1.0,1.0,0.000338,0.9662,0.5772,0.9618,0.4704,0.8056,1.0,1.0,1.0,True,False,0.70485,1.0
doubao21,parametric,json,0072/00726428,True,4,7,1.0,0.875,,,,0.9166666666666666,0.9166666666666666,0.001958,0.8042,0.6087,0.7892,0.1653,0.7084,1.0,1.0,1.0,True,False,0.57165,1.0
doubao21,parametric,json,0049/00497058,True,4,7,1.0,0.875,,,,0.9166666666666666,0.9166666666666666,0.000224,0.9776,0.0,0.9642,0.1788,0.6934,1.0,1.0,0.940074,False,True,0.46245,0.9800246666666667
doubao21,parametric,json,0013/00133189,True,4,8,1.0,1.0,,,,1.0,1.0,0.00096,0.904,0.4155,0.7373,0.2823,0.533,1.0,1.0,1.0,True,False,0.5337000000000001,1.0
doubao21,parametric,json,0024/00249966,True,3,8,0.75,1.0,,,,0.9166666666666666,0.9166666666666666,0.000524,0.9476,0.0,0.9033,0.5828,0.8032,0.0,1.0,1.0,False,True,0.5834,0.6666666666666666
doubao21,parametric,json,0004/00042777,True,4,8,1.0,1.0,,,,1.0,1.0,0.003745,0.6255,0.3287,0.6335,0.3603,0.5062,1.0,1.0,1.0,True,False,0.455175,1.0
doubao21,parametric,json,0055/00553999,True,4,7,1.0,0.875,,,,0.9166666666666666,0.9166666666666666,0.006891,0.31089999999999995,0.1773,0.3508,0.0226,0.5697,1.0,1.0,1.0,True,False,0.270125,1.0
doubao21,parametric,json,0068/00681400,True,4,8,1.0,1.0,,,,1.0,1.0,6.1e-05,0.9939,0.9026,0.9967,0.8107,0.9025,1.0,1.0,1.0,True,False,0.902425,1.0
doubao21,parametric,json,0071/00714935,True,4,7,1.0,0.875,,,,0.9166666666666666,0.9166666666666666,0.000885,0.9115,0.0,0.938,0.4067,0.8898,1.0,1.0,1.0,False,True,0.552,1.0
doubao21,parametric,json,0022/00227442,True,4,8,1.0,1.0,,,,1.0,1.0,0.000129,0.9871,0.7645,0.9904,0.5217,0.8613,1.0,1.0,1.0,True,False,0.78365,1.0
doubao21,parametric,json,0039/00397627,True,3,6,0.75,0.75,,,,0.75,0.75,0.003472,0.6528,0.4791,0.7119,0.1715,0.5815,1.0,1.0,1.0,True,False,0.471225,1.0
doubao21,parametric,json,0026/00268024,True,4,8,1.0,1.0,,,,1.0,1.0,3e-06,0.9997,0.9989,1.0,0.9843,0.9892,1.0,1.0,1.0,True,False,0.993025,1.0
doubao21,parametric,json,0007/00073282,True,3,7,0.75,0.875,,,,0.8333333333333334,0.8333333333333334,0.00294,0.706,0.1214,0.696,0.0414,0.6771,1.0,1.0,1.0,True,False,0.386475,1.0
doubao21,parametric,json,0036/00369868,True,4,8,1.0,1.0,,,,1.0,1.0,0.000642,0.9358,0.6814,0.8687,0.2757,0.7349,1.0,1.0,1.0,True,False,0.65695,1.0
doubao21,parametric,json,0084/00844862,True,3,8,0.75,1.0,,,,0.9166666666666666,0.9166666666666666,3e-05,0.997,0.9587,1.0,0.8302,0.9444,1.0,1.0,1.0,True,False,0.932575,1.0
doubao21,parametric,json,0026/00268027,True,4,8,1.0,1.0,,,,1.0,1.0,4e-06,0.9996,0.997,1.0,0.9957,0.9744,1.0,1.0,1.0,True,False,0.9916750000000001,1.0
doubao21,parametric,json,0092/00925049,True,4,6,1.0,0.75,,,,0.8333333333333334,0.8333333333333334,0.000321,0.9679,0.4041,0.9669,0.4939,0.7785,1.0,1.0,1.0,True,False,0.6611,1.0
doubao21,parametric,json,0072/00725542,True,3,7,0.75,0.875,,,,0.8333333333333334,0.8333333333333334,0.000741,0.9259,0.0,0.9106,0.4212,0.8548,1.0,1.0,1.0,False,True,0.550475,1.0
doubao21,parametric,json,0015/00150938,True,3,8,0.75,1.0,,,,0.9166666666666666,0.9166666666666666,0.000276,0.9724,0.7741,0.9558,0.5319,0.8629,1.0,1.0,1.0,True,False,0.785325,1.0
doubao21,parametric,json,0072/00726429,True,4,8,1.0,1.0,,,,1.0,1.0,0.001623,0.8377,0.4635,0.7382,0.1904,0.6787,1.0,1.0,1.0,True,False,0.542575,1.0
doubao21,parametric,json,0065/00657969,True,4,8,1.0,1.0,,,,1.0,1.0,0.001257,0.8743,0.3617,0.7429,0.3552,0.5759,1.0,1.0,1.0,True,False,0.541775,1.0
doubao21,parametric,json,0031/00310774,True,4,7,1.0,0.875,,,,0.9166666666666666,0.9166666666666666,0.00063,0.937,0.3094,0.852,0.2589,0.785,1.0,1.0,0.999325,True,False,0.5725750000000001,0.999775
doubao21,parametric,json,0061/00618813,True,4,8,1.0,1.0,,,,1.0,1.0,0.002037,0.7963,0.6432,0.8819,0.168,0.6898,1.0,1.0,1.0,True,False,0.574325,1.0
doubao21,parametric,json,0030/00307386,True,3,6,0.75,0.75,,,,0.75,0.75,6.2e-05,0.9938,0.9452,0.9993,0.7087,0.9077,1.0,1.0,1.0,True,False,0.88885,1.0
doubao21,parametric,json,0072/00724192,True,4,8,1.0,1.0,,,,1.0,1.0,0.000149,0.9851,0.7853,0.9822,0.6522,0.8596,1.0,1.0,1.0,True,False,0.82055,1.0
doubao21,parametric,json,0018/00189804,True,3,7,0.75,0.875,,,,0.8333333333333334,0.8333333333333334,0.001036,0.8964,0.0,0.8767,0.4905,0.6958,1.0,1.0,0.999962,False,True,0.520675,0.9999873333333333
doubao21,parametric,json,0080/00807326,True,3,6,0.75,0.75,,,,0.75,0.75,0.000411,0.9589,0.7255,0.9338,0.3987,0.7804,1.0,1.0,1.0,True,False,0.715875,1.0
doubao21,parametric,json,0078/00789364,True,4,8,1.0,1.0,,,,1.0,1.0,0.0002,0.98,0.0,0.9774,0.5697,0.8953,1.0,1.0,1.0,False,True,0.61125,1.0
doubao21,parametric,json,0002/00029952,True,3,7,0.75,0.875,,,,0.8333333333333334,0.8333333333333334,5.8e-05,0.9942,0.934,0.9997,0.7293,0.8961,1.0,1.0,1.0,True,False,0.8884,1.0
doubao21,parametric,json,0005/00051224,True,4,8,1.0,1.0,,,,1.0,1.0,0.000214,0.9786,0.876,0.9477,0.6787,0.8672,1.0,1.0,1.0,True,False,0.850125,1.0
doubao21,parametric,json,0087/00873073,True,3,7,0.75,0.875,,,,0.8333333333333334,0.8333333333333334,0.000576,0.9424,0.4712,0.9022,0.511,0.8103,1.0,1.0,1.0,True,False,0.683725,1.0
doubao21,parametric,json,0077/00779770,True,2,4,0.5,0.5,,,,0.5,0.5,0.001885,0.8115,0.0571,0.6268,0.0302,0.6605,1.0,1.0,1.0,True,False,0.389825,1.0
doubao21,parametric,json,0077/00778195,True,3,6,0.75,0.75,,,,0.75,0.75,0.002517,0.7483,0.1022,0.6064,0.1505,0.3695,1.0,1.0,1.0,True,False,0.342625,1.0
doubao21,parametric,json,0039/00397628,True,4,8,1.0,1.0,,,,1.0,1.0,0.004329,0.5670999999999999,0.3451,0.4678,0.1146,0.5276,1.0,1.0,1.0,True,False,0.3886,1.0
doubao21,parametric,json,0008/00089777,True,4,8,1.0,1.0,,,,1.0,1.0,0.000279,0.9721,0.9378,0.9427,0.4622,0.9417,1.0,1.0,1.0,True,False,0.82845,1.0
doubao21,parametric,json,0075/00758810,True,4,7,1.0,0.875,,,,0.9166666666666666,0.9166666666666666,0.001378,0.8622,0.4204,0.7971,0.3318,0.6166,1.0,1.0,1.0,True,False,0.55775,1.0
doubao21,parametric,json,0028/00284926,True,4,7,1.0,0.875,,,,0.9166666666666666,0.9166666666666666,0.000311,0.9689,0.0,0.9429,0.5371,0.7455,0.0,1.0,1.0,False,True,0.562875,0.6666666666666666
doubao21,parametric,json,0074/00741629,True,4,7,1.0,0.875,,,,0.9166666666666666,0.9166666666666666,0.001752,0.8248,0.3951,0.71,0.0623,0.521,1.0,1.0,1.0,True,False,0.4508,1.0
doubao21,parametric,json,0097/00973497,True,4,8,1.0,1.0,,,,1.0,1.0,0.000638,0.9362,0.4614,0.8397,0.5778,0.7267,1.0,1.0,1.0,True,False,0.675525,1.0
doubao21,parametric,json,0047/00474303,True,1,7,0.25,0.875,,,,0.6666666666666666,0.6666666666666666,0.003066,0.6934,0.32,0.57,0.1287,0.5668,1.0,1.0,1.0,True,False,0.427225,1.0
doubao21,parametric,json,0061/00616188,True,4,8,1.0,1.0,,,,1.0,1.0,0.000226,0.9774,0.8121,0.9447,0.7113,0.8141,1.0,1.0,1.0,True,False,0.828725,1.0
doubao21,parametric,json,0005/00051572,True,4,8,1.0,1.0,,,,1.0,1.0,6e-06,0.9994,0.9991,1.0,0.9606,0.9918,1.0,1.0,1.0,True,False,0.987725,1.0
doubao21,parametric,json,0025/00253807,True,4,8,1.0,1.0,,,,1.0,1.0,0.00062,0.938,0.6246,0.8794,0.4577,0.7513,1.0,1.0,1.0,True,False,0.6929,1.0
doubao21,parametric,json,0024/00242128,True,4,7,1.0,0.875,,,,0.9166666666666666,0.9166666666666666,0.000468,0.9532,0.0,0.936,0.4233,0.8058,1.0,1.0,1.0,False,True,0.545575,1.0
doubao21,parametric,json,0029/00292492,True,4,5,1.0,0.625,,,,0.75,0.75,0.000443,0.9557,0.6104,0.9072,0.396,0.7383,1.0,1.0,1.0,True,False,0.6751,1.0
doubao21,parametric,json,0054/00547865,True,3,7,0.75,0.875,,,,0.8333333333333334,0.8333333333333334,6.2e-05,0.9938,0.9862,0.9928,0.8698,0.9466,1.0,1.0,1.0,True,False,0.9491,1.0
doubao21,parametric,json,0005/00052091,True,3,8,0.75,1.0,,,,0.9166666666666666,0.9166666666666666,0.000562,0.9438,0.7523,0.9054,0.3955,0.8006,1.0,1.0,1.0,True,False,0.72305,1.0
doubao21,parametric,json,0034/00344679,True,1,5,0.25,0.625,,,,0.5,0.5,0.003048,0.6952,0.6249,0.6905,0.1557,0.6038,1.0,1.0,1.0,True,False,0.5199,1.0
doubao21,parametric,json,0092/00923543,True,3,8,0.75,1.0,,,,0.9166666666666666,0.9166666666666666,0.000616,0.9384,0.4956,0.8753,0.5427,0.6767,1.0,1.0,1.0,True,False,0.66335,1.0
doubao21,parametric,json,0024/00242859,True,4,4,1.0,0.5,,,,0.6666666666666666,0.6666666666666666,0.000962,0.9038,0.6663,0.8278,0.2319,0.6737,1.0,1.0,1.0,True,False,0.618925,1.0
doubao21,parametric,json,0079/00790247,True,4,7,1.0,0.875,,,,0.9166666666666666,0.9166666666666666,5.9e-05,0.9941,0.9959,1.0,0.6119,0.9455,1.0,1.0,1.0,True,False,0.88685,1.0
doubao21,parametric,json,0084/00843879,True,3,7,0.75,0.875,,,,0.8333333333333334,0.8333333333333334,0.000456,0.9544,0.0,0.8823,0.4984,0.7441,1.0,1.0,1.0,False,True,0.549225,1.0
doubao21,parametric,json,0010/00108226,True,4,6,1.0,0.75,,,,0.8333333333333334,0.8333333333333334,0.000427,0.9573,0.5669,0.9047,0.4887,0.7461,1.0,1.0,1.0,True,False,0.68975,1.0
doubao21,parametric,json,0026/00268031,True,4,6,1.0,0.75,,,,0.8333333333333334,0.8333333333333334,0.000886,0.9114,0.1675,0.9327,0.3152,0.7605,1.0,1.0,1.0,True,False,0.53865,1.0
doubao21,parametric,json,0022/00225399,True,3,6,0.75,0.75,,,,0.75,0.75,0.001867,0.8133,0.5905,0.799,0.0606,0.6787,1.0,1.0,1.0,True,False,0.535775,1.0
doubao21,parametric,json,0057/00570258,False,0,0,0.0,0.0,,,,0.0,0.0,0.01,0.0,0.0,0.0,0.0,0.0,0.0,0.0,0.0,False,False,0.0,0.0
doubao21,parametric,json,0010/00101896,True,3,7,0.75,0.875,,,,0.8333333333333334,0.8333333333333334,0.001546,0.8453999999999999,0.6265,0.8343,0.1105,0.7723,1.0,1.0,0.997093,True,False,0.588675,0.999031
doubao21,parametric,json,0061/00619989,True,3,7,0.75,0.875,,,,0.8333333333333334,0.8333333333333334,0.001849,0.8151,0.7025,0.8048,0.102,0.7671,1.0,1.0,1.0,True,False,0.5966750000000001,1.0
doubao21,parametric,json,0022/00226013,True,4,8,1.0,1.0,,,,1.0,1.0,0.000243,0.9757,0.8491,0.9769,0.3617,0.8698,1.0,1.0,1.0,True,False,0.7640750000000001,1.0
doubao21,parametric,json,0052/00523563,True,4,8,1.0,1.0,,,,1.0,1.0,0.000281,0.9719,0.8912,0.9412,0.4141,0.8359,1.0,1.0,1.0,True,False,0.778275,1.0
doubao21,parametric,json,0036/00361447,True,4,8,1.0,1.0,,,,1.0,1.0,0.000118,0.9882,0.8902,0.9927,0.6093,0.8233,1.0,1.0,1.0,True,False,0.82775,1.0
doubao21,parametric,json,0070/00709862,True,4,6,1.0,0.75,,,,0.8333333333333334,0.8333333333333334,6.4e-05,0.9936,0.9695,1.0,0.6218,0.8886,1.0,1.0,1.0,True,False,0.868375,1.0
doubao21,parametric,json,0054/00541109,True,4,8,1.0,1.0,,,,1.0,1.0,0.007174,0.2826000000000001,0.0,0.3814,0.0535,0.4538,1.0,1.0,1.0,False,True,0.197475,1.0
doubao21,parametric,json,0086/00866616,True,4,7,1.0,0.875,,,,0.9166666666666666,0.9166666666666666,4e-05,0.996,0.8843,1.0,0.845,0.9245,1.0,1.0,1.0,True,False,0.91245,1.0
doubao21,parametric,json,0027/00279318,True,3,8,0.75,1.0,,,,0.9166666666666666,0.9166666666666666,0.000711,0.9289000000000001,0.2431,0.8483,0.4074,0.6275,1.0,1.0,0.998567,True,False,0.551725,0.9995223333333333
doubao21,parametric,json,0082/00827203,True,4,8,1.0,1.0,,,,1.0,1.0,0.01,0.0,0.0261,0.2133,0.0563,0.6015,1.0,1.0,0.954942,True,False,0.17097500000000002,0.9849806666666666
doubao21,parametric,json,0039/00391450,True,2,3,0.5,0.375,,,,0.4166666666666667,0.4166666666666667,0.004003,0.5997000000000001,0.5097,0.6066,0.1075,0.7139,1.0,1.0,1.0,True,False,0.4827,1.0
doubao21,parametric,json,0013/00135378,True,4,8,1.0,1.0,,,,1.0,1.0,0.000378,0.9621999999999999,0.5295,0.9065,0.2505,0.7242,1.0,1.0,1.0,True,False,0.6165999999999999,1.0
doubao21,parametric,json,0093/00934405,True,3,7,0.75,0.875,,,,0.8333333333333334,0.8333333333333334,0.001433,0.8567,0.0,0.7797,0.1925,0.6625,0.0,1.0,0.99963,False,True,0.427925,0.6665433333333334
doubao21,parametric,json,0056/00568816,True,2,6,0.5,0.75,,,,0.6666666666666666,0.6666666666666666,0.00068,0.9319999999999999,0.3443,0.832,0.249,0.5981,1.0,1.0,1.0,True,False,0.5308499999999999,1.0
doubao21,parametric,json,0072/00728052,True,4,8,1.0,1.0,,,,1.0,1.0,0.000404,0.9596,0.877,0.9624,0.4582,0.8915,1.0,1.0,1.0,True,False,0.796575,1.0
doubao21,parametric,json,0021/00210983,True,3,8,0.75,1.0,,,,0.9166666666666666,0.9166666666666666,0.001408,0.8592,0.0,0.7972,0.4082,0.7799,0.0,1.0,0.998134,False,True,0.511825,0.6660446666666666
doubao21,parametric,json,0046/00460772,True,3,7,0.75,0.875,,,,0.8333333333333334,0.8333333333333334,0.000113,0.9887,0.8898,0.9845,0.7659,0.8806,1.0,1.0,1.0,True,False,0.8812500000000001,1.0
doubao21,parametric,openscad,0085/00852511,True,4,8,1.0,1.0,,,,1.0,1.0,0.004237,0.5763,0.1046,0.5727,0.1681,0.5484,1.0,1.0,1.0,True,False,0.34935,1.0
doubao21,parametric,openscad,0009/00099014,True,4,8,1.0,1.0,,,,1.0,1.0,8.6e-05,0.9914,0.9957,1.0,0.4768,0.9413,1.0,1.0,1.0,True,False,0.8513,1.0
doubao21,parametric,openscad,0071/00710826,True,3,8,0.75,1.0,,,,0.9166666666666666,0.9166666666666666,0.000743,0.9257,0.5582,0.8793,0.3419,0.7579,1.0,1.0,1.0,True,False,0.645925,1.0
doubao21,parametric,openscad,0005/00057589,True,4,6,1.0,0.75,,,,0.8333333333333334,0.8333333333333334,0.000133,0.9867,0.6754,0.9768,0.5675,0.898,1.0,1.0,1.0,True,False,0.7819,1.0
doubao21,parametric,openscad,0015/00155951,True,4,8,1.0,1.0,,,,1.0,1.0,0.000321,0.9679,0.8183,0.9351,0.391,0.8509,1.0,1.0,1.0,True,False,0.7570250000000001,1.0
doubao21,parametric,openscad,0013/00134405,True,2,8,0.5,1.0,,,,0.8333333333333334,0.8333333333333334,0.000631,0.9369,0.7725,0.9182,0.8127,0.8203,1.0,1.0,1.0,True,False,0.8356,1.0
doubao21,parametric,openscad,0053/00531353,True,3,8,0.75,1.0,,,,0.9166666666666666,0.9166666666666666,0.000534,0.9466,0.7184,0.9088,0.5555,0.7918,1.0,1.0,1.0,True,False,0.7530749999999999,1.0
doubao21,parametric,openscad,0094/00941813,True,4,8,1.0,1.0,,,,1.0,1.0,0.000125,0.9875,0.9852,0.9999,0.3552,0.9229,1.0,1.0,1.0,True,False,0.8127,1.0
doubao21,parametric,openscad,0081/00817410,True,4,8,1.0,1.0,,,,1.0,1.0,0.000215,0.9785,0.7562,0.9569,0.528,0.8227,1.0,1.0,1.0,True,False,0.77135,1.0
doubao21,parametric,openscad,0045/00457640,True,4,7,1.0,0.875,,,,0.9166666666666666,0.9166666666666666,0.001173,0.8827,0.2399,0.8785,0.0936,0.7832,1.0,1.0,1.0,True,False,0.49985,1.0
doubao21,parametric,openscad,0047/00478097,True,4,8,1.0,1.0,,,,1.0,1.0,7e-05,0.993,0.951,0.9976,0.6006,0.9108,1.0,1.0,1.0,True,False,0.86385,1.0
doubao21,parametric,openscad,0013/00135353,True,4,8,1.0,1.0,,,,1.0,1.0,0.000477,0.9523,0.6081,0.8862,0.2866,0.7344,1.0,1.0,1.0,True,False,0.64535,1.0
doubao21,parametric,openscad,0062/00621494,True,4,8,1.0,1.0,,,,1.0,1.0,0.000505,0.9495,0.5209,0.9243,0.3176,0.8503,1.0,1.0,0.999729,True,False,0.659575,0.9999096666666666
doubao21,parametric,openscad,0016/00169954,True,3,8,0.75,1.0,,,,0.9166666666666666,0.9166666666666666,0.0024,0.76,0.1085,0.7085,0.1855,0.5457,1.0,1.0,1.0,True,False,0.399925,1.0
doubao21,parametric,openscad,0039/00390147,True,4,7,1.0,0.875,,,,0.9166666666666666,0.9166666666666666,0.001117,0.8883,0.5925,0.8756,0.304,0.7014,1.0,1.0,1.0,True,False,0.62155,1.0
doubao21,parametric,openscad,0089/00895528,True,2,7,0.5,0.875,,,,0.75,0.75,0.004176,0.5824,0.2555,0.5569,0.0252,0.5288,1.0,1.0,1.0,True,False,0.34797500000000003,1.0
doubao21,parametric,openscad,0030/00306122,True,4,5,1.0,0.625,,,,0.75,0.75,0.001569,0.8431,0.3471,0.7428,0.1833,0.5366,1.0,1.0,1.0,True,False,0.477525,1.0
doubao21,parametric,openscad,0070/00706059,True,4,5,1.0,0.625,,,,0.75,0.75,0.000813,0.9187,0.7537,0.9071,0.257,0.7989,1.0,1.0,1.0,True,False,0.682075,1.0
doubao21,parametric,openscad,0008/00086411,True,3,7,0.75,0.875,,,,0.8333333333333334,0.8333333333333334,0.004685,0.5315000000000001,0.1175,0.4397,0.1547,0.4052,1.0,1.0,1.0,True,False,0.302225,1.0
doubao21,parametric,openscad,0073/00732007,True,4,4,1.0,0.5,,,,0.6666666666666666,0.6666666666666666,0.000376,0.9624,0.6614,0.9208,0.6758,0.8453,1.0,1.0,1.0,True,False,0.786225,1.0
doubao21,parametric,openscad,0010/00103639,True,4,8,1.0,1.0,,,,1.0,1.0,0.000138,0.9862,0.605,0.9685,0.8162,0.7629,1.0,1.0,1.0,True,False,0.792575,1.0
doubao21,parametric,openscad,0019/00199917,True,2,6,0.5,0.75,,,,0.6666666666666666,0.6666666666666666,0.005633,0.4367,0.1709,0.5689,0.0275,0.5443,1.0,1.0,1.0,True,False,0.29485,1.0
doubao21,parametric,openscad,0035/00350534,True,2,7,0.5,0.875,,,,0.75,0.75,0.001187,0.8813,0.4773,0.7869,0.2141,0.6519,1.0,1.0,1.0,True,False,0.55615,1.0
doubao21,parametric,openscad,0043/00431078,True,4,8,1.0,1.0,,,,1.0,1.0,0.000518,0.9482,0.5497,0.9008,0.3637,0.7634,1.0,1.0,1.0,True,False,0.65625,1.0
doubao21,parametric,openscad,0073/00737056,True,4,8,1.0,1.0,,,,1.0,1.0,0.000665,0.9335,0.395,0.8512,0.3106,0.8421,1.0,1.0,1.0,True,False,0.6203,1.0
doubao21,parametric,openscad,0078/00788594,True,3,6,0.75,0.75,,,,0.75,0.75,0.000733,0.9267,0.4204,0.8495,0.1135,0.6498,1.0,1.0,1.0,True,False,0.5276,1.0
doubao21,parametric,openscad,0067/00677148,True,2,8,0.5,1.0,,,,0.8333333333333334,0.8333333333333334,0.000867,0.9133,0.5689,0.795,0.3028,0.7628,1.0,1.0,1.0,True,False,0.63695,1.0
doubao21,parametric,openscad,0093/00937375,True,4,7,1.0,0.875,,,,0.9166666666666666,0.9166666666666666,0.000322,0.9678,0.5441,0.9565,0.4268,0.7854,1.0,1.0,0.999835,True,False,0.681025,0.999945
doubao21,parametric,openscad,0072/00726428,True,2,8,0.5,1.0,,,,0.8333333333333334,0.8333333333333334,0.002748,0.7252000000000001,0.5971,0.7414,0.2097,0.7675,1.0,1.0,1.0,True,False,0.574875,1.0
doubao21,parametric,openscad,0049/00497058,True,4,8,1.0,1.0,,,,1.0,1.0,0.000347,0.9653,0.0,0.9991,0.1925,0.6511,1.0,1.0,1.0,False,True,0.452225,1.0
doubao21,parametric,openscad,0013/00133189,True,4,7,1.0,0.875,,,,0.9166666666666666,0.9166666666666666,0.000789,0.9211,0.4192,0.7872,0.3615,0.6155,1.0,1.0,1.0,True,False,0.579325,1.0
doubao21,parametric,openscad,0024/00249966,True,2,8,0.5,1.0,,,,0.8333333333333334,0.8333333333333334,0.000778,0.9222,0.6836,0.8637,0.5652,0.7746,1.0,1.0,1.0,True,False,0.7363999999999999,1.0
doubao21,parametric,openscad,0004/00042777,True,4,8,1.0,1.0,,,,1.0,1.0,0.003574,0.6426000000000001,0.3336,0.6383,0.3493,0.5028,1.0,1.0,1.0,True,False,0.457075,1.0
doubao21,parametric,openscad,0055/00553999,True,4,8,1.0,1.0,,,,1.0,1.0,0.004951,0.5049,0.3279,0.5733,0.0526,0.6164,1.0,1.0,1.0,True,False,0.37545,1.0
doubao21,parametric,openscad,0068/00681400,True,3,8,0.75,1.0,,,,0.9166666666666666,0.9166666666666666,0.000534,0.9466,0.5842,0.9162,0.3558,0.746,1.0,1.0,1.0,True,False,0.65815,1.0
doubao21,parametric,openscad,0071/00714935,True,4,8,1.0,1.0,,,,1.0,1.0,0.00083,0.917,0.0,0.9412,0.311,0.8875,1.0,1.0,1.0,False,True,0.528875,1.0
doubao21,parametric,openscad,0022/00227442,True,3,6,0.75,0.75,,,,0.75,0.75,0.000131,0.9869,0.7537,0.9903,0.4984,0.857,1.0,1.0,1.0,True,False,0.774,1.0
doubao21,parametric,openscad,0039/00397627,True,4,7,1.0,0.875,,,,0.9166666666666666,0.9166666666666666,0.002801,0.7199,0.4948,0.7735,0.1969,0.5891,1.0,1.0,1.0,True,False,0.500175,1.0
doubao21,parametric,openscad,0026/00268024,True,4,8,1.0,1.0,,,,1.0,1.0,2.7e-05,0.9973,0.9836,1.0,0.8826,0.9279,1.0,1.0,1.0,True,False,0.94785,1.0
doubao21,parametric,openscad,0007/00073282,True,4,8,1.0,1.0,,,,1.0,1.0,0.002497,0.7503,0.0832,0.838,0.061,0.7568,1.0,1.0,1.0,True,False,0.412825,1.0
doubao21,parametric,openscad,0036/00369868,True,2,8,0.5,1.0,,,,0.8333333333333334,0.8333333333333334,0.01,0.0,0.1549,0.2738,0.0353,0.3733,1.0,1.0,1.0,True,False,0.140875,1.0
doubao21,parametric,openscad,0084/00844862,True,4,8,1.0,1.0,,,,1.0,1.0,3.8e-05,0.9962,0.9886,1.0,0.7634,0.9379,1.0,1.0,1.0,True,False,0.9215249999999999,1.0
doubao21,parametric,openscad,0026/00268027,True,4,8,1.0,1.0,,,,1.0,1.0,1.3e-05,0.9987,0.9813,1.0,0.9855,0.9121,1.0,1.0,1.0,True,False,0.9694,1.0
doubao21,parametric,openscad,0092/00925049,True,4,8,1.0,1.0,,,,1.0,1.0,0.000334,0.9666,0.3936,0.9645,0.501,0.787,1.0,1.0,1.0,True,False,0.66205,1.0
doubao21,parametric,openscad,0072/00725542,True,4,7,1.0,0.875,,,,0.9166666666666666,0.9166666666666666,0.000342,0.9658,0.0,0.9479,0.4477,0.8478,1.0,1.0,1.0,False,True,0.565325,1.0
doubao21,parametric,openscad,0015/00150938,True,3,8,0.75,1.0,,,,0.9166666666666666,0.9166666666666666,0.000286,0.9714,0.7825,0.9531,0.5107,0.8511,1.0,1.0,1.0,True,False,0.778925,1.0
doubao21,parametric,openscad,0072/00726429,True,4,5,1.0,0.625,,,,0.75,0.75,0.002704,0.7296,0.3331,0.6008,0.0535,0.597,1.0,1.0,1.0,True,False,0.4283,1.0
doubao21,parametric,openscad,0065/00657969,True,4,7,1.0,0.875,,,,0.9166666666666666,0.9166666666666666,0.001219,0.8781,0.3617,0.7539,0.352,0.5508,1.0,1.0,1.0,True,False,0.53565,1.0
doubao21,parametric,openscad,0031/00310774,True,4,7,1.0,0.875,,,,0.9166666666666666,0.9166666666666666,0.000617,0.9383,0.3541,0.8444,0.2721,0.8076,1.0,1.0,0.999796,True,False,0.593025,0.9999319999999999
doubao21,parametric,openscad,0061/00618813,True,4,8,1.0,1.0,,,,1.0,1.0,0.000246,0.9754,0.7981,0.9652,0.5571,0.8888,1.0,1.0,1.0,True,False,0.8048500000000001,1.0
doubao21,parametric,openscad,0030/00307386,True,4,8,1.0,1.0,,,,1.0,1.0,5.3e-05,0.9947,0.9813,1.0,0.6983,0.9374,1.0,1.0,1.0,True,False,0.902925,1.0
doubao21,parametric,openscad,0072/00724192,True,4,8,1.0,1.0,,,,1.0,1.0,0.000136,0.9864,0.7544,0.9915,0.5509,0.7996,1.0,1.0,1.0,True,False,0.772825,1.0
doubao21,parametric,openscad,0018/00189804,True,3,8,0.75,1.0,,,,0.9166666666666666,0.9166666666666666,0.001018,0.8982,0.0,0.8931,0.5225,0.6982,1.0,1.0,0.999403,False,True,0.529725,0.999801
doubao21,parametric,openscad,0080/00807326,True,2,7,0.5,0.875,,,,0.75,0.75,0.001319,0.8681,0.5375,0.7358,0.245,0.6312,1.0,1.0,1.0,True,False,0.57045,1.0
doubao21,parametric,openscad,0078/00789364,True,4,8,1.0,1.0,,,,1.0,1.0,5.7e-05,0.9943,0.0,1.0,0.6158,0.9301,1.0,1.0,1.0,False,True,0.63505,1.0
doubao21,parametric,openscad,0002/00029952,True,4,8,1.0,1.0,,,,1.0,1.0,4.4e-05,0.9956,0.9936,1.0,0.7233,0.9277,1.0,1.0,1.0,True,False,0.91005,1.0
doubao21,parametric,openscad,0005/00051224,True,4,8,1.0,1.0,,,,1.0,1.0,8.9e-05,0.9911,0.8907,0.9964,0.7328,0.8725,1.0,1.0,1.0,True,False,0.871775,1.0
doubao21,parametric,openscad,0087/00873073,True,4,8,1.0,1.0,,,,1.0,1.0,0.000706,0.9294,0.414,0.8802,0.3614,0.596,1.0,1.0,1.0,True,False,0.5751999999999999,1.0
doubao21,parametric,openscad,0077/00779770,True,3,4,0.75,0.5,,,,0.5833333333333334,0.5833333333333334,0.001761,0.8239,0.0588,0.636,0.0271,0.6611,1.0,1.0,1.0,True,False,0.392725,1.0
doubao21,parametric,openscad,0077/00778195,True,4,7,1.0,0.875,,,,0.9166666666666666,0.9166666666666666,0.001001,0.8999,0.1919,0.8179,0.2434,0.4224,1.0,1.0,1.0,True,False,0.4394,1.0
doubao21,parametric,openscad,0039/00397628,True,4,7,1.0,0.875,,,,0.9166666666666666,0.9166666666666666,0.003791,0.6209,0.367,0.6949,0.1654,0.5633,1.0,1.0,1.0,True,False,0.42915000000000003,1.0
doubao21,parametric,openscad,0008/00089777,True,4,8,1.0,1.0,,,,1.0,1.0,0.000292,0.9708,0.9291,0.9403,0.4071,0.9389,1.0,1.0,1.0,True,False,0.811475,1.0
doubao21,parametric,openscad,0075/00758810,True,4,8,1.0,1.0,,,,1.0,1.0,0.001414,0.8586,0.4077,0.8015,0.3175,0.608,1.0,1.0,1.0,True,False,0.54795,1.0
doubao21,parametric,openscad,0028/00284926,True,4,8,1.0,1.0,,,,1.0,1.0,0.000147,0.9853,0.7761,0.9634,0.7667,0.8072,1.0,1.0,1.0,True,False,0.833825,1.0
doubao21,parametric,openscad,0074/00741629,True,3,8,0.75,1.0,,,,0.9166666666666666,0.9166666666666666,0.00084,0.916,0.6507,0.8708,0.3684,0.7509,1.0,1.0,1.0,True,False,0.6715,1.0
doubao21,parametric,openscad,0097/00973497,True,4,8,1.0,1.0,,,,1.0,1.0,0.000604,0.9396,0.4856,0.8452,0.5926,0.7195,1.0,1.0,1.0,True,False,0.684325,1.0
doubao21,parametric,openscad,0047/00474303,True,3,7,0.75,0.875,,,,0.8333333333333334,0.8333333333333334,0.003454,0.6546000000000001,0.2013,0.5695,0.0889,0.559,1.0,1.0,1.0,True,False,0.37595,1.0
doubao21,parametric,openscad,0061/00616188,True,4,8,1.0,1.0,,,,1.0,1.0,0.000235,0.9765,0.8063,0.9393,0.6928,0.8315,1.0,1.0,1.0,True,False,0.826775,1.0
doubao21,parametric,openscad,0005/00051572,True,4,8,1.0,1.0,,,,1.0,1.0,8.4e-05,0.9916,0.8524,0.9937,0.6074,0.8938,1.0,1.0,1.0,True,False,0.8363,1.0
doubao21,parametric,openscad,0025/00253807,True,4,8,1.0,1.0,,,,1.0,1.0,0.006734,0.3266,0.0976,0.4252,0.0392,0.6151,1.0,1.0,1.0,True,False,0.269625,1.0
doubao21,parametric,openscad,0024/00242128,True,4,8,1.0,1.0,,,,1.0,1.0,0.000377,0.9623,0.0,0.9502,0.4988,0.83,1.0,1.0,1.0,False,True,0.572775,1.0
doubao21,parametric,openscad,0029/00292492,True,4,8,1.0,1.0,,,,1.0,1.0,0.000411,0.9589,0.619,0.9154,0.3783,0.7389,1.0,1.0,1.0,True,False,0.673775,1.0
doubao21,parametric,openscad,0054/00547865,True,4,8,1.0,1.0,,,,1.0,1.0,9.1e-05,0.9909,0.9807,0.9916,0.6821,0.9373,1.0,1.0,1.0,True,False,0.89775,1.0
doubao21,parametric,openscad,0005/00052091,True,3,8,0.75,1.0,,,,0.9166666666666666,0.9166666666666666,0.00061,0.9390000000000001,0.7504,0.9007,0.4036,0.7871,1.0,1.0,1.0,True,False,0.720025,1.0
doubao21,parametric,openscad,0034/00344679,True,4,6,1.0,0.75,,,,0.8333333333333334,0.8333333333333334,0.003051,0.6949000000000001,0.6213,0.6903,0.1441,0.6049,1.0,1.0,1.0,True,False,0.5163,1.0
doubao21,parametric,openscad,0092/00923543,True,3,8,0.75,1.0,,,,0.9166666666666666,0.9166666666666666,0.000577,0.9423,0.5387,0.8804,0.5857,0.673,1.0,1.0,1.0,True,False,0.684925,1.0
doubao21,parametric,openscad,0024/00242859,True,4,3,1.0,0.375,,,,0.5833333333333334,0.5833333333333334,0.000965,0.9035,0.6599,0.8269,0.2227,0.6796,1.0,1.0,1.0,True,False,0.616425,1.0
doubao21,parametric,openscad,0079/00790247,True,4,8,1.0,1.0,,,,1.0,1.0,5.9e-05,0.9941,0.9915,1.0,0.6211,0.9496,1.0,1.0,1.0,True,False,0.8890750000000001,1.0
doubao21,parametric,openscad,0084/00843879,True,3,7,0.75,0.875,,,,0.8333333333333334,0.8333333333333334,0.000436,0.9564,0.0,0.8873,0.506,0.7711,1.0,1.0,1.0,False,True,0.5583750000000001,1.0
doubao21,parametric,openscad,0010/00108226,True,4,8,1.0,1.0,,,,1.0,1.0,0.001474,0.8526,0.4435,0.804,0.5235,0.682,1.0,1.0,1.0,True,False,0.6254,1.0
doubao21,parametric,openscad,0026/00268031,True,4,6,1.0,0.75,,,,0.8333333333333334,0.8333333333333334,0.000625,0.9375,0.5242,0.9565,0.2506,0.8464,1.0,1.0,1.0,True,False,0.639675,1.0
doubao21,parametric,openscad,0022/00225399,True,3,8,0.75,1.0,,,,0.9166666666666666,0.9166666666666666,0.001793,0.8207,0.6258,0.8118,0.0771,0.6865,1.0,1.0,1.0,True,False,0.552525,1.0
doubao21,parametric,openscad,0057/00570258,True,2,8,0.5,1.0,,,,0.8333333333333334,0.8333333333333334,0.000851,0.9149,0.7144,0.9781,0.2931,0.946,1.0,1.0,1.0,True,False,0.7171000000000001,1.0
doubao21,parametric,openscad,0010/00101896,True,4,7,1.0,0.875,,,,0.9166666666666666,0.9166666666666666,0.001124,0.8876,0.7057,0.8604,0.1455,0.79,1.0,1.0,0.997988,True,False,0.6322,0.9993293333333333
doubao21,parametric,openscad,0061/00619989,True,3,8,0.75,1.0,,,,0.9166666666666666,0.9166666666666666,0.000708,0.9292,0.8257,0.9267,0.1852,0.8132,1.0,1.0,1.0,True,False,0.688325,1.0
doubao21,parametric,openscad,0022/00226013,True,4,8,1.0,1.0,,,,1.0,1.0,0.000241,0.9759,0.8543,0.9766,0.3734,0.8772,1.0,1.0,1.0,True,False,0.7702,1.0
doubao21,parametric,openscad,0052/00523563,True,4,8,1.0,1.0,,,,1.0,1.0,0.000294,0.9706,0.8905,0.9375,0.3998,0.831,1.0,1.0,1.0,True,False,0.772975,1.0
doubao21,parametric,openscad,0036/00361447,True,4,8,1.0,1.0,,,,1.0,1.0,0.000117,0.9883,0.8924,0.9892,0.5802,0.7879,1.0,1.0,1.0,True,False,0.8122,1.0
doubao21,parametric,openscad,0070/00709862,True,4,7,1.0,0.875,,,,0.9166666666666666,0.9166666666666666,9.3e-05,0.9907,0.8876,0.995,0.5554,0.8037,1.0,1.0,1.0,True,False,0.80935,1.0
doubao21,parametric,openscad,0054/00541109,True,4,8,1.0,1.0,,,,1.0,1.0,0.004538,0.5462,0.0,0.5117,0.0798,0.4453,1.0,1.0,0.971957,False,True,0.267825,0.9906523333333332
doubao21,parametric,openscad,0086/00866616,True,3,7,0.75,0.875,,,,0.8333333333333334,0.8333333333333334,5.8e-05,0.9942,0.8325,0.9966,0.7986,0.9118,1.0,1.0,1.0,True,False,0.884275,1.0
doubao21,parametric,openscad,0027/00279318,True,3,8,0.75,1.0,,,,0.9166666666666666,0.9166666666666666,0.000659,0.9341,0.2493,0.8673,0.4284,0.6297,1.0,1.0,1.0,True,False,0.5603750000000001,1.0
doubao21,parametric,openscad,0082/00827203,True,4,8,1.0,1.0,,,,1.0,1.0,8.9e-05,0.9911,0.715,1.0,0.547,0.8843,1.0,1.0,1.0,True,False,0.78435,1.0
doubao21,parametric,openscad,0039/00391450,True,0,2,0.0,0.25,,,,0.16666666666666666,0.16666666666666666,0.002748,0.7252000000000001,0.2778,0.5613,0.1,0.6562,1.0,1.0,1.0,True,False,0.4398,1.0
doubao21,parametric,openscad,0013/00135378,True,4,8,1.0,1.0,,,,1.0,1.0,0.000352,0.9648,0.6784,0.9124,0.3837,0.7812,1.0,1.0,1.0,True,False,0.702025,1.0
doubao21,parametric,openscad,0093/00934405,True,4,7,1.0,0.875,,,,0.9166666666666666,0.9166666666666666,0.002868,0.7132000000000001,0.0,0.613,0.1175,0.5231,1.0,1.0,1.0,False,True,0.33845000000000003,1.0
doubao21,parametric,openscad,0056/00568816,True,2,6,0.5,0.75,,,,0.6666666666666666,0.6666666666666666,0.002277,0.7723,0.2332,0.6111,0.1217,0.5271,1.0,1.0,1.0,True,False,0.413575,1.0
doubao21,parametric,openscad,0072/00728052,True,4,8,1.0,1.0,,,,1.0,1.0,0.000402,0.9598,0.8623,0.9547,0.4568,0.8731,1.0,1.0,1.0,True,False,0.788,1.0
doubao21,parametric,openscad,0021/00210983,True,4,8,1.0,1.0,,,,1.0,1.0,0.001416,0.8584,0.0,0.7957,0.4082,0.79,1.0,1.0,1.0,False,True,0.51415,1.0
doubao21,parametric,openscad,0046/00460772,True,3,8,0.75,1.0,,,,0.9166666666666666,0.9166666666666666,8.5e-05,0.9915,0.9328,0.9904,0.791,0.8889,1.0,1.0,1.0,True,False,0.90105,1.0
kimi_k3,descriptive,json,0085/00852511,True,4,0,1.0,,10,10,1.0,1.0,,,,,,,,,,,,,,
kimi_k3,descriptive,json,0009/00099014,True,4,0,1.0,,10,10,1.0,1.0,,,,,,,,,,,,,,
kimi_k3,descriptive,json,0071/00710826,True,2,0,0.5,,7,7,0.6666666666666666,0.5833333333333333,,,,,,,,,,,,,,
kimi_k3,descriptive,json,0005/00057589,True,4,0,1.0,,10,10,1.0,1.0,,,,,,,,,,,,,,
kimi_k3,descriptive,json,0015/00155951,False,0,0,0.0,,1.0,,0.0,0.0,,,,,,,,,,,,,,
kimi_k3,descriptive,json,0013/00134405,True,4,0,1.0,,10,10,1.0,1.0,,,,,,,,,,,,,,
kimi_k3,descriptive,json,0053/00531353,True,4,0,1.0,,6,6,0.5555555555555556,0.7777777777777778,,,,,,,,,,,,,,
kimi_k3,descriptive,json,0094/00941813,True,3,0,0.75,,10,10,1.0,0.875,,,,,,,,,,,,,,
kimi_k3,descriptive,json,0081/00817410,True,2,0,0.5,,8,8,0.7777777777777778,0.6388888888888888,,,,,,,,,,,,,,
kimi_k3,descriptive,json,0045/00457640,True,4,0,1.0,,10,10,1.0,1.0,,,,,,,,,,,,,,
kimi_k3,descriptive,json,0047/00478097,True,4,0,1.0,,10,10,1.0,1.0,,,,,,,,,,,,,,
kimi_k3,descriptive,json,0013/00135353,True,4,0,1.0,,10,10,1.0,1.0,,,,,,,,,,,,,,
kimi_k3,descriptive,json,0062/00621494,True,4,0,1.0,,4,4,0.3333333333333333,0.6666666666666666,,,,,,,,,,,,,,
kimi_k3,descriptive,json,0016/00169954,True,4,0,1.0,,10,10,1.0,1.0,,,,,,,,,,,,,,
kimi_k3,descriptive,json,0039/00390147,True,4,0,1.0,,8,8,0.7777777777777778,0.8888888888888888,,,,,,,,,,,,,,
kimi_k3,descriptive,json,0089/00895528,True,4,0,1.0,,10,10,1.0,1.0,,,,,,,,,,,,,,
kimi_k3,descriptive,json,0030/00306122,True,4,0,1.0,,8,8,0.7777777777777778,0.8888888888888888,,,,,,,,,,,,,,
kimi_k3,descriptive,json,0070/00706059,True,4,0,1.0,,10,10,1.0,1.0,,,,,,,,,,,,,,
kimi_k3,descriptive,json,0008/00086411,True,4,0,1.0,,10,10,1.0,1.0,,,,,,,,,,,,,,
kimi_k3,descriptive,json,0073/00732007,True,4,0,1.0,,10,10,1.0,1.0,,,,,,,,,,,,,,
kimi_k3,descriptive,json,0010/00103639,True,4,0,1.0,,4,4,0.3333333333333333,0.6666666666666666,,,,,,,,,,,,,,
kimi_k3,descriptive,json,0019/00199917,False,0,0,0.0,,1.0,,0.0,0.0,,,,,,,,,,,,,,
kimi_k3,descriptive,json,0035/00350534,True,2,0,0.5,,4,4,0.3333333333333333,0.41666666666666663,,,,,,,,,,,,,,
kimi_k3,descriptive,json,0043/00431078,True,4,0,1.0,,6,6,0.5555555555555556,0.7777777777777778,,,,,,,,,,,,,,
kimi_k3,descriptive,json,0073/00737056,True,4,0,1.0,,3,3,0.2222222222222222,0.6111111111111112,,,,,,,,,,,,,,
kimi_k3,descriptive,json,0078/00788594,True,4,0,1.0,,10,10,1.0,1.0,,,,,,,,,,,,,,
kimi_k3,descriptive,json,0067/00677148,True,4,0,1.0,,10,10,1.0,1.0,,,,,,,,,,,,,,
kimi_k3,descriptive,json,0093/00937375,True,3,0,0.75,,10,10,1.0,0.875,,,,,,,,,,,,,,
kimi_k3,descriptive,json,0072/00726428,True,4,0,1.0,,1,1,0.0,0.5,,,,,,,,,,,,,,
kimi_k3,descriptive,json,0049/00497058,True,3,0,0.75,,8,8,0.7777777777777778,0.7638888888888888,,,,,,,,,,,,,,
kimi_k3,descriptive,json,0013/00133189,True,4,0,1.0,,10,10,1.0,1.0,,,,,,,,,,,,,,
kimi_k3,descriptive,json,0024/00249966,True,4,0,1.0,,10,10,1.0,1.0,,,,,,,,,,,,,,
kimi_k3,descriptive,json,0004/00042777,True,4,0,1.0,,8,8,0.7777777777777778,0.8888888888888888,,,,,,,,,,,,,,
kimi_k3,descriptive,json,0055/00553999,True,4,0,1.0,,6,6,0.5555555555555556,0.7777777777777778,,,,,,,,,,,,,,
kimi_k3,descriptive,json,0068/00681400,True,4,0,1.0,,10,10,1.0,1.0,,,,,,,,,,,,,,
kimi_k3,descriptive,json,0071/00714935,True,4,0,1.0,,10,10,1.0,1.0,,,,,,,,,,,,,,
kimi_k3,descriptive,json,0022/00227442,True,4,0,1.0,,10,10,1.0,1.0,,,,,,,,,,,,,,
kimi_k3,descriptive,json,0039/00397627,True,4,0,1.0,,4,4,0.3333333333333333,0.6666666666666666,,,,,,,,,,,,,,
kimi_k3,descriptive,json,0026/00268024,True,4,0,1.0,,10,10,1.0,1.0,,,,,,,,,,,,,,
kimi_k3,descriptive,json,0007/00073282,True,3,0,0.75,,8,8,0.7777777777777778,0.7638888888888888,,,,,,,,,,,,,,
kimi_k3,descriptive,json,0036/00369868,True,4,0,1.0,,10,10,1.0,1.0,,,,,,,,,,,,,,
kimi_k3,descriptive,json,0084/00844862,True,4,0,1.0,,10,10,1.0,1.0,,,,,,,,,,,,,,
kimi_k3,descriptive,json,0026/00268027,True,4,0,1.0,,10,10,1.0,1.0,,,,,,,,,,,,,,
kimi_k3,descriptive,json,0092/00925049,True,3,0,0.75,,10,10,1.0,0.875,,,,,,,,,,,,,,
kimi_k3,descriptive,json,0072/00725542,True,4,0,1.0,,8,8,0.7777777777777778,0.8888888888888888,,,,,,,,,,,,,,
kimi_k3,descriptive,json,0015/00150938,True,4,0,1.0,,10,10,1.0,1.0,,,,,,,,,,,,,,
kimi_k3,descriptive,json,0072/00726429,True,4,0,1.0,,1,1,0.0,0.5,,,,,,,,,,,,,,
kimi_k3,descriptive,json,0065/00657969,True,4,0,1.0,,10,10,1.0,1.0,,,,,,,,,,,,,,
kimi_k3,descriptive,json,0031/00310774,True,4,0,1.0,,10,10,1.0,1.0,,,,,,,,,,,,,,
kimi_k3,descriptive,json,0061/00618813,True,2,0,0.5,,8,8,0.7777777777777778,0.6388888888888888,,,,,,,,,,,,,,
kimi_k3,descriptive,json,0030/00307386,True,4,0,1.0,,10,10,1.0,1.0,,,,,,,,,,,,,,
kimi_k3,descriptive,json,0072/00724192,True,4,0,1.0,,10,10,1.0,1.0,,,,,,,,,,,,,,
kimi_k3,descriptive,json,0018/00189804,True,4,0,1.0,,10,10,1.0,1.0,,,,,,,,,,,,,,
kimi_k3,descriptive,json,0080/00807326,True,4,0,1.0,,10,10,1.0,1.0,,,,,,,,,,,,,,
kimi_k3,descriptive,json,0078/00789364,True,3,0,0.75,,10,10,1.0,0.875,,,,,,,,,,,,,,
kimi_k3,descriptive,json,0002/00029952,True,4,0,1.0,,10,10,1.0,1.0,,,,,,,,,,,,,,
kimi_k3,descriptive,json,0005/00051224,True,4,0,1.0,,10,10,1.0,1.0,,,,,,,,,,,,,,
kimi_k3,descriptive,json,0087/00873073,True,4,0,1.0,,6,6,0.5555555555555556,0.7777777777777778,,,,,,,,,,,,,,
kimi_k3,descriptive,json,0077/00779770,True,3,0,0.75,,4,4,0.3333333333333333,0.5416666666666666,,,,,,,,,,,,,,
kimi_k3,descriptive,json,0077/00778195,True,4,0,1.0,,10,10,1.0,1.0,,,,,,,,,,,,,,
kimi_k3,descriptive,json,0039/00397628,True,4,0,1.0,,2,2,0.1111111111111111,0.5555555555555556,,,,,,,,,,,,,,
kimi_k3,descriptive,json,0008/00089777,True,4,0,1.0,,10,10,1.0,1.0,,,,,,,,,,,,,,
kimi_k3,descriptive,json,0075/00758810,True,4,0,1.0,,4,4,0.3333333333333333,0.6666666666666666,,,,,,,,,,,,,,
kimi_k3,descriptive,json,0028/00284926,True,4,0,1.0,,10,10,1.0,1.0,,,,,,,,,,,,,,
kimi_k3,descriptive,json,0074/00741629,True,2,0,0.5,,8,8,0.7777777777777778,0.6388888888888888,,,,,,,,,,,,,,
kimi_k3,descriptive,json,0097/00973497,True,4,0,1.0,,8,8,0.7777777777777778,0.8888888888888888,,,,,,,,,,,,,,
kimi_k3,descriptive,json,0047/00474303,True,4,0,1.0,,1,1,0.0,0.5,,,,,,,,,,,,,,
kimi_k3,descriptive,json,0061/00616188,True,4,0,1.0,,6,6,0.5555555555555556,0.7777777777777778,,,,,,,,,,,,,,
kimi_k3,descriptive,json,0005/00051572,True,4,0,1.0,,10,10,1.0,1.0,,,,,,,,,,,,,,
kimi_k3,descriptive,json,0025/00253807,True,4,0,1.0,,4,4,0.3333333333333333,0.6666666666666666,,,,,,,,,,,,,,
kimi_k3,descriptive,json,0024/00242128,True,2,0,0.5,,4,4,0.3333333333333333,0.41666666666666663,,,,,,,,,,,,,,
kimi_k3,descriptive,json,0029/00292492,True,4,0,1.0,,10,10,1.0,1.0,,,,,,,,,,,,,,
kimi_k3,descriptive,json,0054/00547865,True,4,0,1.0,,8,8,0.7777777777777778,0.8888888888888888,,,,,,,,,,,,,,
kimi_k3,descriptive,json,0005/00052091,True,4,0,1.0,,10,10,1.0,1.0,,,,,,,,,,,,,,
kimi_k3,descriptive,json,0034/00344679,False,0,0,0.0,,1.0,,0.0,0.0,,,,,,,,,,,,,,
kimi_k3,descriptive,json,0092/00923543,True,4,0,1.0,,8,8,0.7777777777777778,0.8888888888888888,,,,,,,,,,,,,,
kimi_k3,descriptive,json,0024/00242859,True,4,0,1.0,,4,4,0.3333333333333333,0.6666666666666666,,,,,,,,,,,,,,
kimi_k3,descriptive,json,0079/00790247,True,4,0,1.0,,10,10,1.0,1.0,,,,,,,,,,,,,,
kimi_k3,descriptive,json,0084/00843879,True,4,0,1.0,,10,10,1.0,1.0,,,,,,,,,,,,,,
kimi_k3,descriptive,json,0010/00108226,True,4,0,1.0,,7,7,0.6666666666666666,0.8333333333333333,,,,,,,,,,,,,,
kimi_k3,descriptive,json,0026/00268031,True,4,0,1.0,,10,10,1.0,1.0,,,,,,,,,,,,,,
kimi_k3,descriptive,json,0022/00225399,True,3,0,0.75,,8,8,0.7777777777777778,0.7638888888888888,,,,,,,,,,,,,,
kimi_k3,descriptive,json,0057/00570258,True,4,0,1.0,,10,10,1.0,1.0,,,,,,,,,,,,,,
kimi_k3,descriptive,json,0010/00101896,True,4,0,1.0,,10,10,1.0,1.0,,,,,,,,,,,,,,
kimi_k3,descriptive,json,0061/00619989,True,4,0,1.0,,2,2,0.1111111111111111,0.5555555555555556,,,,,,,,,,,,,,
kimi_k3,descriptive,json,0022/00226013,True,3,0,0.75,,10,10,1.0,0.875,,,,,,,,,,,,,,
kimi_k3,descriptive,json,0052/00523563,True,2,0,0.5,,8,8,0.7777777777777778,0.6388888888888888,,,,,,,,,,,,,,
kimi_k3,descriptive,json,0036/00361447,True,4,0,1.0,,10,10,1.0,1.0,,,,,,,,,,,,,,
kimi_k3,descriptive,json,0070/00709862,True,4,0,1.0,,10,10,1.0,1.0,,,,,,,,,,,,,,
kimi_k3,descriptive,json,0054/00541109,True,4,0,1.0,,6,6,0.5555555555555556,0.7777777777777778,,,,,,,,,,,,,,
kimi_k3,descriptive,json,0086/00866616,True,4,0,1.0,,7,7,0.6666666666666666,0.8333333333333333,,,,,,,,,,,,,,
kimi_k3,descriptive,json,0027/00279318,True,4,0,1.0,,10,10,1.0,1.0,,,,,,,,,,,,,,
kimi_k3,descriptive,json,0082/00827203,True,4,0,1.0,,10,10,1.0,1.0,,,,,,,,,,,,,,
kimi_k3,descriptive,json,0039/00391450,True,0,0,0.0,,2,2,0.1111111111111111,0.05555555555555555,,,,,,,,,,,,,,
kimi_k3,descriptive,json,0013/00135378,True,4,0,1.0,,10,10,1.0,1.0,,,,,,,,,,,,,,
kimi_k3,descriptive,json,0093/00934405,True,4,0,1.0,,8,8,0.7777777777777778,0.8888888888888888,,,,,,,,,,,,,,
kimi_k3,descriptive,json,0056/00568816,True,4,0,1.0,,4,4,0.3333333333333333,0.6666666666666666,,,,,,,,,,,,,,
kimi_k3,descriptive,json,0072/00728052,True,4,0,1.0,,6,6,0.5555555555555556,0.7777777777777778,,,,,,,,,,,,,,
kimi_k3,descriptive,json,0021/00210983,True,3,0,0.75,,10,10,1.0,0.875,,,,,,,,,,,,,,
kimi_k3,descriptive,json,0046/00460772,True,3,0,0.75,,10,10,1.0,0.875,,,,,,,,,,,,,,
kimi_k3,descriptive,openscad,0085/00852511,True,4,0,1.0,,10,10,1.0,1.0,,,,,,,,,,,,,,
kimi_k3,descriptive,openscad,0009/00099014,True,4,0,1.0,,10,10,1.0,1.0,,,,,,,,,,,,,,
kimi_k3,descriptive,openscad,0071/00710826,True,4,0,1.0,,10,10,1.0,1.0,,,,,,,,,,,,,,
kimi_k3,descriptive,openscad,0005/00057589,True,4,0,1.0,,10,10,1.0,1.0,,,,,,,,,,,,,,
kimi_k3,descriptive,openscad,0015/00155951,True,4,0,1.0,,10,10,1.0,1.0,,,,,,,,,,,,,,
kimi_k3,descriptive,openscad,0013/00134405,True,4,0,1.0,,10,10,1.0,1.0,,,,,,,,,,,,,,
kimi_k3,descriptive,openscad,0053/00531353,True,4,0,1.0,,7,7,0.6666666666666666,0.8333333333333333,,,,,,,,,,,,,,
kimi_k3,descriptive,openscad,0094/00941813,True,4,0,1.0,,10,10,1.0,1.0,,,,,,,,,,,,,,
kimi_k3,descriptive,openscad,0081/00817410,True,4,0,1.0,,10,10,1.0,1.0,,,,,,,,,,,,,,
kimi_k3,descriptive,openscad,0045/00457640,True,4,0,1.0,,10,10,1.0,1.0,,,,,,,,,,,,,,
kimi_k3,descriptive,openscad,0047/00478097,True,4,0,1.0,,10,10,1.0,1.0,,,,,,,,,,,,,,
kimi_k3,descriptive,openscad,0013/00135353,True,4,0,1.0,,10,10,1.0,1.0,,,,,,,,,,,,,,
kimi_k3,descriptive,openscad,0062/00621494,True,4,0,1.0,,6,6,0.5555555555555556,0.7777777777777778,,,,,,,,,,,,,,
kimi_k3,descriptive,openscad,0016/00169954,True,4,0,1.0,,10,10,1.0,1.0,,,,,,,,,,,,,,
kimi_k3,descriptive,openscad,0039/00390147,True,4,0,1.0,,8,8,0.7777777777777778,0.8888888888888888,,,,,,,,,,,,,,
kimi_k3,descriptive,openscad,0089/00895528,True,4,0,1.0,,10,10,1.0,1.0,,,,,,,,,,,,,,
kimi_k3,descriptive,openscad,0030/00306122,True,4,0,1.0,,10,10,1.0,1.0,,,,,,,,,,,,,,
kimi_k3,descriptive,openscad,0070/00706059,True,4,0,1.0,,9,9,0.8888888888888888,0.9444444444444444,,,,,,,,,,,,,,
kimi_k3,descriptive,openscad,0008/00086411,True,4,0,1.0,,10,10,1.0,1.0,,,,,,,,,,,,,,
kimi_k3,descriptive,openscad,0073/00732007,True,4,0,1.0,,10,10,1.0,1.0,,,,,,,,,,,,,,
kimi_k3,descriptive,openscad,0010/00103639,True,3,0,0.75,,4,4,0.3333333333333333,0.5416666666666666,,,,,,,,,,,,,,
kimi_k3,descriptive,openscad,0019/00199917,True,4,0,1.0,,10,10,1.0,1.0,,,,,,,,,,,,,,
kimi_k3,descriptive,openscad,0035/00350534,True,3,0,0.75,,4,4,0.3333333333333333,0.5416666666666666,,,,,,,,,,,,,,
kimi_k3,descriptive,openscad,0043/00431078,True,4,0,1.0,,4,4,0.3333333333333333,0.6666666666666666,,,,,,,,,,,,,,
kimi_k3,descriptive,openscad,0073/00737056,True,4,0,1.0,,4,4,0.3333333333333333,0.6666666666666666,,,,,,,,,,,,,,
kimi_k3,descriptive,openscad,0078/00788594,True,4,0,1.0,,10,10,1.0,1.0,,,,,,,,,,,,,,
kimi_k3,descriptive,openscad,0067/00677148,True,4,0,1.0,,4,4,0.3333333333333333,0.6666666666666666,,,,,,,,,,,,,,
kimi_k3,descriptive,openscad,0093/00937375,True,4,0,1.0,,10,10,1.0,1.0,,,,,,,,,,,,,,
kimi_k3,descriptive,openscad,0072/00726428,True,4,0,1.0,,1,1,0.0,0.5,,,,,,,,,,,,,,
kimi_k3,descriptive,openscad,0049/00497058,True,4,0,1.0,,10,10,1.0,1.0,,,,,,,,,,,,,,
kimi_k3,descriptive,openscad,0013/00133189,True,4,0,1.0,,10,10,1.0,1.0,,,,,,,,,,,,,,
kimi_k3,descriptive,openscad,0024/00249966,True,4,0,1.0,,10,10,1.0,1.0,,,,,,,,,,,,,,
kimi_k3,descriptive,openscad,0004/00042777,True,4,0,1.0,,10,10,1.0,1.0,,,,,,,,,,,,,,
kimi_k3,descriptive,openscad,0055/00553999,True,4,0,1.0,,6,6,0.5555555555555556,0.7777777777777778,,,,,,,,,,,,,,
kimi_k3,descriptive,openscad,0068/00681400,True,4,0,1.0,,8,8,0.7777777777777778,0.8888888888888888,,,,,,,,,,,,,,
kimi_k3,descriptive,openscad,0071/00714935,True,4,0,1.0,,10,10,1.0,1.0,,,,,,,,,,,,,,
kimi_k3,descriptive,openscad,0022/00227442,True,4,0,1.0,,10,10,1.0,1.0,,,,,,,,,,,,,,
kimi_k3,descriptive,openscad,0039/00397627,True,4,0,1.0,,4,4,0.3333333333333333,0.6666666666666666,,,,,,,,,,,,,,
kimi_k3,descriptive,openscad,0026/00268024,True,4,0,1.0,,10,10,1.0,1.0,,,,,,,,,,,,,,
kimi_k3,descriptive,openscad,0007/00073282,True,4,0,1.0,,8,8,0.7777777777777778,0.8888888888888888,,,,,,,,,,,,,,
kimi_k3,descriptive,openscad,0036/00369868,True,4,0,1.0,,6,6,0.5555555555555556,0.7777777777777778,,,,,,,,,,,,,,
kimi_k3,descriptive,openscad,0084/00844862,True,4,0,1.0,,8,8,0.7777777777777778,0.8888888888888888,,,,,,,,,,,,,,
kimi_k3,descriptive,openscad,0026/00268027,True,2,0,0.5,,6,6,0.5555555555555556,0.5277777777777778,,,,,,,,,,,,,,
kimi_k3,descriptive,openscad,0092/00925049,True,4,0,1.0,,10,10,1.0,1.0,,,,,,,,,,,,,,
kimi_k3,descriptive,openscad,0072/00725542,True,4,0,1.0,,10,10,1.0,1.0,,,,,,,,,,,,,,
kimi_k3,descriptive,openscad,0015/00150938,True,4,0,1.0,,10,10,1.0,1.0,,,,,,,,,,,,,,
kimi_k3,descriptive,openscad,0072/00726429,True,4,0,1.0,,1,1,0.0,0.5,,,,,,,,,,,,,,
kimi_k3,descriptive,openscad,0065/00657969,True,4,0,1.0,,6,6,0.5555555555555556,0.7777777777777778,,,,,,,,,,,,,,
kimi_k3,descriptive,openscad,0031/00310774,True,4,0,1.0,,10,10,1.0,1.0,,,,,,,,,,,,,,
kimi_k3,descriptive,openscad,0061/00618813,True,4,0,1.0,,10,10,1.0,1.0,,,,,,,,,,,,,,
kimi_k3,descriptive,openscad,0030/00307386,True,4,0,1.0,,10,10,1.0,1.0,,,,,,,,,,,,,,
kimi_k3,descriptive,openscad,0072/00724192,True,4,0,1.0,,10,10,1.0,1.0,,,,,,,,,,,,,,
kimi_k3,descriptive,openscad,0018/00189804,True,4,0,1.0,,10,10,1.0,1.0,,,,,,,,,,,,,,
kimi_k3,descriptive,openscad,0080/00807326,True,4,0,1.0,,10,10,1.0,1.0,,,,,,,,,,,,,,
kimi_k3,descriptive,openscad,0078/00789364,True,4,0,1.0,,10,10,1.0,1.0,,,,,,,,,,,,,,
kimi_k3,descriptive,openscad,0002/00029952,True,4,0,1.0,,10,10,1.0,1.0,,,,,,,,,,,,,,
kimi_k3,descriptive,openscad,0005/00051224,True,4,0,1.0,,10,10,1.0,1.0,,,,,,,,,,,,,,
kimi_k3,descriptive,openscad,0087/00873073,True,4,0,1.0,,10,10,1.0,1.0,,,,,,,,,,,,,,
kimi_k3,descriptive,openscad,0077/00779770,True,4,0,1.0,,10,10,1.0,1.0,,,,,,,,,,,,,,
kimi_k3,descriptive,openscad,0077/00778195,True,4,0,1.0,,10,10,1.0,1.0,,,,,,,,,,,,,,
kimi_k3,descriptive,openscad,0039/00397628,True,4,0,1.0,,4,4,0.3333333333333333,0.6666666666666666,,,,,,,,,,,,,,
kimi_k3,descriptive,openscad,0008/00089777,True,4,0,1.0,,10,10,1.0,1.0,,,,,,,,,,,,,,
kimi_k3,descriptive,openscad,0075/00758810,True,4,0,1.0,,6,6,0.5555555555555556,0.7777777777777778,,,,,,,,,,,,,,
kimi_k3,descriptive,openscad,0028/00284926,True,4,0,1.0,,8,8,0.7777777777777778,0.8888888888888888,,,,,,,,,,,,,,
kimi_k3,descriptive,openscad,0074/00741629,True,4,0,1.0,,10,10,1.0,1.0,,,,,,,,,,,,,,
kimi_k3,descriptive,openscad,0097/00973497,True,4,0,1.0,,10,10,1.0,1.0,,,,,,,,,,,,,,
kimi_k3,descriptive,openscad,0047/00474303,True,4,0,1.0,,10,10,1.0,1.0,,,,,,,,,,,,,,
kimi_k3,descriptive,openscad,0061/00616188,True,4,0,1.0,,8,8,0.7777777777777778,0.8888888888888888,,,,,,,,,,,,,,
kimi_k3,descriptive,openscad,0005/00051572,True,4,0,1.0,,10,10,1.0,1.0,,,,,,,,,,,,,,
kimi_k3,descriptive,openscad,0025/00253807,True,4,0,1.0,,4,4,0.3333333333333333,0.6666666666666666,,,,,,,,,,,,,,
kimi_k3,descriptive,openscad,0024/00242128,True,4,0,1.0,,10,10,1.0,1.0,,,,,,,,,,,,,,
kimi_k3,descriptive,openscad,0029/00292492,True,4,0,1.0,,10,10,1.0,1.0,,,,,,,,,,,,,,
kimi_k3,descriptive,openscad,0054/00547865,True,4,0,1.0,,10,10,1.0,1.0,,,,,,,,,,,,,,
kimi_k3,descriptive,openscad,0005/00052091,True,4,0,1.0,,10,10,1.0,1.0,,,,,,,,,,,,,,
kimi_k3,descriptive,openscad,0034/00344679,True,4,0,1.0,,2,2,0.1111111111111111,0.5555555555555556,,,,,,,,,,,,,,
kimi_k3,descriptive,openscad,0092/00923543,True,4,0,1.0,,10,10,1.0,1.0,,,,,,,,,,,,,,
kimi_k3,descriptive,openscad,0024/00242859,True,4,0,1.0,,5,5,0.4444444444444444,0.7222222222222222,,,,,,,,,,,,,,
kimi_k3,descriptive,openscad,0079/00790247,True,4,0,1.0,,9,9,0.8888888888888888,0.9444444444444444,,,,,,,,,,,,,,
kimi_k3,descriptive,openscad,0084/00843879,True,4,0,1.0,,10,10,1.0,1.0,,,,,,,,,,,,,,
kimi_k3,descriptive,openscad,0010/00108226,True,4,0,1.0,,7,7,0.6666666666666666,0.8333333333333333,,,,,,,,,,,,,,
kimi_k3,descriptive,openscad,0026/00268031,True,4,0,1.0,,10,10,1.0,1.0,,,,,,,,,,,,,,
kimi_k3,descriptive,openscad,0022/00225399,True,4,0,1.0,,10,10,1.0,1.0,,,,,,,,,,,,,,
kimi_k3,descriptive,openscad,0057/00570258,True,4,0,1.0,,10,10,1.0,1.0,,,,,,,,,,,,,,
kimi_k3,descriptive,openscad,0010/00101896,True,4,0,1.0,,4,4,0.3333333333333333,0.6666666666666666,,,,,,,,,,,,,,
kimi_k3,descriptive,openscad,0061/00619989,True,4,0,1.0,,10,10,1.0,1.0,,,,,,,,,,,,,,
kimi_k3,descriptive,openscad,0022/00226013,True,4,0,1.0,,10,10,1.0,1.0,,,,,,,,,,,,,,
kimi_k3,descriptive,openscad,0052/00523563,True,4,0,1.0,,10,10,1.0,1.0,,,,,,,,,,,,,,
kimi_k3,descriptive,openscad,0036/00361447,True,4,0,1.0,,10,10,1.0,1.0,,,,,,,,,,,,,,
kimi_k3,descriptive,openscad,0070/00709862,True,4,0,1.0,,10,10,1.0,1.0,,,,,,,,,,,,,,
kimi_k3,descriptive,openscad,0054/00541109,True,4,0,1.0,,6,6,0.5555555555555556,0.7777777777777778,,,,,,,,,,,,,,
kimi_k3,descriptive,openscad,0086/00866616,True,4,0,1.0,,7,7,0.6666666666666666,0.8333333333333333,,,,,,,,,,,,,,
kimi_k3,descriptive,openscad,0027/00279318,True,4,0,1.0,,10,10,1.0,1.0,,,,,,,,,,,,,,
kimi_k3,descriptive,openscad,0082/00827203,True,4,0,1.0,,4,4,0.3333333333333333,0.6666666666666666,,,,,,,,,,,,,,
kimi_k3,descriptive,openscad,0039/00391450,True,4,0,1.0,,6,6,0.5555555555555556,0.7777777777777778,,,,,,,,,,,,,,
kimi_k3,descriptive,openscad,0013/00135378,True,4,0,1.0,,10,10,1.0,1.0,,,,,,,,,,,,,,
kimi_k3,descriptive,openscad,0093/00934405,True,4,0,1.0,,10,10,1.0,1.0,,,,,,,,,,,,,,
kimi_k3,descriptive,openscad,0056/00568816,True,4,0,1.0,,5,5,0.4444444444444444,0.7222222222222222,,,,,,,,,,,,,,
kimi_k3,descriptive,openscad,0072/00728052,True,4,0,1.0,,4,4,0.3333333333333333,0.6666666666666666,,,,,,,,,,,,,,
kimi_k3,descriptive,openscad,0021/00210983,True,4,0,1.0,,10,10,1.0,1.0,,,,,,,,,,,,,,
kimi_k3,descriptive,openscad,0046/00460772,True,4,0,1.0,,10,10,1.0,1.0,,,,,,,,,,,,,,
qwen38max,descriptive,json,0085/00852511,True,4,0,1.0,,10,10,1.0,1.0,,,,,,,,,,,,,,
qwen38max,descriptive,json,0009/00099014,True,4,0,1.0,,10,10,1.0,1.0,,,,,,,,,,,,,,
qwen38max,descriptive,json,0071/00710826,True,3,0,0.75,,10,10,1.0,0.875,,,,,,,,,,,,,,
qwen38max,descriptive,json,0005/00057589,True,4,0,1.0,,10,10,1.0,1.0,,,,,,,,,,,,,,
qwen38max,descriptive,json,0015/00155951,True,4,0,1.0,,6,6,0.5555555555555556,0.7777777777777778,,,,,,,,,,,,,,
qwen38max,descriptive,json,0013/00134405,True,4,0,1.0,,10,10,1.0,1.0,,,,,,,,,,,,,,
qwen38max,descriptive,json,0053/00531353,True,3,0,0.75,,7,7,0.6666666666666666,0.7083333333333333,,,,,,,,,,,,,,
qwen38max,descriptive,json,0094/00941813,True,3,0,0.75,,10,10,1.0,0.875,,,,,,,,,,,,,,
qwen38max,descriptive,json,0081/00817410,True,4,0,1.0,,5,5,0.4444444444444444,0.7222222222222222,,,,,,,,,,,,,,
qwen38max,descriptive,json,0045/00457640,True,4,0,1.0,,8,8,0.7777777777777778,0.8888888888888888,,,,,,,,,,,,,,
qwen38max,descriptive,json,0047/00478097,True,4,0,1.0,,10,10,1.0,1.0,,,,,,,,,,,,,,
qwen38max,descriptive,json,0013/00135353,True,4,0,1.0,,10,10,1.0,1.0,,,,,,,,,,,,,,
qwen38max,descriptive,json,0062/00621494,True,4,0,1.0,,4,4,0.3333333333333333,0.6666666666666666,,,,,,,,,,,,,,
qwen38max,descriptive,json,0016/00169954,True,4,0,1.0,,10,10,1.0,1.0,,,,,,,,,,,,,,
qwen38max,descriptive,json,0039/00390147,True,4,0,1.0,,10,10,1.0,1.0,,,,,,,,,,,,,,
qwen38max,descriptive,json,0089/00895528,True,4,0,1.0,,8,8,0.7777777777777778,0.8888888888888888,,,,,,,,,,,,,,
qwen38max,descriptive,json,0030/00306122,True,4,0,1.0,,4,4,0.3333333333333333,0.6666666666666666,,,,,,,,,,,,,,
qwen38max,descriptive,json,0070/00706059,True,4,0,1.0,,10,10,1.0,1.0,,,,,,,,,,,,,,
qwen38max,descriptive,json,0008/00086411,True,4,0,1.0,,10,10,1.0,1.0,,,,,,,,,,,,,,
qwen38max,descriptive,json,0073/00732007,True,4,0,1.0,,10,10,1.0,1.0,,,,,,,,,,,,,,
qwen38max,descriptive,json,0010/00103639,True,3,0,0.75,,5,5,0.4444444444444444,0.5972222222222222,,,,,,,,,,,,,,
qwen38max,descriptive,json,0019/00199917,True,2,0,0.5,,10,10,1.0,0.75,,,,,,,,,,,,,,
qwen38max,descriptive,json,0035/00350534,True,2,0,0.5,,4,4,0.3333333333333333,0.41666666666666663,,,,,,,,,,,,,,
qwen38max,descriptive,json,0043/00431078,True,4,0,1.0,,10,10,1.0,1.0,,,,,,,,,,,,,,
qwen38max,descriptive,json,0073/00737056,True,4,0,1.0,,2,2,0.1111111111111111,0.5555555555555556,,,,,,,,,,,,,,
qwen38max,descriptive,json,0078/00788594,True,3,0,0.75,,10,10,1.0,0.875,,,,,,,,,,,,,,
qwen38max,descriptive,json,0067/00677148,True,4,0,1.0,,4,4,0.3333333333333333,0.6666666666666666,,,,,,,,,,,,,,
qwen38max,descriptive,json,0093/00937375,True,3,0,0.75,,8,8,0.7777777777777778,0.7638888888888888,,,,,,,,,,,,,,
qwen38max,descriptive,json,0072/00726428,True,4,0,1.0,,2,2,0.1111111111111111,0.5555555555555556,,,,,,,,,,,,,,
qwen38max,descriptive,json,0049/00497058,True,4,0,1.0,,10,10,1.0,1.0,,,,,,,,,,,,,,
qwen38max,descriptive,json,0013/00133189,True,4,0,1.0,,9,9,0.8888888888888888,0.9444444444444444,,,,,,,,,,,,,,
qwen38max,descriptive,json,0024/00249966,True,4,0,1.0,,10,10,1.0,1.0,,,,,,,,,,,,,,
qwen38max,descriptive,json,0004/00042777,True,4,0,1.0,,6,6,0.5555555555555556,0.7777777777777778,,,,,,,,,,,,,,
qwen38max,descriptive,json,0055/00553999,True,4,0,1.0,,4,4,0.3333333333333333,0.6666666666666666,,,,,,,,,,,,,,
qwen38max,descriptive,json,0068/00681400,True,4,0,1.0,,7,7,0.6666666666666666,0.8333333333333333,,,,,,,,,,,,,,
qwen38max,descriptive,json,0071/00714935,True,4,0,1.0,,10,10,1.0,1.0,,,,,,,,,,,,,,
qwen38max,descriptive,json,0022/00227442,True,4,0,1.0,,10,10,1.0,1.0,,,,,,,,,,,,,,
qwen38max,descriptive,json,0039/00397627,True,4,0,1.0,,4,4,0.3333333333333333,0.6666666666666666,,,,,,,,,,,,,,
qwen38max,descriptive,json,0026/00268024,True,4,0,1.0,,10,10,1.0,1.0,,,,,,,,,,,,,,
qwen38max,descriptive,json,0007/00073282,True,3,0,0.75,,4,4,0.3333333333333333,0.5416666666666666,,,,,,,,,,,,,,
qwen38max,descriptive,json,0036/00369868,True,4,0,1.0,,5,5,0.4444444444444444,0.7222222222222222,,,,,,,,,,,,,,
qwen38max,descriptive,json,0084/00844862,True,4,0,1.0,,8,8,0.7777777777777778,0.8888888888888888,,,,,,,,,,,,,,
qwen38max,descriptive,json,0026/00268027,True,4,0,1.0,,10,10,1.0,1.0,,,,,,,,,,,,,,
qwen38max,descriptive,json,0092/00925049,True,3,0,0.75,,9,9,0.8888888888888888,0.8194444444444444,,,,,,,,,,,,,,
qwen38max,descriptive,json,0072/00725542,True,4,0,1.0,,10,10,1.0,1.0,,,,,,,,,,,,,,
qwen38max,descriptive,json,0015/00150938,True,4,0,1.0,,10,10,1.0,1.0,,,,,,,,,,,,,,
qwen38max,descriptive,json,0072/00726429,True,4,0,1.0,,4,4,0.3333333333333333,0.6666666666666666,,,,,,,,,,,,,,
qwen38max,descriptive,json,0065/00657969,True,4,0,1.0,,8,8,0.7777777777777778,0.8888888888888888,,,,,,,,,,,,,,
qwen38max,descriptive,json,0031/00310774,True,4,0,1.0,,10,10,1.0,1.0,,,,,,,,,,,,,,
qwen38max,descriptive,json,0061/00618813,True,4,0,1.0,,10,10,1.0,1.0,,,,,,,,,,,,,,
qwen38max,descriptive,json,0030/00307386,True,3,0,0.75,,10,10,1.0,0.875,,,,,,,,,,,,,,
qwen38max,descriptive,json,0072/00724192,True,4,0,1.0,,10,10,1.0,1.0,,,,,,,,,,,,,,
qwen38max,descriptive,json,0018/00189804,True,4,0,1.0,,10,10,1.0,1.0,,,,,,,,,,,,,,
qwen38max,descriptive,json,0080/00807326,True,4,0,1.0,,10,10,1.0,1.0,,,,,,,,,,,,,,
qwen38max,descriptive,json,0078/00789364,True,4,0,1.0,,10,10,1.0,1.0,,,,,,,,,,,,,,
qwen38max,descriptive,json,0002/00029952,True,4,0,1.0,,10,10,1.0,1.0,,,,,,,,,,,,,,
qwen38max,descriptive,json,0005/00051224,True,4,0,1.0,,10,10,1.0,1.0,,,,,,,,,,,,,,
qwen38max,descriptive,json,0087/00873073,True,4,0,1.0,,10,10,1.0,1.0,,,,,,,,,,,,,,
qwen38max,descriptive,json,0077/00779770,True,4,0,1.0,,4,4,0.3333333333333333,0.6666666666666666,,,,,,,,,,,,,,
qwen38max,descriptive,json,0077/00778195,True,4,0,1.0,,10,10,1.0,1.0,,,,,,,,,,,,,,
qwen38max,descriptive,json,0039/00397628,True,4,0,1.0,,2,2,0.1111111111111111,0.5555555555555556,,,,,,,,,,,,,,
qwen38max,descriptive,json,0008/00089777,True,4,0,1.0,,10,10,1.0,1.0,,,,,,,,,,,,,,
qwen38max,descriptive,json,0075/00758810,True,4,0,1.0,,4,4,0.3333333333333333,0.6666666666666666,,,,,,,,,,,,,,
qwen38max,descriptive,json,0028/00284926,True,4,0,1.0,,8,8,0.7777777777777778,0.8888888888888888,,,,,,,,,,,,,,
qwen38max,descriptive,json,0074/00741629,True,4,0,1.0,,8,8,0.7777777777777778,0.8888888888888888,,,,,,,,,,,,,,
qwen38max,descriptive,json,0097/00973497,True,4,0,1.0,,8,8,0.7777777777777778,0.8888888888888888,,,,,,,,,,,,,,
qwen38max,descriptive,json,0047/00474303,True,4,0,1.0,,10,10,1.0,1.0,,,,,,,,,,,,,,
qwen38max,descriptive,json,0061/00616188,True,4,0,1.0,,6,6,0.5555555555555556,0.7777777777777778,,,,,,,,,,,,,,
qwen38max,descriptive,json,0005/00051572,True,4,0,1.0,,10,10,1.0,1.0,,,,,,,,,,,,,,
qwen38max,descriptive,json,0025/00253807,True,4,0,1.0,,4,4,0.3333333333333333,0.6666666666666666,,,,,,,,,,,,,,
qwen38max,descriptive,json,0024/00242128,True,4,0,1.0,,4,4,0.3333333333333333,0.6666666666666666,,,,,,,,,,,,,,
qwen38max,descriptive,json,0029/00292492,True,4,0,1.0,,10,10,1.0,1.0,,,,,,,,,,,,,,
qwen38max,descriptive,json,0054/00547865,True,4,0,1.0,,10,10,1.0,1.0,,,,,,,,,,,,,,
qwen38max,descriptive,json,0005/00052091,True,4,0,1.0,,6,6,0.5555555555555556,0.7777777777777778,,,,,,,,,,,,,,
qwen38max,descriptive,json,0034/00344679,True,4,0,1.0,,2,2,0.1111111111111111,0.5555555555555556,,,,,,,,,,,,,,
qwen38max,descriptive,json,0092/00923543,True,4,0,1.0,,10,10,1.0,1.0,,,,,,,,,,,,,,
qwen38max,descriptive,json,0024/00242859,True,4,0,1.0,,6,6,0.5555555555555556,0.7777777777777778,,,,,,,,,,,,,,
qwen38max,descriptive,json,0079/00790247,True,4,0,1.0,,10,10,1.0,1.0,,,,,,,,,,,,,,
qwen38max,descriptive,json,0084/00843879,True,4,0,1.0,,10,10,1.0,1.0,,,,,,,,,,,,,,
qwen38max,descriptive,json,0010/00108226,True,4,0,1.0,,7,7,0.6666666666666666,0.8333333333333333,,,,,,,,,,,,,,
qwen38max,descriptive,json,0026/00268031,True,4,0,1.0,,10,10,1.0,1.0,,,,,,,,,,,,,,
qwen38max,descriptive,json,0022/00225399,True,4,0,1.0,,8,8,0.7777777777777778,0.8888888888888888,,,,,,,,,,,,,,
qwen38max,descriptive,json,0057/00570258,True,4,0,1.0,,10,10,1.0,1.0,,,,,,,,,,,,,,
qwen38max,descriptive,json,0010/00101896,True,4,0,1.0,,5,5,0.4444444444444444,0.7222222222222222,,,,,,,,,,,,,,
qwen38max,descriptive,json,0061/00619989,True,4,0,1.0,,2,2,0.1111111111111111,0.5555555555555556,,,,,,,,,,,,,,
qwen38max,descriptive,json,0022/00226013,True,3,0,0.75,,10,10,1.0,0.875,,,,,,,,,,,,,,
qwen38max,descriptive,json,0052/00523563,True,4,0,1.0,,10,10,1.0,1.0,,,,,,,,,,,,,,
qwen38max,descriptive,json,0036/00361447,True,4,0,1.0,,10,10,1.0,1.0,,,,,,,,,,,,,,
qwen38max,descriptive,json,0070/00709862,True,4,0,1.0,,10,10,1.0,1.0,,,,,,,,,,,,,,
qwen38max,descriptive,json,0054/00541109,True,4,0,1.0,,6,6,0.5555555555555556,0.7777777777777778,,,,,,,,,,,,,,
qwen38max,descriptive,json,0086/00866616,True,4,0,1.0,,7,7,0.6666666666666666,0.8333333333333333,,,,,,,,,,,,,,
qwen38max,descriptive,json,0027/00279318,True,4,0,1.0,,10,10,1.0,1.0,,,,,,,,,,,,,,
qwen38max,descriptive,json,0082/00827203,True,4,0,1.0,,10,10,1.0,1.0,,,,,,,,,,,,,,
qwen38max,descriptive,json,0039/00391450,True,4,0,1.0,,4,4,0.3333333333333333,0.6666666666666666,,,,,,,,,,,,,,
qwen38max,descriptive,json,0013/00135378,True,4,0,1.0,,10,10,1.0,1.0,,,,,,,,,,,,,,
qwen38max,descriptive,json,0093/00934405,True,4,0,1.0,,10,10,1.0,1.0,,,,,,,,,,,,,,
qwen38max,descriptive,json,0056/00568816,True,3,0,0.75,,3,3,0.2222222222222222,0.4861111111111111,,,,,,,,,,,,,,
qwen38max,descriptive,json,0072/00728052,True,4,0,1.0,,10,10,1.0,1.0,,,,,,,,,,,,,,
qwen38max,descriptive,json,0021/00210983,True,4,0,1.0,,8,8,0.7777777777777778,0.8888888888888888,,,,,,,,,,,,,,
qwen38max,descriptive,json,0046/00460772,True,4,0,1.0,,8,8,0.7777777777777778,0.8888888888888888,,,,,,,,,,,,,,
qwen38max,descriptive,openscad,0085/00852511,True,4,0,1.0,,10,10,1.0,1.0,,,,,,,,,,,,,,
qwen38max,descriptive,openscad,0009/00099014,True,4,0,1.0,,10,10,1.0,1.0,,,,,,,,,,,,,,
qwen38max,descriptive,openscad,0071/00710826,True,4,0,1.0,,8,8,0.7777777777777778,0.8888888888888888,,,,,,,,,,,,,,
qwen38max,descriptive,openscad,0005/00057589,True,4,0,1.0,,10,10,1.0,1.0,,,,,,,,,,,,,,
qwen38max,descriptive,openscad,0015/00155951,True,4,0,1.0,,6,6,0.5555555555555556,0.7777777777777778,,,,,,,,,,,,,,
qwen38max,descriptive,openscad,0013/00134405,True,4,0,1.0,,10,10,1.0,1.0,,,,,,,,,,,,,,
qwen38max,descriptive,openscad,0053/00531353,True,3,0,0.75,,6,6,0.5555555555555556,0.6527777777777778,,,,,,,,,,,,,,
qwen38max,descriptive,openscad,0094/00941813,True,4,0,1.0,,10,10,1.0,1.0,,,,,,,,,,,,,,
qwen38max,descriptive,openscad,0081/00817410,True,4,0,1.0,,10,10,1.0,1.0,,,,,,,,,,,,,,
qwen38max,descriptive,openscad,0045/00457640,True,4,0,1.0,,10,10,1.0,1.0,,,,,,,,,,,,,,
qwen38max,descriptive,openscad,0047/00478097,True,4,0,1.0,,10,10,1.0,1.0,,,,,,,,,,,,,,
qwen38max,descriptive,openscad,0013/00135353,True,4,0,1.0,,10,10,1.0,1.0,,,,,,,,,,,,,,
qwen38max,descriptive,openscad,0062/00621494,True,4,0,1.0,,10,10,1.0,1.0,,,,,,,,,,,,,,
qwen38max,descriptive,openscad,0016/00169954,True,4,0,1.0,,10,10,1.0,1.0,,,,,,,,,,,,,,
qwen38max,descriptive,openscad,0039/00390147,True,4,0,1.0,,10,10,1.0,1.0,,,,,,,,,,,,,,
qwen38max,descriptive,openscad,0089/00895528,True,4,0,1.0,,10,10,1.0,1.0,,,,,,,,,,,,,,
qwen38max,descriptive,openscad,0030/00306122,True,4,0,1.0,,10,10,1.0,1.0,,,,,,,,,,,,,,
qwen38max,descriptive,openscad,0070/00706059,True,4,0,1.0,,10,10,1.0,1.0,,,,,,,,,,,,,,
qwen38max,descriptive,openscad,0008/00086411,True,4,0,1.0,,10,10,1.0,1.0,,,,,,,,,,,,,,
qwen38max,descriptive,openscad,0073/00732007,True,4,0,1.0,,10,10,1.0,1.0,,,,,,,,,,,,,,
qwen38max,descriptive,openscad,0010/00103639,True,4,0,1.0,,6,6,0.5555555555555556,0.7777777777777778,,,,,,,,,,,,,,
qwen38max,descriptive,openscad,0019/00199917,True,4,0,1.0,,10,10,1.0,1.0,,,,,,,,,,,,,,
qwen38max,descriptive,openscad,0035/00350534,True,3,0,0.75,,5,5,0.4444444444444444,0.5972222222222222,,,,,,,,,,,,,,
qwen38max,descriptive,openscad,0043/00431078,True,4,0,1.0,,6,6,0.5555555555555556,0.7777777777777778,,,,,,,,,,,,,,
qwen38max,descriptive,openscad,0073/00737056,True,4,0,1.0,,4,4,0.3333333333333333,0.6666666666666666,,,,,,,,,,,,,,
qwen38max,descriptive,openscad,0078/00788594,True,4,0,1.0,,6,6,0.5555555555555556,0.7777777777777778,,,,,,,,,,,,,,
qwen38max,descriptive,openscad,0067/00677148,True,4,0,1.0,,10,10,1.0,1.0,,,,,,,,,,,,,,
qwen38max,descriptive,openscad,0093/00937375,True,4,0,1.0,,10,10,1.0,1.0,,,,,,,,,,,,,,
qwen38max,descriptive,openscad,0072/00726428,True,4,0,1.0,,1,1,0.0,0.5,,,,,,,,,,,,,,
qwen38max,descriptive,openscad,0049/00497058,True,4,0,1.0,,10,10,1.0,1.0,,,,,,,,,,,,,,
qwen38max,descriptive,openscad,0013/00133189,True,4,0,1.0,,8,8,0.7777777777777778,0.8888888888888888,,,,,,,,,,,,,,
qwen38max,descriptive,openscad,0024/00249966,True,4,0,1.0,,10,10,1.0,1.0,,,,,,,,,,,,,,
qwen38max,descriptive,openscad,0004/00042777,True,4,0,1.0,,10,10,1.0,1.0,,,,,,,,,,,,,,
qwen38max,descriptive,openscad,0055/00553999,True,4,0,1.0,,10,10,1.0,1.0,,,,,,,,,,,,,,
qwen38max,descriptive,openscad,0068/00681400,True,4,0,1.0,,6,6,0.5555555555555556,0.7777777777777778,,,,,,,,,,,,,,
qwen38max,descriptive,openscad,0071/00714935,True,4,0,1.0,,10,10,1.0,1.0,,,,,,,,,,,,,,
qwen38max,descriptive,openscad,0022/00227442,True,4,0,1.0,,10,10,1.0,1.0,,,,,,,,,,,,,,
qwen38max,descriptive,openscad,0039/00397627,True,4,0,1.0,,4,4,0.3333333333333333,0.6666666666666666,,,,,,,,,,,,,,
qwen38max,descriptive,openscad,0026/00268024,True,4,0,1.0,,10,10,1.0,1.0,,,,,,,,,,,,,,
qwen38max,descriptive,openscad,0007/00073282,True,3,0,0.75,,8,8,0.7777777777777778,0.7638888888888888,,,,,,,,,,,,,,
qwen38max,descriptive,openscad,0036/00369868,True,4,0,1.0,,8,8,0.7777777777777778,0.8888888888888888,,,,,,,,,,,,,,
qwen38max,descriptive,openscad,0084/00844862,True,4,0,1.0,,8,8,0.7777777777777778,0.8888888888888888,,,,,,,,,,,,,,
qwen38max,descriptive,openscad,0026/00268027,True,4,0,1.0,,10,10,1.0,1.0,,,,,,,,,,,,,,
qwen38max,descriptive,openscad,0092/00925049,True,4,0,1.0,,10,10,1.0,1.0,,,,,,,,,,,,,,
qwen38max,descriptive,openscad,0072/00725542,True,4,0,1.0,,10,10,1.0,1.0,,,,,,,,,,,,,,
qwen38max,descriptive,openscad,0015/00150938,True,4,0,1.0,,10,10,1.0,1.0,,,,,,,,,,,,,,
qwen38max,descriptive,openscad,0072/00726429,True,4,0,1.0,,1,1,0.0,0.5,,,,,,,,,,,,,,
qwen38max,descriptive,openscad,0065/00657969,True,4,0,1.0,,6,6,0.5555555555555556,0.7777777777777778,,,,,,,,,,,,,,
qwen38max,descriptive,openscad,0031/00310774,True,4,0,1.0,,10,10,1.0,1.0,,,,,,,,,,,,,,
qwen38max,descriptive,openscad,0061/00618813,True,4,0,1.0,,10,10,1.0,1.0,,,,,,,,,,,,,,
qwen38max,descriptive,openscad,0030/00307386,True,4,0,1.0,,10,10,1.0,1.0,,,,,,,,,,,,,,
qwen38max,descriptive,openscad,0072/00724192,True,4,0,1.0,,10,10,1.0,1.0,,,,,,,,,,,,,,
qwen38max,descriptive,openscad,0018/00189804,True,4,0,1.0,,10,10,1.0,1.0,,,,,,,,,,,,,,
qwen38max,descriptive,openscad,0080/00807326,True,4,0,1.0,,10,10,1.0,1.0,,,,,,,,,,,,,,
qwen38max,descriptive,openscad,0078/00789364,True,4,0,1.0,,10,10,1.0,1.0,,,,,,,,,,,,,,
qwen38max,descriptive,openscad,0002/00029952,True,4,0,1.0,,10,10,1.0,1.0,,,,,,,,,,,,,,
qwen38max,descriptive,openscad,0005/00051224,True,4,0,1.0,,10,10,1.0,1.0,,,,,,,,,,,,,,
qwen38max,descriptive,openscad,0087/00873073,True,4,0,1.0,,6,6,0.5555555555555556,0.7777777777777778,,,,,,,,,,,,,,
qwen38max,descriptive,openscad,0077/00779770,True,3,0,0.75,,4,4,0.3333333333333333,0.5416666666666666,,,,,,,,,,,,,,
qwen38max,descriptive,openscad,0077/00778195,True,4,0,1.0,,10,10,1.0,1.0,,,,,,,,,,,,,,
qwen38max,descriptive,openscad,0039/00397628,True,4,0,1.0,,4,4,0.3333333333333333,0.6666666666666666,,,,,,,,,,,,,,
qwen38max,descriptive,openscad,0008/00089777,True,4,0,1.0,,10,10,1.0,1.0,,,,,,,,,,,,,,
qwen38max,descriptive,openscad,0075/00758810,True,4,0,1.0,,4,4,0.3333333333333333,0.6666666666666666,,,,,,,,,,,,,,
qwen38max,descriptive,openscad,0028/00284926,True,4,0,1.0,,10,10,1.0,1.0,,,,,,,,,,,,,,
qwen38max,descriptive,openscad,0074/00741629,True,4,0,1.0,,7,7,0.6666666666666666,0.8333333333333333,,,,,,,,,,,,,,
qwen38max,descriptive,openscad,0097/00973497,True,4,0,1.0,,8,8,0.7777777777777778,0.8888888888888888,,,,,,,,,,,,,,
qwen38max,descriptive,openscad,0047/00474303,True,4,0,1.0,,10,10,1.0,1.0,,,,,,,,,,,,,,
qwen38max,descriptive,openscad,0061/00616188,True,4,0,1.0,,6,6,0.5555555555555556,0.7777777777777778,,,,,,,,,,,,,,
qwen38max,descriptive,openscad,0005/00051572,True,4,0,1.0,,10,10,1.0,1.0,,,,,,,,,,,,,,
qwen38max,descriptive,openscad,0025/00253807,True,4,0,1.0,,4,4,0.3333333333333333,0.6666666666666666,,,,,,,,,,,,,,
qwen38max,descriptive,openscad,0024/00242128,True,4,0,1.0,,10,10,1.0,1.0,,,,,,,,,,,,,,
qwen38max,descriptive,openscad,0029/00292492,True,4,0,1.0,,10,10,1.0,1.0,,,,,,,,,,,,,,
qwen38max,descriptive,openscad,0054/00547865,True,3,0,0.75,,10,10,1.0,0.875,,,,,,,,,,,,,,
qwen38max,descriptive,openscad,0005/00052091,True,4,0,1.0,,4,4,0.3333333333333333,0.6666666666666666,,,,,,,,,,,,,,
qwen38max,descriptive,openscad,0034/00344679,True,4,0,1.0,,2,2,0.1111111111111111,0.5555555555555556,,,,,,,,,,,,,,
qwen38max,descriptive,openscad,0092/00923543,True,4,0,1.0,,10,10,1.0,1.0,,,,,,,,,,,,,,
qwen38max,descriptive,openscad,0024/00242859,True,4,0,1.0,,6,6,0.5555555555555556,0.7777777777777778,,,,,,,,,,,,,,
qwen38max,descriptive,openscad,0079/00790247,True,4,0,1.0,,10,10,1.0,1.0,,,,,,,,,,,,,,
qwen38max,descriptive,openscad,0084/00843879,True,4,0,1.0,,10,10,1.0,1.0,,,,,,,,,,,,,,
qwen38max,descriptive,openscad,0010/00108226,True,4,0,1.0,,7,7,0.6666666666666666,0.8333333333333333,,,,,,,,,,,,,,
qwen38max,descriptive,openscad,0026/00268031,True,4,0,1.0,,10,10,1.0,1.0,,,,,,,,,,,,,,
qwen38max,descriptive,openscad,0022/00225399,True,4,0,1.0,,10,10,1.0,1.0,,,,,,,,,,,,,,
qwen38max,descriptive,openscad,0057/00570258,True,4,0,1.0,,10,10,1.0,1.0,,,,,,,,,,,,,,
qwen38max,descriptive,openscad,0010/00101896,True,4,0,1.0,,4,4,0.3333333333333333,0.6666666666666666,,,,,,,,,,,,,,
qwen38max,descriptive,openscad,0061/00619989,True,4,0,1.0,,6,6,0.5555555555555556,0.7777777777777778,,,,,,,,,,,,,,
qwen38max,descriptive,openscad,0022/00226013,True,4,0,1.0,,10,10,1.0,1.0,,,,,,,,,,,,,,
qwen38max,descriptive,openscad,0052/00523563,True,4,0,1.0,,10,10,1.0,1.0,,,,,,,,,,,,,,
qwen38max,descriptive,openscad,0036/00361447,True,4,0,1.0,,10,10,1.0,1.0,,,,,,,,,,,,,,
qwen38max,descriptive,openscad,0070/00709862,True,4,0,1.0,,10,10,1.0,1.0,,,,,,,,,,,,,,
qwen38max,descriptive,openscad,0054/00541109,True,4,0,1.0,,4,4,0.3333333333333333,0.6666666666666666,,,,,,,,,,,,,,
qwen38max,descriptive,openscad,0086/00866616,True,4,0,1.0,,7,7,0.6666666666666666,0.8333333333333333,,,,,,,,,,,,,,
qwen38max,descriptive,openscad,0027/00279318,True,4,0,1.0,,10,10,1.0,1.0,,,,,,,,,,,,,,
qwen38max,descriptive,openscad,0082/00827203,True,4,0,1.0,,10,10,1.0,1.0,,,,,,,,,,,,,,
qwen38max,descriptive,openscad,0039/00391450,True,4,0,1.0,,4,4,0.3333333333333333,0.6666666666666666,,,,,,,,,,,,,,
qwen38max,descriptive,openscad,0013/00135378,True,4,0,1.0,,10,10,1.0,1.0,,,,,,,,,,,,,,
qwen38max,descriptive,openscad,0093/00934405,True,4,0,1.0,,10,10,1.0,1.0,,,,,,,,,,,,,,
qwen38max,descriptive,openscad,0056/00568816,True,4,0,1.0,,10,10,1.0,1.0,,,,,,,,,,,,,,
qwen38max,descriptive,openscad,0072/00728052,True,4,0,1.0,,6,6,0.5555555555555556,0.7777777777777778,,,,,,,,,,,,,,
qwen38max,descriptive,openscad,0021/00210983,True,4,0,1.0,,10,10,1.0,1.0,,,,,,,,,,,,,,
qwen38max,descriptive,openscad,0046/00460772,True,4,0,1.0,,10,10,1.0,1.0,,,,,,,,,,,,,,
glm53_official,descriptive,json,0085/00852511,True,3,0,0.75,,10,10,1.0,0.875,,,,,,,,,,,,,,
glm53_official,descriptive,json,0009/00099014,True,4,0,1.0,,10,10,1.0,1.0,,,,,,,,,,,,,,
glm53_official,descriptive,json,0071/00710826,True,1,0,0.25,,10,10,1.0,0.625,,,,,,,,,,,,,,
glm53_official,descriptive,json,0005/00057589,True,4,0,1.0,,10,10,1.0,1.0,,,,,,,,,,,,,,
glm53_official,descriptive,json,0015/00155951,True,1,0,0.25,,4,4,0.3333333333333333,0.29166666666666663,,,,,,,,,,,,,,
glm53_official,descriptive,json,0013/00134405,True,4,0,1.0,,10,10,1.0,1.0,,,,,,,,,,,,,,
glm53_official,descriptive,json,0053/00531353,True,4,0,1.0,,6,6,0.5555555555555556,0.7777777777777778,,,,,,,,,,,,,,
glm53_official,descriptive,json,0094/00941813,True,3,0,0.75,,10,10,1.0,0.875,,,,,,,,,,,,,,
glm53_official,descriptive,json,0081/00817410,True,4,0,1.0,,10,10,1.0,1.0,,,,,,,,,,,,,,
glm53_official,descriptive,json,0045/00457640,True,4,0,1.0,,10,10,1.0,1.0,,,,,,,,,,,,,,
glm53_official,descriptive,json,0047/00478097,True,4,0,1.0,,10,10,1.0,1.0,,,,,,,,,,,,,,
glm53_official,descriptive,json,0013/00135353,True,4,0,1.0,,10,10,1.0,1.0,,,,,,,,,,,,,,
glm53_official,descriptive,json,0062/00621494,True,4,0,1.0,,4,4,0.3333333333333333,0.6666666666666666,,,,,,,,,,,,,,
glm53_official,descriptive,json,0016/00169954,True,4,0,1.0,,10,10,1.0,1.0,,,,,,,,,,,,,,
glm53_official,descriptive,json,0039/00390147,True,4,0,1.0,,10,10,1.0,1.0,,,,,,,,,,,,,,
glm53_official,descriptive,json,0089/00895528,True,4,0,1.0,,8,8,0.7777777777777778,0.8888888888888888,,,,,,,,,,,,,,
glm53_official,descriptive,json,0030/00306122,True,4,0,1.0,,10,10,1.0,1.0,,,,,,,,,,,,,,
glm53_official,descriptive,json,0070/00706059,True,4,0,1.0,,10,10,1.0,1.0,,,,,,,,,,,,,,
glm53_official,descriptive,json,0008/00086411,True,4,0,1.0,,10,10,1.0,1.0,,,,,,,,,,,,,,
glm53_official,descriptive,json,0073/00732007,True,4,0,1.0,,10,10,1.0,1.0,,,,,,,,,,,,,,
glm53_official,descriptive,json,0010/00103639,True,3,0,0.75,,4,4,0.3333333333333333,0.5416666666666666,,,,,,,,,,,,,,
glm53_official,descriptive,json,0019/00199917,True,3,0,0.75,,10,10,1.0,0.875,,,,,,,,,,,,,,
glm53_official,descriptive,json,0035/00350534,True,1,0,0.25,,5,5,0.4444444444444444,0.3472222222222222,,,,,,,,,,,,,,
glm53_official,descriptive,json,0043/00431078,True,4,0,1.0,,6,6,0.5555555555555556,0.7777777777777778,,,,,,,,,,,,,,
glm53_official,descriptive,json,0073/00737056,True,4,0,1.0,,4,4,0.3333333333333333,0.6666666666666666,,,,,,,,,,,,,,
glm53_official,descriptive,json,0078/00788594,True,3,0,0.75,,10,10,1.0,0.875,,,,,,,,,,,,,,
glm53_official,descriptive,json,0067/00677148,True,4,0,1.0,,4,4,0.3333333333333333,0.6666666666666666,,,,,,,,,,,,,,
glm53_official,descriptive,json,0093/00937375,True,3,0,0.75,,10,10,1.0,0.875,,,,,,,,,,,,,,
glm53_official,descriptive,json,0072/00726428,True,4,0,1.0,,4,4,0.3333333333333333,0.6666666666666666,,,,,,,,,,,,,,
glm53_official,descriptive,json,0049/00497058,True,4,0,1.0,,10,10,1.0,1.0,,,,,,,,,,,,,,
glm53_official,descriptive,json,0013/00133189,True,4,0,1.0,,10,10,1.0,1.0,,,,,,,,,,,,,,
glm53_official,descriptive,json,0024/00249966,True,4,0,1.0,,10,10,1.0,1.0,,,,,,,,,,,,,,
glm53_official,descriptive,json,0004/00042777,True,3,0,0.75,,10,10,1.0,0.875,,,,,,,,,,,,,,
glm53_official,descriptive,json,0055/00553999,True,3,0,0.75,,4,4,0.3333333333333333,0.5416666666666666,,,,,,,,,,,,,,
glm53_official,descriptive,json,0068/00681400,True,4,0,1.0,,6,6,0.5555555555555556,0.7777777777777778,,,,,,,,,,,,,,
glm53_official,descriptive,json,0071/00714935,True,4,0,1.0,,8,8,0.7777777777777778,0.8888888888888888,,,,,,,,,,,,,,
glm53_official,descriptive,json,0022/00227442,True,3,0,0.75,,10,10,1.0,0.875,,,,,,,,,,,,,,
glm53_official,descriptive,json,0039/00397627,True,4,0,1.0,,4,4,0.3333333333333333,0.6666666666666666,,,,,,,,,,,,,,
glm53_official,descriptive,json,0026/00268024,True,4,0,1.0,,10,10,1.0,1.0,,,,,,,,,,,,,,
glm53_official,descriptive,json,0007/00073282,True,3,0,0.75,,6,6,0.5555555555555556,0.6527777777777778,,,,,,,,,,,,,,
glm53_official,descriptive,json,0036/00369868,True,2,0,0.5,,4,4,0.3333333333333333,0.41666666666666663,,,,,,,,,,,,,,
glm53_official,descriptive,json,0084/00844862,True,4,0,1.0,,10,10,1.0,1.0,,,,,,,,,,,,,,
glm53_official,descriptive,json,0026/00268027,True,4,0,1.0,,10,10,1.0,1.0,,,,,,,,,,,,,,
glm53_official,descriptive,json,0092/00925049,True,3,0,0.75,,6,6,0.5555555555555556,0.6527777777777778,,,,,,,,,,,,,,
glm53_official,descriptive,json,0072/00725542,True,4,0,1.0,,10,10,1.0,1.0,,,,,,,,,,,,,,
glm53_official,descriptive,json,0015/00150938,True,3,0,0.75,,10,10,1.0,0.875,,,,,,,,,,,,,,
glm53_official,descriptive,json,0072/00726429,True,4,0,1.0,,1,1,0.0,0.5,,,,,,,,,,,,,,
glm53_official,descriptive,json,0065/00657969,True,4,0,1.0,,10,10,1.0,1.0,,,,,,,,,,,,,,
glm53_official,descriptive,json,0031/00310774,True,4,0,1.0,,10,10,1.0,1.0,,,,,,,,,,,,,,
glm53_official,descriptive,json,0061/00618813,True,3,0,0.75,,3,3,0.2222222222222222,0.4861111111111111,,,,,,,,,,,,,,
glm53_official,descriptive,json,0030/00307386,True,3,0,0.75,,10,10,1.0,0.875,,,,,,,,,,,,,,
glm53_official,descriptive,json,0072/00724192,True,2,0,0.5,,9,9,0.8888888888888888,0.6944444444444444,,,,,,,,,,,,,,
glm53_official,descriptive,json,0018/00189804,True,1,0,0.25,,10,10,1.0,0.625,,,,,,,,,,,,,,
glm53_official,descriptive,json,0080/00807326,True,3,0,0.75,,5,5,0.4444444444444444,0.5972222222222222,,,,,,,,,,,,,,
glm53_official,descriptive,json,0078/00789364,True,3,0,0.75,,8,8,0.7777777777777778,0.7638888888888888,,,,,,,,,,,,,,
glm53_official,descriptive,json,0002/00029952,True,4,0,1.0,,10,10,1.0,1.0,,,,,,,,,,,,,,
glm53_official,descriptive,json,0005/00051224,True,4,0,1.0,,10,10,1.0,1.0,,,,,,,,,,,,,,
glm53_official,descriptive,json,0087/00873073,True,3,0,0.75,,10,10,1.0,0.875,,,,,,,,,,,,,,
glm53_official,descriptive,json,0077/00779770,True,4,0,1.0,,4,4,0.3333333333333333,0.6666666666666666,,,,,,,,,,,,,,
glm53_official,descriptive,json,0077/00778195,True,4,0,1.0,,6,6,0.5555555555555556,0.7777777777777778,,,,,,,,,,,,,,
glm53_official,descriptive,json,0039/00397628,True,4,0,1.0,,4,4,0.3333333333333333,0.6666666666666666,,,,,,,,,,,,,,
glm53_official,descriptive,json,0008/00089777,True,4,0,1.0,,10,10,1.0,1.0,,,,,,,,,,,,,,
glm53_official,descriptive,json,0075/00758810,True,4,0,1.0,,5,5,0.4444444444444444,0.7222222222222222,,,,,,,,,,,,,,
glm53_official,descriptive,json,0028/00284926,True,3,0,0.75,,6,6,0.5555555555555556,0.6527777777777778,,,,,,,,,,,,,,
glm53_official,descriptive,json,0074/00741629,True,4,0,1.0,,8,8,0.7777777777777778,0.8888888888888888,,,,,,,,,,,,,,
glm53_official,descriptive,json,0097/00973497,True,4,0,1.0,,8,8,0.7777777777777778,0.8888888888888888,,,,,,,,,,,,,,
glm53_official,descriptive,json,0047/00474303,True,4,0,1.0,,10,10,1.0,1.0,,,,,,,,,,,,,,
glm53_official,descriptive,json,0061/00616188,True,4,0,1.0,,6,6,0.5555555555555556,0.7777777777777778,,,,,,,,,,,,,,
glm53_official,descriptive,json,0005/00051572,True,4,0,1.0,,10,10,1.0,1.0,,,,,,,,,,,,,,
glm53_official,descriptive,json,0025/00253807,True,4,0,1.0,,8,8,0.7777777777777778,0.8888888888888888,,,,,,,,,,,,,,
glm53_official,descriptive,json,0024/00242128,True,4,0,1.0,,10,10,1.0,1.0,,,,,,,,,,,,,,
glm53_official,descriptive,json,0029/00292492,True,4,0,1.0,,10,10,1.0,1.0,,,,,,,,,,,,,,
glm53_official,descriptive,json,0054/00547865,True,4,0,1.0,,10,10,1.0,1.0,,,,,,,,,,,,,,
glm53_official,descriptive,json,0005/00052091,True,4,0,1.0,,10,10,1.0,1.0,,,,,,,,,,,,,,
glm53_official,descriptive,json,0034/00344679,True,4,0,1.0,,10,10,1.0,1.0,,,,,,,,,,,,,,
glm53_official,descriptive,json,0092/00923543,True,4,0,1.0,,10,10,1.0,1.0,,,,,,,,,,,,,,
glm53_official,descriptive,json,0024/00242859,True,4,0,1.0,,10,10,1.0,1.0,,,,,,,,,,,,,,
glm53_official,descriptive,json,0079/00790247,True,4,0,1.0,,10,10,1.0,1.0,,,,,,,,,,,,,,
glm53_official,descriptive,json,0084/00843879,True,4,0,1.0,,10,10,1.0,1.0,,,,,,,,,,,,,,
glm53_official,descriptive,json,0010/00108226,True,4,0,1.0,,7,7,0.6666666666666666,0.8333333333333333,,,,,,,,,,,,,,
glm53_official,descriptive,json,0026/00268031,True,4,0,1.0,,10,10,1.0,1.0,,,,,,,,,,,,,,
glm53_official,descriptive,json,0022/00225399,True,4,0,1.0,,10,10,1.0,1.0,,,,,,,,,,,,,,
glm53_official,descriptive,json,0057/00570258,True,4,0,1.0,,10,10,1.0,1.0,,,,,,,,,,,,,,
glm53_official,descriptive,json,0010/00101896,True,4,0,1.0,,6,6,0.5555555555555556,0.7777777777777778,,,,,,,,,,,,,,
glm53_official,descriptive,json,0061/00619989,True,3,0,0.75,,2,2,0.1111111111111111,0.4305555555555556,,,,,,,,,,,,,,
glm53_official,descriptive,json,0022/00226013,True,3,0,0.75,,10,10,1.0,0.875,,,,,,,,,,,,,,
glm53_official,descriptive,json,0052/00523563,True,3,0,0.75,,10,10,1.0,0.875,,,,,,,,,,,,,,
glm53_official,descriptive,json,0036/00361447,True,3,0,0.75,,8,8,0.7777777777777778,0.7638888888888888,,,,,,,,,,,,,,
glm53_official,descriptive,json,0070/00709862,True,4,0,1.0,,10,10,1.0,1.0,,,,,,,,,,,,,,
glm53_official,descriptive,json,0054/00541109,True,4,0,1.0,,6,6,0.5555555555555556,0.7777777777777778,,,,,,,,,,,,,,
glm53_official,descriptive,json,0086/00866616,True,3,0,0.75,,7,7,0.6666666666666666,0.7083333333333333,,,,,,,,,,,,,,
glm53_official,descriptive,json,0027/00279318,True,4,0,1.0,,10,10,1.0,1.0,,,,,,,,,,,,,,
glm53_official,descriptive,json,0082/00827203,True,4,0,1.0,,4,4,0.3333333333333333,0.6666666666666666,,,,,,,,,,,,,,
glm53_official,descriptive,json,0039/00391450,True,3,0,0.75,,4,4,0.3333333333333333,0.5416666666666666,,,,,,,,,,,,,,
glm53_official,descriptive,json,0013/00135378,True,4,0,1.0,,6,6,0.5555555555555556,0.7777777777777778,,,,,,,,,,,,,,
glm53_official,descriptive,json,0093/00934405,True,4,0,1.0,,10,10,1.0,1.0,,,,,,,,,,,,,,
glm53_official,descriptive,json,0056/00568816,True,4,0,1.0,,4,4,0.3333333333333333,0.6666666666666666,,,,,,,,,,,,,,
glm53_official,descriptive,json,0072/00728052,True,4,0,1.0,,10,10,1.0,1.0,,,,,,,,,,,,,,
glm53_official,descriptive,json,0021/00210983,True,4,0,1.0,,10,10,1.0,1.0,,,,,,,,,,,,,,
glm53_official,descriptive,json,0046/00460772,True,4,0,1.0,,10,10,1.0,1.0,,,,,,,,,,,,,,
glm53_official,descriptive,openscad,0085/00852511,True,4,0,1.0,,10,10,1.0,1.0,,,,,,,,,,,,,,
glm53_official,descriptive,openscad,0009/00099014,True,4,0,1.0,,10,10,1.0,1.0,,,,,,,,,,,,,,
glm53_official,descriptive,openscad,0071/00710826,True,4,0,1.0,,10,10,1.0,1.0,,,,,,,,,,,,,,
glm53_official,descriptive,openscad,0005/00057589,True,2,0,0.5,,10,10,1.0,0.75,,,,,,,,,,,,,,
glm53_official,descriptive,openscad,0015/00155951,True,3,0,0.75,,6,6,0.5555555555555556,0.6527777777777778,,,,,,,,,,,,,,
glm53_official,descriptive,openscad,0013/00134405,True,4,0,1.0,,10,10,1.0,1.0,,,,,,,,,,,,,,
glm53_official,descriptive,openscad,0053/00531353,False,0,0,0.0,,1.0,,0.0,0.0,,,,,,,,,,,,,,
glm53_official,descriptive,openscad,0094/00941813,True,4,0,1.0,,10,10,1.0,1.0,,,,,,,,,,,,,,
glm53_official,descriptive,openscad,0081/00817410,True,4,0,1.0,,10,10,1.0,1.0,,,,,,,,,,,,,,
glm53_official,descriptive,openscad,0045/00457640,True,4,0,1.0,,10,10,1.0,1.0,,,,,,,,,,,,,,
glm53_official,descriptive,openscad,0047/00478097,True,4,0,1.0,,10,10,1.0,1.0,,,,,,,,,,,,,,
glm53_official,descriptive,openscad,0013/00135353,True,4,0,1.0,,10,10,1.0,1.0,,,,,,,,,,,,,,
glm53_official,descriptive,openscad,0062/00621494,True,4,0,1.0,,4,4,0.3333333333333333,0.6666666666666666,,,,,,,,,,,,,,
glm53_official,descriptive,openscad,0016/00169954,True,4,0,1.0,,10,10,1.0,1.0,,,,,,,,,,,,,,
glm53_official,descriptive,openscad,0039/00390147,True,4,0,1.0,,6,6,0.5555555555555556,0.7777777777777778,,,,,,,,,,,,,,
glm53_official,descriptive,openscad,0089/00895528,True,4,0,1.0,,4,4,0.3333333333333333,0.6666666666666666,,,,,,,,,,,,,,
glm53_official,descriptive,openscad,0030/00306122,True,4,0,1.0,,4,4,0.3333333333333333,0.6666666666666666,,,,,,,,,,,,,,
glm53_official,descriptive,openscad,0070/00706059,True,4,0,1.0,,10,10,1.0,1.0,,,,,,,,,,,,,,
glm53_official,descriptive,openscad,0008/00086411,True,4,0,1.0,,10,10,1.0,1.0,,,,,,,,,,,,,,
glm53_official,descriptive,openscad,0073/00732007,True,4,0,1.0,,10,10,1.0,1.0,,,,,,,,,,,,,,
glm53_official,descriptive,openscad,0010/00103639,True,4,0,1.0,,10,10,1.0,1.0,,,,,,,,,,,,,,
glm53_official,descriptive,openscad,0019/00199917,True,4,0,1.0,,10,10,1.0,1.0,,,,,,,,,,,,,,
glm53_official,descriptive,openscad,0035/00350534,True,4,0,1.0,,6,6,0.5555555555555556,0.7777777777777778,,,,,,,,,,,,,,
glm53_official,descriptive,openscad,0043/00431078,True,4,0,1.0,,6,6,0.5555555555555556,0.7777777777777778,,,,,,,,,,,,,,
glm53_official,descriptive,openscad,0073/00737056,True,4,0,1.0,,4,4,0.3333333333333333,0.6666666666666666,,,,,,,,,,,,,,
glm53_official,descriptive,openscad,0078/00788594,True,4,0,1.0,,10,10,1.0,1.0,,,,,,,,,,,,,,
glm53_official,descriptive,openscad,0067/00677148,True,4,0,1.0,,8,8,0.7777777777777778,0.8888888888888888,,,,,,,,,,,,,,
glm53_official,descriptive,openscad,0093/00937375,True,3,0,0.75,,3,3,0.2222222222222222,0.4861111111111111,,,,,,,,,,,,,,
glm53_official,descriptive,openscad,0072/00726428,True,4,0,1.0,,1,1,0.0,0.5,,,,,,,,,,,,,,
glm53_official,descriptive,openscad,0049/00497058,True,4,0,1.0,,10,10,1.0,1.0,,,,,,,,,,,,,,
glm53_official,descriptive,openscad,0013/00133189,True,4,0,1.0,,8,8,0.7777777777777778,0.8888888888888888,,,,,,,,,,,,,,
glm53_official,descriptive,openscad,0024/00249966,True,4,0,1.0,,8,8,0.7777777777777778,0.8888888888888888,,,,,,,,,,,,,,
glm53_official,descriptive,openscad,0004/00042777,True,3,0,0.75,,8,8,0.7777777777777778,0.7638888888888888,,,,,,,,,,,,,,
glm53_official,descriptive,openscad,0055/00553999,True,3,0,0.75,,10,10,1.0,0.875,,,,,,,,,,,,,,
glm53_official,descriptive,openscad,0068/00681400,True,4,0,1.0,,8,8,0.7777777777777778,0.8888888888888888,,,,,,,,,,,,,,
glm53_official,descriptive,openscad,0071/00714935,True,4,0,1.0,,10,10,1.0,1.0,,,,,,,,,,,,,,
glm53_official,descriptive,openscad,0022/00227442,True,1,0,0.25,,8,8,0.7777777777777778,0.5138888888888888,,,,,,,,,,,,,,
glm53_official,descriptive,openscad,0039/00397627,True,4,0,1.0,,4,4,0.3333333333333333,0.6666666666666666,,,,,,,,,,,,,,
glm53_official,descriptive,openscad,0026/00268024,True,4,0,1.0,,10,10,1.0,1.0,,,,,,,,,,,,,,
glm53_official,descriptive,openscad,0007/00073282,True,4,0,1.0,,4,4,0.3333333333333333,0.6666666666666666,,,,,,,,,,,,,,
glm53_official,descriptive,openscad,0036/00369868,True,4,0,1.0,,10,10,1.0,1.0,,,,,,,,,,,,,,
glm53_official,descriptive,openscad,0084/00844862,True,4,0,1.0,,8,8,0.7777777777777778,0.8888888888888888,,,,,,,,,,,,,,
glm53_official,descriptive,openscad,0026/00268027,True,4,0,1.0,,8,8,0.7777777777777778,0.8888888888888888,,,,,,,,,,,,,,
glm53_official,descriptive,openscad,0092/00925049,True,2,0,0.5,,10,10,1.0,0.75,,,,,,,,,,,,,,
glm53_official,descriptive,openscad,0072/00725542,True,4,0,1.0,,10,10,1.0,1.0,,,,,,,,,,,,,,
glm53_official,descriptive,openscad,0015/00150938,True,4,0,1.0,,8,8,0.7777777777777778,0.8888888888888888,,,,,,,,,,,,,,
glm53_official,descriptive,openscad,0072/00726429,True,4,0,1.0,,1,1,0.0,0.5,,,,,,,,,,,,,,
glm53_official,descriptive,openscad,0065/00657969,True,4,0,1.0,,10,10,1.0,1.0,,,,,,,,,,,,,,
glm53_official,descriptive,openscad,0031/00310774,True,4,0,1.0,,8,8,0.7777777777777778,0.8888888888888888,,,,,,,,,,,,,,
glm53_official,descriptive,openscad,0061/00618813,True,4,0,1.0,,10,10,1.0,1.0,,,,,,,,,,,,,,
glm53_official,descriptive,openscad,0030/00307386,True,4,0,1.0,,10,10,1.0,1.0,,,,,,,,,,,,,,
glm53_official,descriptive,openscad,0072/00724192,True,4,0,1.0,,7,7,0.6666666666666666,0.8333333333333333,,,,,,,,,,,,,,
glm53_official,descriptive,openscad,0018/00189804,True,4,0,1.0,,10,10,1.0,1.0,,,,,,,,,,,,,,
glm53_official,descriptive,openscad,0080/00807326,True,4,0,1.0,,10,10,1.0,1.0,,,,,,,,,,,,,,
glm53_official,descriptive,openscad,0078/00789364,True,4,0,1.0,,10,10,1.0,1.0,,,,,,,,,,,,,,
glm53_official,descriptive,openscad,0002/00029952,True,3,0,0.75,,8,8,0.7777777777777778,0.7638888888888888,,,,,,,,,,,,,,
glm53_official,descriptive,openscad,0005/00051224,True,4,0,1.0,,10,10,1.0,1.0,,,,,,,,,,,,,,
glm53_official,descriptive,openscad,0087/00873073,True,1,0,0.25,,10,10,1.0,0.625,,,,,,,,,,,,,,
glm53_official,descriptive,openscad,0077/00779770,True,4,0,1.0,,4,4,0.3333333333333333,0.6666666666666666,,,,,,,,,,,,,,
glm53_official,descriptive,openscad,0077/00778195,True,4,0,1.0,,10,10,1.0,1.0,,,,,,,,,,,,,,
glm53_official,descriptive,openscad,0039/00397628,True,4,0,1.0,,4,4,0.3333333333333333,0.6666666666666666,,,,,,,,,,,,,,
glm53_official,descriptive,openscad,0008/00089777,True,3,0,0.75,,10,10,1.0,0.875,,,,,,,,,,,,,,
glm53_official,descriptive,openscad,0075/00758810,True,3,0,0.75,,6,6,0.5555555555555556,0.6527777777777778,,,,,,,,,,,,,,
glm53_official,descriptive,openscad,0028/00284926,True,4,0,1.0,,10,10,1.0,1.0,,,,,,,,,,,,,,
glm53_official,descriptive,openscad,0074/00741629,True,4,0,1.0,,10,10,1.0,1.0,,,,,,,,,,,,,,
glm53_official,descriptive,openscad,0097/00973497,True,4,0,1.0,,10,10,1.0,1.0,,,,,,,,,,,,,,
glm53_official,descriptive,openscad,0047/00474303,True,4,0,1.0,,5,5,0.4444444444444444,0.7222222222222222,,,,,,,,,,,,,,
glm53_official,descriptive,openscad,0061/00616188,True,4,0,1.0,,6,6,0.5555555555555556,0.7777777777777778,,,,,,,,,,,,,,
glm53_official,descriptive,openscad,0005/00051572,True,4,0,1.0,,10,10,1.0,1.0,,,,,,,,,,,,,,
glm53_official,descriptive,openscad,0025/00253807,True,4,0,1.0,,10,10,1.0,1.0,,,,,,,,,,,,,,
glm53_official,descriptive,openscad,0024/00242128,True,3,0,0.75,,10,10,1.0,0.875,,,,,,,,,,,,,,
glm53_official,descriptive,openscad,0029/00292492,True,4,0,1.0,,10,10,1.0,1.0,,,,,,,,,,,,,,
glm53_official,descriptive,openscad,0054/00547865,True,4,0,1.0,,8,8,0.7777777777777778,0.8888888888888888,,,,,,,,,,,,,,
glm53_official,descriptive,openscad,0005/00052091,True,4,0,1.0,,6,6,0.5555555555555556,0.7777777777777778,,,,,,,,,,,,,,
glm53_official,descriptive,openscad,0034/00344679,True,4,0,1.0,,2,2,0.1111111111111111,0.5555555555555556,,,,,,,,,,,,,,
glm53_official,descriptive,openscad,0092/00923543,True,3,0,0.75,,10,10,1.0,0.875,,,,,,,,,,,,,,
glm53_official,descriptive,openscad,0024/00242859,True,4,0,1.0,,2,2,0.1111111111111111,0.5555555555555556,,,,,,,,,,,,,,
glm53_official,descriptive,openscad,0079/00790247,True,3,0,0.75,,10,10,1.0,0.875,,,,,,,,,,,,,,
glm53_official,descriptive,openscad,0084/00843879,True,4,0,1.0,,10,10,1.0,1.0,,,,,,,,,,,,,,
glm53_official,descriptive,openscad,0010/00108226,True,3,0,0.75,,6,6,0.5555555555555556,0.6527777777777778,,,,,,,,,,,,,,
glm53_official,descriptive,openscad,0026/00268031,True,4,0,1.0,,10,10,1.0,1.0,,,,,,,,,,,,,,
glm53_official,descriptive,openscad,0022/00225399,True,4,0,1.0,,8,8,0.7777777777777778,0.8888888888888888,,,,,,,,,,,,,,
glm53_official,descriptive,openscad,0057/00570258,True,4,0,1.0,,10,10,1.0,1.0,,,,,,,,,,,,,,
glm53_official,descriptive,openscad,0010/00101896,True,4,0,1.0,,6,6,0.5555555555555556,0.7777777777777778,,,,,,,,,,,,,,
glm53_official,descriptive,openscad,0061/00619989,True,4,0,1.0,,10,10,1.0,1.0,,,,,,,,,,,,,,
glm53_official,descriptive,openscad,0022/00226013,True,4,0,1.0,,10,10,1.0,1.0,,,,,,,,,,,,,,
glm53_official,descriptive,openscad,0052/00523563,True,4,0,1.0,,8,8,0.7777777777777778,0.8888888888888888,,,,,,,,,,,,,,
glm53_official,descriptive,openscad,0036/00361447,True,4,0,1.0,,10,10,1.0,1.0,,,,,,,,,,,,,,
glm53_official,descriptive,openscad,0070/00709862,True,4,0,1.0,,10,10,1.0,1.0,,,,,,,,,,,,,,
glm53_official,descriptive,openscad,0054/00541109,True,4,0,1.0,,6,6,0.5555555555555556,0.7777777777777778,,,,,,,,,,,,,,
glm53_official,descriptive,openscad,0086/00866616,True,4,0,1.0,,7,7,0.6666666666666666,0.8333333333333333,,,,,,,,,,,,,,
glm53_official,descriptive,openscad,0027/00279318,True,4,0,1.0,,10,10,1.0,1.0,,,,,,,,,,,,,,
glm53_official,descriptive,openscad,0082/00827203,True,4,0,1.0,,10,10,1.0,1.0,,,,,,,,,,,,,,
glm53_official,descriptive,openscad,0039/00391450,True,4,0,1.0,,4,4,0.3333333333333333,0.6666666666666666,,,,,,,,,,,,,,
glm53_official,descriptive,openscad,0013/00135378,True,4,0,1.0,,10,10,1.0,1.0,,,,,,,,,,,,,,
glm53_official,descriptive,openscad,0093/00934405,True,3,0,0.75,,10,10,1.0,0.875,,,,,,,,,,,,,,
glm53_official,descriptive,openscad,0056/00568816,True,4,0,1.0,,4,4,0.3333333333333333,0.6666666666666666,,,,,,,,,,,,,,
glm53_official,descriptive,openscad,0072/00728052,True,4,0,1.0,,10,10,1.0,1.0,,,,,,,,,,,,,,
glm53_official,descriptive,openscad,0021/00210983,True,4,0,1.0,,4,4,0.3333333333333333,0.6666666666666666,,,,,,,,,,,,,,
glm53_official,descriptive,openscad,0046/00460772,True,4,0,1.0,,10,10,1.0,1.0,,,,,,,,,,,,,,
glm53flash,descriptive,json,0085/00852511,True,4,0,1.0,,10,10,1.0,1.0,,,,,,,,,,,,,,
glm53flash,descriptive,json,0009/00099014,True,4,0,1.0,,10,10,1.0,1.0,,,,,,,,,,,,,,
glm53flash,descriptive,json,0071/00710826,True,4,0,1.0,,10,10,1.0,1.0,,,,,,,,,,,,,,
glm53flash,descriptive,json,0005/00057589,True,3,0,0.75,,10,10,1.0,0.875,,,,,,,,,,,,,,
glm53flash,descriptive,json,0015/00155951,True,4,0,1.0,,6,6,0.5555555555555556,0.7777777777777778,,,,,,,,,,,,,,
glm53flash,descriptive,json,0013/00134405,True,4,0,1.0,,10,10,1.0,1.0,,,,,,,,,,,,,,
glm53flash,descriptive,json,0053/00531353,True,2,0,0.5,,3,3,0.2222222222222222,0.3611111111111111,,,,,,,,,,,,,,
glm53flash,descriptive,json,0094/00941813,True,4,0,1.0,,10,10,1.0,1.0,,,,,,,,,,,,,,
glm53flash,descriptive,json,0081/00817410,True,4,0,1.0,,10,10,1.0,1.0,,,,,,,,,,,,,,
glm53flash,descriptive,json,0045/00457640,True,4,0,1.0,,10,10,1.0,1.0,,,,,,,,,,,,,,
glm53flash,descriptive,json,0047/00478097,True,4,0,1.0,,10,10,1.0,1.0,,,,,,,,,,,,,,
glm53flash,descriptive,json,0013/00135353,True,4,0,1.0,,10,10,1.0,1.0,,,,,,,,,,,,,,
glm53flash,descriptive,json,0062/00621494,True,3,0,0.75,,8,8,0.7777777777777778,0.7638888888888888,,,,,,,,,,,,,,
glm53flash,descriptive,json,0016/00169954,True,1,0,0.25,,6,6,0.5555555555555556,0.4027777777777778,,,,,,,,,,,,,,
glm53flash,descriptive,json,0039/00390147,True,4,0,1.0,,10,10,1.0,1.0,,,,,,,,,,,,,,
glm53flash,descriptive,json,0089/00895528,True,4,0,1.0,,6,6,0.5555555555555556,0.7777777777777778,,,,,,,,,,,,,,
glm53flash,descriptive,json,0030/00306122,True,4,0,1.0,,7,7,0.6666666666666666,0.8333333333333333,,,,,,,,,,,,,,
glm53flash,descriptive,json,0070/00706059,True,4,0,1.0,,10,10,1.0,1.0,,,,,,,,,,,,,,
glm53flash,descriptive,json,0008/00086411,True,4,0,1.0,,10,10,1.0,1.0,,,,,,,,,,,,,,
glm53flash,descriptive,json,0073/00732007,True,4,0,1.0,,10,10,1.0,1.0,,,,,,,,,,,,,,
glm53flash,descriptive,json,0010/00103639,True,3,0,0.75,,4,4,0.3333333333333333,0.5416666666666666,,,,,,,,,,,,,,
glm53flash,descriptive,json,0019/00199917,True,2,0,0.5,,10,10,1.0,0.75,,,,,,,,,,,,,,
glm53flash,descriptive,json,0035/00350534,True,3,0,0.75,,6,6,0.5555555555555556,0.6527777777777778,,,,,,,,,,,,,,
glm53flash,descriptive,json,0043/00431078,True,4,0,1.0,,10,10,1.0,1.0,,,,,,,,,,,,,,
glm53flash,descriptive,json,0073/00737056,True,4,0,1.0,,4,4,0.3333333333333333,0.6666666666666666,,,,,,,,,,,,,,
glm53flash,descriptive,json,0078/00788594,True,4,0,1.0,,10,10,1.0,1.0,,,,,,,,,,,,,,
glm53flash,descriptive,json,0067/00677148,True,4,0,1.0,,4,4,0.3333333333333333,0.6666666666666666,,,,,,,,,,,,,,
glm53flash,descriptive,json,0093/00937375,False,0,0,0.0,,1.0,,0.0,0.0,,,,,,,,,,,,,,
glm53flash,descriptive,json,0072/00726428,True,4,0,1.0,,1,1,0.0,0.5,,,,,,,,,,,,,,
glm53flash,descriptive,json,0049/00497058,True,4,0,1.0,,10,10,1.0,1.0,,,,,,,,,,,,,,
glm53flash,descriptive,json,0013/00133189,True,4,0,1.0,,8,8,0.7777777777777778,0.8888888888888888,,,,,,,,,,,,,,
glm53flash,descriptive,json,0024/00249966,True,4,0,1.0,,10,10,1.0,1.0,,,,,,,,,,,,,,
glm53flash,descriptive,json,0004/00042777,True,4,0,1.0,,10,10,1.0,1.0,,,,,,,,,,,,,,
glm53flash,descriptive,json,0055/00553999,True,4,0,1.0,,8,8,0.7777777777777778,0.8888888888888888,,,,,,,,,,,,,,
glm53flash,descriptive,json,0068/00681400,True,4,0,1.0,,8,8,0.7777777777777778,0.8888888888888888,,,,,,,,,,,,,,
glm53flash,descriptive,json,0071/00714935,True,4,0,1.0,,8,8,0.7777777777777778,0.8888888888888888,,,,,,,,,,,,,,
glm53flash,descriptive,json,0022/00227442,True,4,0,1.0,,10,10,1.0,1.0,,,,,,,,,,,,,,
glm53flash,descriptive,json,0039/00397627,True,4,0,1.0,,4,4,0.3333333333333333,0.6666666666666666,,,,,,,,,,,,,,
glm53flash,descriptive,json,0026/00268024,True,4,0,1.0,,10,10,1.0,1.0,,,,,,,,,,,,,,
glm53flash,descriptive,json,0007/00073282,True,3,0,0.75,,4,4,0.3333333333333333,0.5416666666666666,,,,,,,,,,,,,,
glm53flash,descriptive,json,0036/00369868,True,3,0,0.75,,8,8,0.7777777777777778,0.7638888888888888,,,,,,,,,,,,,,
glm53flash,descriptive,json,0084/00844862,True,4,0,1.0,,10,10,1.0,1.0,,,,,,,,,,,,,,
glm53flash,descriptive,json,0026/00268027,True,4,0,1.0,,10,10,1.0,1.0,,,,,,,,,,,,,,
glm53flash,descriptive,json,0092/00925049,False,0,0,0.0,,1.0,,0.0,0.0,,,,,,,,,,,,,,
glm53flash,descriptive,json,0072/00725542,True,4,0,1.0,,10,10,1.0,1.0,,,,,,,,,,,,,,
glm53flash,descriptive,json,0015/00150938,True,4,0,1.0,,10,10,1.0,1.0,,,,,,,,,,,,,,
glm53flash,descriptive,json,0072/00726429,True,4,0,1.0,,1,1,0.0,0.5,,,,,,,,,,,,,,
glm53flash,descriptive,json,0065/00657969,True,4,0,1.0,,4,4,0.3333333333333333,0.6666666666666666,,,,,,,,,,,,,,
glm53flash,descriptive,json,0031/00310774,True,4,0,1.0,,8,8,0.7777777777777778,0.8888888888888888,,,,,,,,,,,,,,
glm53flash,descriptive,json,0061/00618813,True,3,0,0.75,,10,10,1.0,0.875,,,,,,,,,,,,,,
glm53flash,descriptive,json,0030/00307386,True,3,0,0.75,,10,10,1.0,0.875,,,,,,,,,,,,,,
glm53flash,descriptive,json,0072/00724192,True,4,0,1.0,,10,10,1.0,1.0,,,,,,,,,,,,,,
glm53flash,descriptive,json,0018/00189804,True,2,0,0.5,,10,10,1.0,0.75,,,,,,,,,,,,,,
glm53flash,descriptive,json,0080/00807326,True,4,0,1.0,,10,10,1.0,1.0,,,,,,,,,,,,,,
glm53flash,descriptive,json,0078/00789364,True,4,0,1.0,,8,8,0.7777777777777778,0.8888888888888888,,,,,,,,,,,,,,
glm53flash,descriptive,json,0002/00029952,True,4,0,1.0,,10,10,1.0,1.0,,,,,,,,,,,,,,
glm53flash,descriptive,json,0005/00051224,True,4,0,1.0,,8,8,0.7777777777777778,0.8888888888888888,,,,,,,,,,,,,,
glm53flash,descriptive,json,0087/00873073,True,4,0,1.0,,6,6,0.5555555555555556,0.7777777777777778,,,,,,,,,,,,,,
glm53flash,descriptive,json,0077/00779770,True,3,0,0.75,,4,4,0.3333333333333333,0.5416666666666666,,,,,,,,,,,,,,
glm53flash,descriptive,json,0077/00778195,True,4,0,1.0,,10,10,1.0,1.0,,,,,,,,,,,,,,
glm53flash,descriptive,json,0039/00397628,True,4,0,1.0,,4,4,0.3333333333333333,0.6666666666666666,,,,,,,,,,,,,,
glm53flash,descriptive,json,0008/00089777,True,4,0,1.0,,10,10,1.0,1.0,,,,,,,,,,,,,,
glm53flash,descriptive,json,0075/00758810,True,4,0,1.0,,4,4,0.3333333333333333,0.6666666666666666,,,,,,,,,,,,,,
glm53flash,descriptive,json,0028/00284926,True,3,0,0.75,,10,10,1.0,0.875,,,,,,,,,,,,,,
glm53flash,descriptive,json,0074/00741629,True,3,0,0.75,,6,6,0.5555555555555556,0.6527777777777778,,,,,,,,,,,,,,
glm53flash,descriptive,json,0097/00973497,True,4,0,1.0,,8,8,0.7777777777777778,0.8888888888888888,,,,,,,,,,,,,,
glm53flash,descriptive,json,0047/00474303,True,4,0,1.0,,2,2,0.1111111111111111,0.5555555555555556,,,,,,,,,,,,,,
glm53flash,descriptive,json,0061/00616188,True,3,0,0.75,,8,8,0.7777777777777778,0.7638888888888888,,,,,,,,,,,,,,
glm53flash,descriptive,json,0005/00051572,True,4,0,1.0,,10,10,1.0,1.0,,,,,,,,,,,,,,
glm53flash,descriptive,json,0025/00253807,True,4,0,1.0,,8,8,0.7777777777777778,0.8888888888888888,,,,,,,,,,,,,,
glm53flash,descriptive,json,0024/00242128,True,4,0,1.0,,4,4,0.3333333333333333,0.6666666666666666,,,,,,,,,,,,,,
glm53flash,descriptive,json,0029/00292492,True,4,0,1.0,,10,10,1.0,1.0,,,,,,,,,,,,,,
glm53flash,descriptive,json,0054/00547865,True,4,0,1.0,,10,10,1.0,1.0,,,,,,,,,,,,,,
glm53flash,descriptive,json,0005/00052091,True,4,0,1.0,,10,10,1.0,1.0,,,,,,,,,,,,,,
glm53flash,descriptive,json,0034/00344679,True,4,0,1.0,,10,10,1.0,1.0,,,,,,,,,,,,,,
glm53flash,descriptive,json,0092/00923543,True,2,0,0.5,,8,8,0.7777777777777778,0.6388888888888888,,,,,,,,,,,,,,
glm53flash,descriptive,json,0024/00242859,True,4,0,1.0,,4,4,0.3333333333333333,0.6666666666666666,,,,,,,,,,,,,,
glm53flash,descriptive,json,0079/00790247,True,4,0,1.0,,10,10,1.0,1.0,,,,,,,,,,,,,,
glm53flash,descriptive,json,0084/00843879,True,4,0,1.0,,10,10,1.0,1.0,,,,,,,,,,,,,,
glm53flash,descriptive,json,0010/00108226,True,2,0,0.5,,4,4,0.3333333333333333,0.41666666666666663,,,,,,,,,,,,,,
glm53flash,descriptive,json,0026/00268031,True,3,0,0.75,,10,10,1.0,0.875,,,,,,,,,,,,,,
glm53flash,descriptive,json,0022/00225399,True,3,0,0.75,,8,8,0.7777777777777778,0.7638888888888888,,,,,,,,,,,,,,
glm53flash,descriptive,json,0057/00570258,True,4,0,1.0,,10,10,1.0,1.0,,,,,,,,,,,,,,
glm53flash,descriptive,json,0010/00101896,True,4,0,1.0,,4,4,0.3333333333333333,0.6666666666666666,,,,,,,,,,,,,,
glm53flash,descriptive,json,0061/00619989,True,3,0,0.75,,2,2,0.1111111111111111,0.4305555555555556,,,,,,,,,,,,,,
glm53flash,descriptive,json,0022/00226013,True,4,0,1.0,,10,10,1.0,1.0,,,,,,,,,,,,,,
glm53flash,descriptive,json,0052/00523563,True,4,0,1.0,,10,10,1.0,1.0,,,,,,,,,,,,,,
glm53flash,descriptive,json,0036/00361447,True,3,0,0.75,,8,8,0.7777777777777778,0.7638888888888888,,,,,,,,,,,,,,
glm53flash,descriptive,json,0070/00709862,True,4,0,1.0,,10,10,1.0,1.0,,,,,,,,,,,,,,
glm53flash,descriptive,json,0054/00541109,True,4,0,1.0,,6,6,0.5555555555555556,0.7777777777777778,,,,,,,,,,,,,,
glm53flash,descriptive,json,0086/00866616,True,4,0,1.0,,7,7,0.6666666666666666,0.8333333333333333,,,,,,,,,,,,,,
glm53flash,descriptive,json,0027/00279318,True,4,0,1.0,,10,10,1.0,1.0,,,,,,,,,,,,,,
glm53flash,descriptive,json,0082/00827203,True,4,0,1.0,,10,10,1.0,1.0,,,,,,,,,,,,,,
glm53flash,descriptive,json,0039/00391450,True,3,0,0.75,,4,4,0.3333333333333333,0.5416666666666666,,,,,,,,,,,,,,
glm53flash,descriptive,json,0013/00135378,True,4,0,1.0,,10,10,1.0,1.0,,,,,,,,,,,,,,
glm53flash,descriptive,json,0093/00934405,True,4,0,1.0,,10,10,1.0,1.0,,,,,,,,,,,,,,
glm53flash,descriptive,json,0056/00568816,True,4,0,1.0,,4,4,0.3333333333333333,0.6666666666666666,,,,,,,,,,,,,,
glm53flash,descriptive,json,0072/00728052,True,4,0,1.0,,9,9,0.8888888888888888,0.9444444444444444,,,,,,,,,,,,,,
glm53flash,descriptive,json,0021/00210983,True,4,0,1.0,,10,10,1.0,1.0,,,,,,,,,,,,,,
glm53flash,descriptive,json,0046/00460772,True,4,0,1.0,,5,5,0.4444444444444444,0.7222222222222222,,,,,,,,,,,,,,
glm53flash,descriptive,openscad,0085/00852511,True,3,0,0.75,,10,10,1.0,0.875,,,,,,,,,,,,,,
glm53flash,descriptive,openscad,0009/00099014,True,4,0,1.0,,10,10,1.0,1.0,,,,,,,,,,,,,,
glm53flash,descriptive,openscad,0071/00710826,True,4,0,1.0,,10,10,1.0,1.0,,,,,,,,,,,,,,
glm53flash,descriptive,openscad,0005/00057589,True,4,0,1.0,,10,10,1.0,1.0,,,,,,,,,,,,,,
glm53flash,descriptive,openscad,0015/00155951,True,4,0,1.0,,6,6,0.5555555555555556,0.7777777777777778,,,,,,,,,,,,,,
glm53flash,descriptive,openscad,0013/00134405,True,4,0,1.0,,10,10,1.0,1.0,,,,,,,,,,,,,,
glm53flash,descriptive,openscad,0053/00531353,True,4,0,1.0,,8,8,0.7777777777777778,0.8888888888888888,,,,,,,,,,,,,,
glm53flash,descriptive,openscad,0094/00941813,True,3,0,0.75,,10,10,1.0,0.875,,,,,,,,,,,,,,
glm53flash,descriptive,openscad,0081/00817410,True,2,0,0.5,,4,4,0.3333333333333333,0.41666666666666663,,,,,,,,,,,,,,
glm53flash,descriptive,openscad,0045/00457640,True,4,0,1.0,,10,10,1.0,1.0,,,,,,,,,,,,,,
glm53flash,descriptive,openscad,0047/00478097,True,4,0,1.0,,10,10,1.0,1.0,,,,,,,,,,,,,,
glm53flash,descriptive,openscad,0013/00135353,True,4,0,1.0,,10,10,1.0,1.0,,,,,,,,,,,,,,
glm53flash,descriptive,openscad,0062/00621494,True,4,0,1.0,,2,2,0.1111111111111111,0.5555555555555556,,,,,,,,,,,,,,
glm53flash,descriptive,openscad,0016/00169954,True,4,0,1.0,,10,10,1.0,1.0,,,,,,,,,,,,,,
glm53flash,descriptive,openscad,0039/00390147,True,3,0,0.75,,8,8,0.7777777777777778,0.7638888888888888,,,,,,,,,,,,,,
glm53flash,descriptive,openscad,0089/00895528,True,4,0,1.0,,6,6,0.5555555555555556,0.7777777777777778,,,,,,,,,,,,,,
glm53flash,descriptive,openscad,0030/00306122,True,4,0,1.0,,4,4,0.3333333333333333,0.6666666666666666,,,,,,,,,,,,,,
glm53flash,descriptive,openscad,0070/00706059,True,4,0,1.0,,10,10,1.0,1.0,,,,,,,,,,,,,,
glm53flash,descriptive,openscad,0008/00086411,True,4,0,1.0,,10,10,1.0,1.0,,,,,,,,,,,,,,
glm53flash,descriptive,openscad,0073/00732007,True,4,0,1.0,,10,10,1.0,1.0,,,,,,,,,,,,,,
glm53flash,descriptive,openscad,0010/00103639,True,3,0,0.75,,4,4,0.3333333333333333,0.5416666666666666,,,,,,,,,,,,,,
glm53flash,descriptive,openscad,0019/00199917,True,4,0,1.0,,8,8,0.7777777777777778,0.8888888888888888,,,,,,,,,,,,,,
glm53flash,descriptive,openscad,0035/00350534,True,2,0,0.5,,4,4,0.3333333333333333,0.41666666666666663,,,,,,,,,,,,,,
glm53flash,descriptive,openscad,0043/00431078,True,3,0,0.75,,4,4,0.3333333333333333,0.5416666666666666,,,,,,,,,,,,,,
glm53flash,descriptive,openscad,0073/00737056,True,4,0,1.0,,2,2,0.1111111111111111,0.5555555555555556,,,,,,,,,,,,,,
glm53flash,descriptive,openscad,0078/00788594,True,4,0,1.0,,6,6,0.5555555555555556,0.7777777777777778,,,,,,,,,,,,,,
glm53flash,descriptive,openscad,0067/00677148,True,4,0,1.0,,4,4,0.3333333333333333,0.6666666666666666,,,,,,,,,,,,,,
glm53flash,descriptive,openscad,0093/00937375,True,2,0,0.5,,10,10,1.0,0.75,,,,,,,,,,,,,,
glm53flash,descriptive,openscad,0072/00726428,True,4,0,1.0,,1,1,0.0,0.5,,,,,,,,,,,,,,
glm53flash,descriptive,openscad,0049/00497058,True,4,0,1.0,,6,6,0.5555555555555556,0.7777777777777778,,,,,,,,,,,,,,
glm53flash,descriptive,openscad,0013/00133189,True,4,0,1.0,,10,10,1.0,1.0,,,,,,,,,,,,,,
glm53flash,descriptive,openscad,0024/00249966,True,4,0,1.0,,8,8,0.7777777777777778,0.8888888888888888,,,,,,,,,,,,,,
glm53flash,descriptive,openscad,0004/00042777,True,3,0,0.75,,10,10,1.0,0.875,,,,,,,,,,,,,,
glm53flash,descriptive,openscad,0055/00553999,True,2,0,0.5,,4,4,0.3333333333333333,0.41666666666666663,,,,,,,,,,,,,,
glm53flash,descriptive,openscad,0068/00681400,True,4,0,1.0,,8,8,0.7777777777777778,0.8888888888888888,,,,,,,,,,,,,,
glm53flash,descriptive,openscad,0071/00714935,True,4,0,1.0,,10,10,1.0,1.0,,,,,,,,,,,,,,
glm53flash,descriptive,openscad,0022/00227442,True,1,0,0.25,,6,6,0.5555555555555556,0.4027777777777778,,,,,,,,,,,,,,
glm53flash,descriptive,openscad,0039/00397627,True,4,0,1.0,,4,4,0.3333333333333333,0.6666666666666666,,,,,,,,,,,,,,
glm53flash,descriptive,openscad,0026/00268024,True,3,0,0.75,,10,10,1.0,0.875,,,,,,,,,,,,,,
glm53flash,descriptive,openscad,0007/00073282,True,2,0,0.5,,8,8,0.7777777777777778,0.6388888888888888,,,,,,,,,,,,,,
glm53flash,descriptive,openscad,0036/00369868,True,4,0,1.0,,4,4,0.3333333333333333,0.6666666666666666,,,,,,,,,,,,,,
glm53flash,descriptive,openscad,0084/00844862,True,4,0,1.0,,10,10,1.0,1.0,,,,,,,,,,,,,,
glm53flash,descriptive,openscad,0026/00268027,True,4,0,1.0,,10,10,1.0,1.0,,,,,,,,,,,,,,
glm53flash,descriptive,openscad,0092/00925049,True,1,0,0.25,,6,6,0.5555555555555556,0.4027777777777778,,,,,,,,,,,,,,
glm53flash,descriptive,openscad,0072/00725542,True,4,0,1.0,,10,10,1.0,1.0,,,,,,,,,,,,,,
glm53flash,descriptive,openscad,0015/00150938,True,4,0,1.0,,10,10,1.0,1.0,,,,,,,,,,,,,,
glm53flash,descriptive,openscad,0072/00726429,True,4,0,1.0,,1,1,0.0,0.5,,,,,,,,,,,,,,
glm53flash,descriptive,openscad,0065/00657969,True,4,0,1.0,,10,10,1.0,1.0,,,,,,,,,,,,,,
glm53flash,descriptive,openscad,0031/00310774,True,4,0,1.0,,10,10,1.0,1.0,,,,,,,,,,,,,,
glm53flash,descriptive,openscad,0061/00618813,True,4,0,1.0,,10,10,1.0,1.0,,,,,,,,,,,,,,
glm53flash,descriptive,openscad,0030/00307386,True,2,0,0.5,,6,6,0.5555555555555556,0.5277777777777778,,,,,,,,,,,,,,
glm53flash,descriptive,openscad,0072/00724192,True,4,0,1.0,,10,10,1.0,1.0,,,,,,,,,,,,,,
glm53flash,descriptive,openscad,0018/00189804,False,0,0,0.0,,1.0,,0.0,0.0,,,,,,,,,,,,,,
glm53flash,descriptive,openscad,0080/00807326,True,4,0,1.0,,10,10,1.0,1.0,,,,,,,,,,,,,,
glm53flash,descriptive,openscad,0078/00789364,True,4,0,1.0,,10,10,1.0,1.0,,,,,,,,,,,,,,
glm53flash,descriptive,openscad,0002/00029952,True,3,0,0.75,,8,8,0.7777777777777778,0.7638888888888888,,,,,,,,,,,,,,
glm53flash,descriptive,openscad,0005/00051224,True,4,0,1.0,,10,10,1.0,1.0,,,,,,,,,,,,,,
glm53flash,descriptive,openscad,0087/00873073,True,4,0,1.0,,10,10,1.0,1.0,,,,,,,,,,,,,,
glm53flash,descriptive,openscad,0077/00779770,True,4,0,1.0,,4,4,0.3333333333333333,0.6666666666666666,,,,,,,,,,,,,,
glm53flash,descriptive,openscad,0077/00778195,True,3,0,0.75,,10,10,1.0,0.875,,,,,,,,,,,,,,
glm53flash,descriptive,openscad,0039/00397628,True,4,0,1.0,,4,4,0.3333333333333333,0.6666666666666666,,,,,,,,,,,,,,
glm53flash,descriptive,openscad,0008/00089777,True,4,0,1.0,,10,10,1.0,1.0,,,,,,,,,,,,,,
glm53flash,descriptive,openscad,0075/00758810,True,4,0,1.0,,6,6,0.5555555555555556,0.7777777777777778,,,,,,,,,,,,,,
glm53flash,descriptive,openscad,0028/00284926,True,4,0,1.0,,10,10,1.0,1.0,,,,,,,,,,,,,,
glm53flash,descriptive,openscad,0074/00741629,False,0,0,0.0,,1.0,,0.0,0.0,,,,,,,,,,,,,,
glm53flash,descriptive,openscad,0097/00973497,True,4,0,1.0,,8,8,0.7777777777777778,0.8888888888888888,,,,,,,,,,,,,,
glm53flash,descriptive,openscad,0047/00474303,True,4,0,1.0,,10,10,1.0,1.0,,,,,,,,,,,,,,
glm53flash,descriptive,openscad,0061/00616188,True,4,0,1.0,,8,8,0.7777777777777778,0.8888888888888888,,,,,,,,,,,,,,
glm53flash,descriptive,openscad,0005/00051572,True,4,0,1.0,,10,10,1.0,1.0,,,,,,,,,,,,,,
glm53flash,descriptive,openscad,0025/00253807,True,4,0,1.0,,8,8,0.7777777777777778,0.8888888888888888,,,,,,,,,,,,,,
glm53flash,descriptive,openscad,0024/00242128,True,0,0,0.0,,3,3,0.2222222222222222,0.1111111111111111,,,,,,,,,,,,,,
glm53flash,descriptive,openscad,0029/00292492,True,4,0,1.0,,2,2,0.1111111111111111,0.5555555555555556,,,,,,,,,,,,,,
glm53flash,descriptive,openscad,0054/00547865,True,4,0,1.0,,2,2,0.1111111111111111,0.5555555555555556,,,,,,,,,,,,,,
glm53flash,descriptive,openscad,0005/00052091,True,3,0,0.75,,4,4,0.3333333333333333,0.5416666666666666,,,,,,,,,,,,,,
glm53flash,descriptive,openscad,0034/00344679,True,4,0,1.0,,10,10,1.0,1.0,,,,,,,,,,,,,,
glm53flash,descriptive,openscad,0092/00923543,True,4,0,1.0,,8,8,0.7777777777777778,0.8888888888888888,,,,,,,,,,,,,,
glm53flash,descriptive,openscad,0024/00242859,True,4,0,1.0,,4,4,0.3333333333333333,0.6666666666666666,,,,,,,,,,,,,,
glm53flash,descriptive,openscad,0079/00790247,True,4,0,1.0,,10,10,1.0,1.0,,,,,,,,,,,,,,
glm53flash,descriptive,openscad,0084/00843879,True,4,0,1.0,,10,10,1.0,1.0,,,,,,,,,,,,,,
glm53flash,descriptive,openscad,0010/00108226,True,4,0,1.0,,7,7,0.6666666666666666,0.8333333333333333,,,,,,,,,,,,,,
glm53flash,descriptive,openscad,0026/00268031,False,0,0,0.0,,1.0,,0.0,0.0,,,,,,,,,,,,,,
glm53flash,descriptive,openscad,0022/00225399,True,4,0,1.0,,10,10,1.0,1.0,,,,,,,,,,,,,,
glm53flash,descriptive,openscad,0057/00570258,True,4,0,1.0,,10,10,1.0,1.0,,,,,,,,,,,,,,
glm53flash,descriptive,openscad,0010/00101896,True,1,0,0.25,,4,4,0.3333333333333333,0.29166666666666663,,,,,,,,,,,,,,
glm53flash,descriptive,openscad,0061/00619989,True,4,0,1.0,,10,10,1.0,1.0,,,,,,,,,,,,,,
glm53flash,descriptive,openscad,0022/00226013,True,4,0,1.0,,10,10,1.0,1.0,,,,,,,,,,,,,,
glm53flash,descriptive,openscad,0052/00523563,True,4,0,1.0,,10,10,1.0,1.0,,,,,,,,,,,,,,
glm53flash,descriptive,openscad,0036/00361447,True,4,0,1.0,,10,10,1.0,1.0,,,,,,,,,,,,,,
glm53flash,descriptive,openscad,0070/00709862,True,4,0,1.0,,8,8,0.7777777777777778,0.8888888888888888,,,,,,,,,,,,,,
glm53flash,descriptive,openscad,0054/00541109,True,4,0,1.0,,6,6,0.5555555555555556,0.7777777777777778,,,,,,,,,,,,,,
glm53flash,descriptive,openscad,0086/00866616,True,4,0,1.0,,7,7,0.6666666666666666,0.8333333333333333,,,,,,,,,,,,,,
glm53flash,descriptive,openscad,0027/00279318,True,3,0,0.75,,10,10,1.0,0.875,,,,,,,,,,,,,,
glm53flash,descriptive,openscad,0082/00827203,True,4,0,1.0,,5,5,0.4444444444444444,0.7222222222222222,,,,,,,,,,,,,,
glm53flash,descriptive,openscad,0039/00391450,True,3,0,0.75,,4,4,0.3333333333333333,0.5416666666666666,,,,,,,,,,,,,,
glm53flash,descriptive,openscad,0013/00135378,True,3,0,0.75,,10,10,1.0,0.875,,,,,,,,,,,,,,
glm53flash,descriptive,openscad,0093/00934405,True,4,0,1.0,,10,10,1.0,1.0,,,,,,,,,,,,,,
glm53flash,descriptive,openscad,0056/00568816,True,4,0,1.0,,4,4,0.3333333333333333,0.6666666666666666,,,,,,,,,,,,,,
glm53flash,descriptive,openscad,0072/00728052,True,4,0,1.0,,4,4,0.3333333333333333,0.6666666666666666,,,,,,,,,,,,,,
glm53flash,descriptive,openscad,0021/00210983,True,4,0,1.0,,10,10,1.0,1.0,,,,,,,,,,,,,,
glm53flash,descriptive,openscad,0046/00460772,True,2,0,0.5,,8,8,0.7777777777777778,0.6388888888888888,,,,,,,,,,,,,,
doubao21,descriptive,json,0085/00852511,True,4,0,1.0,,10,10,1.0,1.0,,,,,,,,,,,,,,
doubao21,descriptive,json,0009/00099014,True,4,0,1.0,,10,10,1.0,1.0,,,,,,,,,,,,,,
doubao21,descriptive,json,0071/00710826,True,3,0,0.75,,10,10,1.0,0.875,,,,,,,,,,,,,,
doubao21,descriptive,json,0005/00057589,True,4,0,1.0,,10,10,1.0,1.0,,,,,,,,,,,,,,
doubao21,descriptive,json,0015/00155951,True,4,0,1.0,,10,10,1.0,1.0,,,,,,,,,,,,,,
doubao21,descriptive,json,0013/00134405,True,4,0,1.0,,10,10,1.0,1.0,,,,,,,,,,,,,,
doubao21,descriptive,json,0053/00531353,True,3,0,0.75,,4,4,0.3333333333333333,0.5416666666666666,,,,,,,,,,,,,,
doubao21,descriptive,json,0094/00941813,True,3,0,0.75,,10,10,1.0,0.875,,,,,,,,,,,,,,
doubao21,descriptive,json,0081/00817410,True,4,0,1.0,,10,10,1.0,1.0,,,,,,,,,,,,,,
doubao21,descriptive,json,0045/00457640,True,3,0,0.75,,10,10,1.0,0.875,,,,,,,,,,,,,,
doubao21,descriptive,json,0047/00478097,True,4,0,1.0,,10,10,1.0,1.0,,,,,,,,,,,,,,
doubao21,descriptive,json,0013/00135353,True,4,0,1.0,,10,10,1.0,1.0,,,,,,,,,,,,,,
doubao21,descriptive,json,0062/00621494,True,4,0,1.0,,10,10,1.0,1.0,,,,,,,,,,,,,,
doubao21,descriptive,json,0016/00169954,True,4,0,1.0,,8,8,0.7777777777777778,0.8888888888888888,,,,,,,,,,,,,,
doubao21,descriptive,json,0039/00390147,False,0,0,0.0,,1.0,,0.0,0.0,,,,,,,,,,,,,,
doubao21,descriptive,json,0089/00895528,True,4,0,1.0,,4,4,0.3333333333333333,0.6666666666666666,,,,,,,,,,,,,,
doubao21,descriptive,json,0030/00306122,True,4,0,1.0,,4,4,0.3333333333333333,0.6666666666666666,,,,,,,,,,,,,,
doubao21,descriptive,json,0070/00706059,True,4,0,1.0,,10,10,1.0,1.0,,,,,,,,,,,,,,
doubao21,descriptive,json,0008/00086411,True,4,0,1.0,,10,10,1.0,1.0,,,,,,,,,,,,,,
doubao21,descriptive,json,0073/00732007,True,4,0,1.0,,10,10,1.0,1.0,,,,,,,,,,,,,,
doubao21,descriptive,json,0010/00103639,True,4,0,1.0,,10,10,1.0,1.0,,,,,,,,,,,,,,
doubao21,descriptive,json,0019/00199917,True,3,0,0.75,,6,6,0.5555555555555556,0.6527777777777778,,,,,,,,,,,,,,
doubao21,descriptive,json,0035/00350534,True,3,0,0.75,,6,6,0.5555555555555556,0.6527777777777778,,,,,,,,,,,,,,
doubao21,descriptive,json,0043/00431078,True,3,0,0.75,,6,6,0.5555555555555556,0.6527777777777778,,,,,,,,,,,,,,
doubao21,descriptive,json,0073/00737056,True,4,0,1.0,,4,4,0.3333333333333333,0.6666666666666666,,,,,,,,,,,,,,
doubao21,descriptive,json,0078/00788594,True,3,0,0.75,,8,8,0.7777777777777778,0.7638888888888888,,,,,,,,,,,,,,
doubao21,descriptive,json,0067/00677148,True,4,0,1.0,,3,3,0.2222222222222222,0.6111111111111112,,,,,,,,,,,,,,
doubao21,descriptive,json,0093/00937375,True,4,0,1.0,,10,10,1.0,1.0,,,,,,,,,,,,,,
doubao21,descriptive,json,0072/00726428,True,4,0,1.0,,1,1,0.0,0.5,,,,,,,,,,,,,,
doubao21,descriptive,json,0049/00497058,True,3,0,0.75,,6,6,0.5555555555555556,0.6527777777777778,,,,,,,,,,,,,,
doubao21,descriptive,json,0013/00133189,True,4,0,1.0,,10,10,1.0,1.0,,,,,,,,,,,,,,
doubao21,descriptive,json,0024/00249966,True,4,0,1.0,,10,10,1.0,1.0,,,,,,,,,,,,,,
doubao21,descriptive,json,0004/00042777,True,4,0,1.0,,6,6,0.5555555555555556,0.7777777777777778,,,,,,,,,,,,,,
doubao21,descriptive,json,0055/00553999,True,4,0,1.0,,10,10,1.0,1.0,,,,,,,,,,,,,,
doubao21,descriptive,json,0068/00681400,True,3,0,0.75,,8,8,0.7777777777777778,0.7638888888888888,,,,,,,,,,,,,,
doubao21,descriptive,json,0071/00714935,True,4,0,1.0,,10,10,1.0,1.0,,,,,,,,,,,,,,
doubao21,descriptive,json,0022/00227442,True,3,0,0.75,,10,10,1.0,0.875,,,,,,,,,,,,,,
doubao21,descriptive,json,0039/00397627,True,4,0,1.0,,4,4,0.3333333333333333,0.6666666666666666,,,,,,,,,,,,,,
doubao21,descriptive,json,0026/00268024,True,2,0,0.5,,8,8,0.7777777777777778,0.6388888888888888,,,,,,,,,,,,,,
doubao21,descriptive,json,0007/00073282,True,1,0,0.25,,4,4,0.3333333333333333,0.29166666666666663,,,,,,,,,,,,,,
doubao21,descriptive,json,0036/00369868,True,4,0,1.0,,10,10,1.0,1.0,,,,,,,,,,,,,,
doubao21,descriptive,json,0084/00844862,True,4,0,1.0,,8,8,0.7777777777777778,0.8888888888888888,,,,,,,,,,,,,,
doubao21,descriptive,json,0026/00268027,True,2,0,0.5,,8,8,0.7777777777777778,0.6388888888888888,,,,,,,,,,,,,,
doubao21,descriptive,json,0092/00925049,True,4,0,1.0,,10,10,1.0,1.0,,,,,,,,,,,,,,
doubao21,descriptive,json,0072/00725542,True,3,0,0.75,,10,10,1.0,0.875,,,,,,,,,,,,,,
doubao21,descriptive,json,0015/00150938,True,4,0,1.0,,10,10,1.0,1.0,,,,,,,,,,,,,,
doubao21,descriptive,json,0072/00726429,True,4,0,1.0,,1,1,0.0,0.5,,,,,,,,,,,,,,
doubao21,descriptive,json,0065/00657969,True,4,0,1.0,,6,6,0.5555555555555556,0.7777777777777778,,,,,,,,,,,,,,
doubao21,descriptive,json,0031/00310774,True,4,0,1.0,,10,10,1.0,1.0,,,,,,,,,,,,,,
doubao21,descriptive,json,0061/00618813,True,3,0,0.75,,10,10,1.0,0.875,,,,,,,,,,,,,,
doubao21,descriptive,json,0030/00307386,True,4,0,1.0,,10,10,1.0,1.0,,,,,,,,,,,,,,
doubao21,descriptive,json,0072/00724192,True,4,0,1.0,,8,8,0.7777777777777778,0.8888888888888888,,,,,,,,,,,,,,
doubao21,descriptive,json,0018/00189804,True,1,0,0.25,,8,8,0.7777777777777778,0.5138888888888888,,,,,,,,,,,,,,
doubao21,descriptive,json,0080/00807326,True,4,0,1.0,,10,10,1.0,1.0,,,,,,,,,,,,,,
doubao21,descriptive,json,0078/00789364,True,4,0,1.0,,10,10,1.0,1.0,,,,,,,,,,,,,,
doubao21,descriptive,json,0002/00029952,True,2,0,0.5,,8,8,0.7777777777777778,0.6388888888888888,,,,,,,,,,,,,,
doubao21,descriptive,json,0005/00051224,True,4,0,1.0,,8,8,0.7777777777777778,0.8888888888888888,,,,,,,,,,,,,,
doubao21,descriptive,json,0087/00873073,True,4,0,1.0,,6,6,0.5555555555555556,0.7777777777777778,,,,,,,,,,,,,,
doubao21,descriptive,json,0077/00779770,True,3,0,0.75,,4,4,0.3333333333333333,0.5416666666666666,,,,,,,,,,,,,,
doubao21,descriptive,json,0077/00778195,True,4,0,1.0,,10,10,1.0,1.0,,,,,,,,,,,,,,
doubao21,descriptive,json,0039/00397628,True,4,0,1.0,,2,2,0.1111111111111111,0.5555555555555556,,,,,,,,,,,,,,
doubao21,descriptive,json,0008/00089777,True,2,0,0.5,,4,4,0.3333333333333333,0.41666666666666663,,,,,,,,,,,,,,
doubao21,descriptive,json,0075/00758810,True,4,0,1.0,,4,4,0.3333333333333333,0.6666666666666666,,,,,,,,,,,,,,
doubao21,descriptive,json,0028/00284926,True,4,0,1.0,,10,10,1.0,1.0,,,,,,,,,,,,,,
doubao21,descriptive,json,0074/00741629,True,4,0,1.0,,6,6,0.5555555555555556,0.7777777777777778,,,,,,,,,,,,,,
doubao21,descriptive,json,0097/00973497,True,4,0,1.0,,10,10,1.0,1.0,,,,,,,,,,,,,,
doubao21,descriptive,json,0047/00474303,True,3,0,0.75,,10,10,1.0,0.875,,,,,,,,,,,,,,
doubao21,descriptive,json,0061/00616188,True,4,0,1.0,,6,6,0.5555555555555556,0.7777777777777778,,,,,,,,,,,,,,
doubao21,descriptive,json,0005/00051572,True,3,0,0.75,,6,6,0.5555555555555556,0.6527777777777778,,,,,,,,,,,,,,
doubao21,descriptive,json,0025/00253807,True,4,0,1.0,,6,6,0.5555555555555556,0.7777777777777778,,,,,,,,,,,,,,
doubao21,descriptive,json,0024/00242128,True,3,0,0.75,,8,8,0.7777777777777778,0.7638888888888888,,,,,,,,,,,,,,
doubao21,descriptive,json,0029/00292492,True,4,0,1.0,,10,10,1.0,1.0,,,,,,,,,,,,,,
doubao21,descriptive,json,0054/00547865,True,3,0,0.75,,10,10,1.0,0.875,,,,,,,,,,,,,,
doubao21,descriptive,json,0005/00052091,True,4,0,1.0,,10,10,1.0,1.0,,,,,,,,,,,,,,
doubao21,descriptive,json,0034/00344679,True,4,0,1.0,,10,10,1.0,1.0,,,,,,,,,,,,,,
doubao21,descriptive,json,0092/00923543,True,4,0,1.0,,10,10,1.0,1.0,,,,,,,,,,,,,,
doubao21,descriptive,json,0024/00242859,True,4,0,1.0,,6,6,0.5555555555555556,0.7777777777777778,,,,,,,,,,,,,,
doubao21,descriptive,json,0079/00790247,True,4,0,1.0,,10,10,1.0,1.0,,,,,,,,,,,,,,
doubao21,descriptive,json,0084/00843879,True,4,0,1.0,,10,10,1.0,1.0,,,,,,,,,,,,,,
doubao21,descriptive,json,0010/00108226,True,3,0,0.75,,6,6,0.5555555555555556,0.6527777777777778,,,,,,,,,,,,,,
doubao21,descriptive,json,0026/00268031,True,2,0,0.5,,10,10,1.0,0.75,,,,,,,,,,,,,,
doubao21,descriptive,json,0022/00225399,True,4,0,1.0,,10,10,1.0,1.0,,,,,,,,,,,,,,
doubao21,descriptive,json,0057/00570258,True,4,0,1.0,,10,10,1.0,1.0,,,,,,,,,,,,,,
doubao21,descriptive,json,0010/00101896,True,4,0,1.0,,10,10,1.0,1.0,,,,,,,,,,,,,,
doubao21,descriptive,json,0061/00619989,True,4,0,1.0,,10,10,1.0,1.0,,,,,,,,,,,,,,
doubao21,descriptive,json,0022/00226013,True,4,0,1.0,,10,10,1.0,1.0,,,,,,,,,,,,,,
doubao21,descriptive,json,0052/00523563,True,3,0,0.75,,8,8,0.7777777777777778,0.7638888888888888,,,,,,,,,,,,,,
doubao21,descriptive,json,0036/00361447,True,3,0,0.75,,8,8,0.7777777777777778,0.7638888888888888,,,,,,,,,,,,,,
doubao21,descriptive,json,0070/00709862,True,0,0,0.0,,3,3,0.2222222222222222,0.1111111111111111,,,,,,,,,,,,,,
doubao21,descriptive,json,0054/00541109,True,4,0,1.0,,6,6,0.5555555555555556,0.7777777777777778,,,,,,,,,,,,,,
doubao21,descriptive,json,0086/00866616,True,3,0,0.75,,7,7,0.6666666666666666,0.7083333333333333,,,,,,,,,,,,,,
doubao21,descriptive,json,0027/00279318,True,4,0,1.0,,10,10,1.0,1.0,,,,,,,,,,,,,,
doubao21,descriptive,json,0082/00827203,True,4,0,1.0,,5,5,0.4444444444444444,0.7222222222222222,,,,,,,,,,,,,,
doubao21,descriptive,json,0039/00391450,True,3,0,0.75,,4,4,0.3333333333333333,0.5416666666666666,,,,,,,,,,,,,,
doubao21,descriptive,json,0013/00135378,True,4,0,1.0,,10,10,1.0,1.0,,,,,,,,,,,,,,
doubao21,descriptive,json,0093/00934405,True,4,0,1.0,,10,10,1.0,1.0,,,,,,,,,,,,,,
doubao21,descriptive,json,0056/00568816,True,3,0,0.75,,3,3,0.2222222222222222,0.4861111111111111,,,,,,,,,,,,,,
doubao21,descriptive,json,0072/00728052,True,4,0,1.0,,10,10,1.0,1.0,,,,,,,,,,,,,,
doubao21,descriptive,json,0021/00210983,True,4,0,1.0,,10,10,1.0,1.0,,,,,,,,,,,,,,
doubao21,descriptive,json,0046/00460772,True,4,0,1.0,,10,10,1.0,1.0,,,,,,,,,,,,,,
doubao21,descriptive,openscad,0085/00852511,True,4,0,1.0,,10,10,1.0,1.0,,,,,,,,,,,,,,
doubao21,descriptive,openscad,0009/00099014,True,4,0,1.0,,10,10,1.0,1.0,,,,,,,,,,,,,,
doubao21,descriptive,openscad,0071/00710826,True,4,0,1.0,,10,10,1.0,1.0,,,,,,,,,,,,,,
doubao21,descriptive,openscad,0005/00057589,True,4,0,1.0,,10,10,1.0,1.0,,,,,,,,,,,,,,
doubao21,descriptive,openscad,0015/00155951,True,4,0,1.0,,10,10,1.0,1.0,,,,,,,,,,,,,,
doubao21,descriptive,openscad,0013/00134405,True,4,0,1.0,,10,10,1.0,1.0,,,,,,,,,,,,,,
doubao21,descriptive,openscad,0053/00531353,True,3,0,0.75,,4,4,0.3333333333333333,0.5416666666666666,,,,,,,,,,,,,,
doubao21,descriptive,openscad,0094/00941813,True,4,0,1.0,,10,10,1.0,1.0,,,,,,,,,,,,,,
doubao21,descriptive,openscad,0081/00817410,True,4,0,1.0,,10,10,1.0,1.0,,,,,,,,,,,,,,
doubao21,descriptive,openscad,0045/00457640,True,4,0,1.0,,10,10,1.0,1.0,,,,,,,,,,,,,,
doubao21,descriptive,openscad,0047/00478097,True,0,0,0.0,,6,6,0.5555555555555556,0.2777777777777778,,,,,,,,,,,,,,
doubao21,descriptive,openscad,0013/00135353,True,1,0,0.25,,8,8,0.7777777777777778,0.5138888888888888,,,,,,,,,,,,,,
doubao21,descriptive,openscad,0062/00621494,True,3,0,0.75,,4,4,0.3333333333333333,0.5416666666666666,,,,,,,,,,,,,,
doubao21,descriptive,openscad,0016/00169954,True,4,0,1.0,,10,10,1.0,1.0,,,,,,,,,,,,,,
doubao21,descriptive,openscad,0039/00390147,True,4,0,1.0,,10,10,1.0,1.0,,,,,,,,,,,,,,
doubao21,descriptive,openscad,0089/00895528,True,4,0,1.0,,10,10,1.0,1.0,,,,,,,,,,,,,,
doubao21,descriptive,openscad,0030/00306122,True,4,0,1.0,,4,4,0.3333333333333333,0.6666666666666666,,,,,,,,,,,,,,
doubao21,descriptive,openscad,0070/00706059,True,4,0,1.0,,10,10,1.0,1.0,,,,,,,,,,,,,,
doubao21,descriptive,openscad,0008/00086411,True,4,0,1.0,,10,10,1.0,1.0,,,,,,,,,,,,,,
doubao21,descriptive,openscad,0073/00732007,True,4,0,1.0,,10,10,1.0,1.0,,,,,,,,,,,,,,
doubao21,descriptive,openscad,0010/00103639,True,4,0,1.0,,10,10,1.0,1.0,,,,,,,,,,,,,,
doubao21,descriptive,openscad,0019/00199917,True,4,0,1.0,,10,10,1.0,1.0,,,,,,,,,,,,,,
doubao21,descriptive,openscad,0035/00350534,True,4,0,1.0,,8,8,0.7777777777777778,0.8888888888888888,,,,,,,,,,,,,,
doubao21,descriptive,openscad,0043/00431078,True,4,0,1.0,,6,6,0.5555555555555556,0.7777777777777778,,,,,,,,,,,,,,
doubao21,descriptive,openscad,0073/00737056,True,4,0,1.0,,4,4,0.3333333333333333,0.6666666666666666,,,,,,,,,,,,,,
doubao21,descriptive,openscad,0078/00788594,True,4,0,1.0,,8,8,0.7777777777777778,0.8888888888888888,,,,,,,,,,,,,,
doubao21,descriptive,openscad,0067/00677148,True,4,0,1.0,,4,4,0.3333333333333333,0.6666666666666666,,,,,,,,,,,,,,
doubao21,descriptive,openscad,0093/00937375,True,4,0,1.0,,10,10,1.0,1.0,,,,,,,,,,,,,,
doubao21,descriptive,openscad,0072/00726428,True,4,0,1.0,,1,1,0.0,0.5,,,,,,,,,,,,,,
doubao21,descriptive,openscad,0049/00497058,True,4,0,1.0,,10,10,1.0,1.0,,,,,,,,,,,,,,
doubao21,descriptive,openscad,0013/00133189,True,4,0,1.0,,10,10,1.0,1.0,,,,,,,,,,,,,,
doubao21,descriptive,openscad,0024/00249966,True,4,0,1.0,,10,10,1.0,1.0,,,,,,,,,,,,,,
doubao21,descriptive,openscad,0004/00042777,True,4,0,1.0,,10,10,1.0,1.0,,,,,,,,,,,,,,
doubao21,descriptive,openscad,0055/00553999,True,4,0,1.0,,7,7,0.6666666666666666,0.8333333333333333,,,,,,,,,,,,,,
doubao21,descriptive,openscad,0068/00681400,True,4,0,1.0,,8,8,0.7777777777777778,0.8888888888888888,,,,,,,,,,,,,,
doubao21,descriptive,openscad,0071/00714935,True,4,0,1.0,,10,10,1.0,1.0,,,,,,,,,,,,,,
doubao21,descriptive,openscad,0022/00227442,True,4,0,1.0,,10,10,1.0,1.0,,,,,,,,,,,,,,
doubao21,descriptive,openscad,0039/00397627,True,4,0,1.0,,4,4,0.3333333333333333,0.6666666666666666,,,,,,,,,,,,,,
doubao21,descriptive,openscad,0026/00268024,True,4,0,1.0,,10,10,1.0,1.0,,,,,,,,,,,,,,
doubao21,descriptive,openscad,0007/00073282,True,4,0,1.0,,10,10,1.0,1.0,,,,,,,,,,,,,,
doubao21,descriptive,openscad,0036/00369868,True,4,0,1.0,,8,8,0.7777777777777778,0.8888888888888888,,,,,,,,,,,,,,
doubao21,descriptive,openscad,0084/00844862,True,4,0,1.0,,10,10,1.0,1.0,,,,,,,,,,,,,,
doubao21,descriptive,openscad,0026/00268027,True,3,0,0.75,,4,4,0.3333333333333333,0.5416666666666666,,,,,,,,,,,,,,
doubao21,descriptive,openscad,0092/00925049,True,4,0,1.0,,10,10,1.0,1.0,,,,,,,,,,,,,,
doubao21,descriptive,openscad,0072/00725542,True,4,0,1.0,,10,10,1.0,1.0,,,,,,,,,,,,,,
doubao21,descriptive,openscad,0015/00150938,True,4,0,1.0,,10,10,1.0,1.0,,,,,,,,,,,,,,
doubao21,descriptive,openscad,0072/00726429,True,4,0,1.0,,1,1,0.0,0.5,,,,,,,,,,,,,,
doubao21,descriptive,openscad,0065/00657969,True,4,0,1.0,,4,4,0.3333333333333333,0.6666666666666666,,,,,,,,,,,,,,
doubao21,descriptive,openscad,0031/00310774,True,4,0,1.0,,10,10,1.0,1.0,,,,,,,,,,,,,,
doubao21,descriptive,openscad,0061/00618813,True,2,0,0.5,,4,4,0.3333333333333333,0.41666666666666663,,,,,,,,,,,,,,
doubao21,descriptive,openscad,0030/00307386,True,4,0,1.0,,10,10,1.0,1.0,,,,,,,,,,,,,,
doubao21,descriptive,openscad,0072/00724192,True,3,0,0.75,,5,5,0.4444444444444444,0.5972222222222222,,,,,,,,,,,,,,
doubao21,descriptive,openscad,0018/00189804,True,4,0,1.0,,10,10,1.0,1.0,,,,,,,,,,,,,,
doubao21,descriptive,openscad,0080/00807326,True,4,0,1.0,,4,4,0.3333333333333333,0.6666666666666666,,,,,,,,,,,,,,
doubao21,descriptive,openscad,0078/00789364,True,4,0,1.0,,10,10,1.0,1.0,,,,,,,,,,,,,,
doubao21,descriptive,openscad,0002/00029952,True,2,0,0.5,,10,10,1.0,0.75,,,,,,,,,,,,,,
doubao21,descriptive,openscad,0005/00051224,True,4,0,1.0,,10,10,1.0,1.0,,,,,,,,,,,,,,
doubao21,descriptive,openscad,0087/00873073,True,0,0,0.0,,1,1,0.0,0.0,,,,,,,,,,,,,,
doubao21,descriptive,openscad,0077/00779770,True,4,0,1.0,,4,4,0.3333333333333333,0.6666666666666666,,,,,,,,,,,,,,
doubao21,descriptive,openscad,0077/00778195,True,3,0,0.75,,8,8,0.7777777777777778,0.7638888888888888,,,,,,,,,,,,,,
doubao21,descriptive,openscad,0039/00397628,True,4,0,1.0,,2,2,0.1111111111111111,0.5555555555555556,,,,,,,,,,,,,,
doubao21,descriptive,openscad,0008/00089777,True,4,0,1.0,,10,10,1.0,1.0,,,,,,,,,,,,,,
doubao21,descriptive,openscad,0075/00758810,True,4,0,1.0,,4,4,0.3333333333333333,0.6666666666666666,,,,,,,,,,,,,,
doubao21,descriptive,openscad,0028/00284926,True,4,0,1.0,,10,10,1.0,1.0,,,,,,,,,,,,,,
doubao21,descriptive,openscad,0074/00741629,True,4,0,1.0,,8,8,0.7777777777777778,0.8888888888888888,,,,,,,,,,,,,,
doubao21,descriptive,openscad,0097/00973497,True,4,0,1.0,,8,8,0.7777777777777778,0.8888888888888888,,,,,,,,,,,,,,
doubao21,descriptive,openscad,0047/00474303,True,4,0,1.0,,8,8,0.7777777777777778,0.8888888888888888,,,,,,,,,,,,,,
doubao21,descriptive,openscad,0061/00616188,True,4,0,1.0,,7,7,0.6666666666666666,0.8333333333333333,,,,,,,,,,,,,,
doubao21,descriptive,openscad,0005/00051572,True,4,0,1.0,,10,10,1.0,1.0,,,,,,,,,,,,,,
doubao21,descriptive,openscad,0025/00253807,True,4,0,1.0,,4,4,0.3333333333333333,0.6666666666666666,,,,,,,,,,,,,,
doubao21,descriptive,openscad,0024/00242128,True,4,0,1.0,,10,10,1.0,1.0,,,,,,,,,,,,,,
doubao21,descriptive,openscad,0029/00292492,True,4,0,1.0,,10,10,1.0,1.0,,,,,,,,,,,,,,
doubao21,descriptive,openscad,0054/00547865,True,4,0,1.0,,10,10,1.0,1.0,,,,,,,,,,,,,,
doubao21,descriptive,openscad,0005/00052091,True,4,0,1.0,,5,5,0.4444444444444444,0.7222222222222222,,,,,,,,,,,,,,
doubao21,descriptive,openscad,0034/00344679,True,4,0,1.0,,10,10,1.0,1.0,,,,,,,,,,,,,,
doubao21,descriptive,openscad,0092/00923543,True,4,0,1.0,,10,10,1.0,1.0,,,,,,,,,,,,,,
doubao21,descriptive,openscad,0024/00242859,True,4,0,1.0,,6,6,0.5555555555555556,0.7777777777777778,,,,,,,,,,,,,,
doubao21,descriptive,openscad,0079/00790247,True,4,0,1.0,,10,10,1.0,1.0,,,,,,,,,,,,,,
doubao21,descriptive,openscad,0084/00843879,True,4,0,1.0,,10,10,1.0,1.0,,,,,,,,,,,,,,
doubao21,descriptive,openscad,0010/00108226,True,4,0,1.0,,7,7,0.6666666666666666,0.8333333333333333,,,,,,,,,,,,,,
doubao21,descriptive,openscad,0026/00268031,True,4,0,1.0,,10,10,1.0,1.0,,,,,,,,,,,,,,
doubao21,descriptive,openscad,0022/00225399,True,3,0,0.75,,8,8,0.7777777777777778,0.7638888888888888,,,,,,,,,,,,,,
doubao21,descriptive,openscad,0057/00570258,True,4,0,1.0,,10,10,1.0,1.0,,,,,,,,,,,,,,
doubao21,descriptive,openscad,0010/00101896,True,4,0,1.0,,10,10,1.0,1.0,,,,,,,,,,,,,,
doubao21,descriptive,openscad,0061/00619989,True,4,0,1.0,,9,9,0.8888888888888888,0.9444444444444444,,,,,,,,,,,,,,
doubao21,descriptive,openscad,0022/00226013,True,4,0,1.0,,10,10,1.0,1.0,,,,,,,,,,,,,,
doubao21,descriptive,openscad,0052/00523563,True,4,0,1.0,,10,10,1.0,1.0,,,,,,,,,,,,,,
doubao21,descriptive,openscad,0036/00361447,True,4,0,1.0,,10,10,1.0,1.0,,,,,,,,,,,,,,
doubao21,descriptive,openscad,0070/00709862,True,4,0,1.0,,10,10,1.0,1.0,,,,,,,,,,,,,,
doubao21,descriptive,openscad,0054/00541109,True,4,0,1.0,,6,6,0.5555555555555556,0.7777777777777778,,,,,,,,,,,,,,
doubao21,descriptive,openscad,0086/00866616,True,4,0,1.0,,7,7,0.6666666666666666,0.8333333333333333,,,,,,,,,,,,,,
doubao21,descriptive,openscad,0027/00279318,True,4,0,1.0,,10,10,1.0,1.0,,,,,,,,,,,,,,
doubao21,descriptive,openscad,0082/00827203,True,4,0,1.0,,4,4,0.3333333333333333,0.6666666666666666,,,,,,,,,,,,,,
doubao21,descriptive,openscad,0039/00391450,True,4,0,1.0,,4,4,0.3333333333333333,0.6666666666666666,,,,,,,,,,,,,,
doubao21,descriptive,openscad,0013/00135378,True,4,0,1.0,,10,10,1.0,1.0,,,,,,,,,,,,,,
doubao21,descriptive,openscad,0093/00934405,True,3,0,0.75,,10,10,1.0,0.875,,,,,,,,,,,,,,
doubao21,descriptive,openscad,0056/00568816,True,3,0,0.75,,4,4,0.3333333333333333,0.5416666666666666,,,,,,,,,,,,,,
doubao21,descriptive,openscad,0072/00728052,True,4,0,1.0,,10,10,1.0,1.0,,,,,,,,,,,,,,
doubao21,descriptive,openscad,0021/00210983,True,4,0,1.0,,8,8,0.7777777777777778,0.8888888888888888,,,,,,,,,,,,,,
doubao21,descriptive,openscad,0046/00460772,True,2,0,0.5,,4,4,0.3333333333333333,0.41666666666666663,,,,,,,,,,,,,,
glm53_official,parametric,json,0085/00852511,True,4,8,1.0,1.0,,,,1.0,1.0,0.000147,0.9853,0.9633,0.9714,0.7767,0.8759,1.0,1.0,1.0,True,False,0.9003,1.0
glm53_official,parametric,json,0009/00099014,True,4,8,1.0,1.0,,,,1.0,1.0,3.5e-05,0.9965,0.9985,1.0,0.787,0.9656,1.0,1.0,1.0,True,False,0.9369000000000001,1.0
glm53_official,parametric,json,0071/00710826,True,3,8,0.75,1.0,,,,0.9166666666666666,0.9166666666666666,0.01,0.0,0.0702,0.2342,0.0191,0.346,1.0,1.0,1.0,True,False,0.10882499999999999,1.0
glm53_official,parametric,json,0005/00057589,True,4,6,1.0,0.75,,,,0.8333333333333334,0.8333333333333334,9.2e-05,0.9908,0.7275,0.9854,0.7078,0.9183,1.0,1.0,1.0,True,False,0.8361000000000001,1.0
glm53_official,parametric,json,0015/00155951,True,4,8,1.0,1.0,,,,1.0,1.0,0.000528,0.9472,0.7067,0.8802,0.3262,0.7546,1.0,1.0,1.0,True,False,0.683675,1.0
glm53_official,parametric,json,0013/00134405,True,3,8,0.75,1.0,,,,0.9166666666666666,0.9166666666666666,0.000834,0.9166,0.4122,0.8488,0.4459,0.601,1.0,1.0,1.0,True,False,0.593925,1.0
glm53_official,parametric,json,0053/00531353,True,2,6,0.5,0.75,,,,0.6666666666666666,0.6666666666666666,0.002444,0.7556,0.5353,0.7277,0.2429,0.6401,1.0,1.0,1.0,True,False,0.543475,1.0
glm53_official,parametric,json,0094/00941813,True,4,8,1.0,1.0,,,,1.0,1.0,0.002785,0.7215,0.1638,0.5586,0.0415,0.6765,1.0,1.0,1.0,True,False,0.400825,1.0
glm53_official,parametric,json,0081/00817410,True,4,8,1.0,1.0,,,,1.0,1.0,0.000163,0.9837,0.7958,0.977,0.5315,0.8339,1.0,1.0,1.0,True,False,0.786225,1.0
glm53_official,parametric,json,0045/00457640,True,4,6,1.0,0.75,,,,0.8333333333333334,0.8333333333333334,0.000268,0.9732,0.4716,0.9796,0.2325,0.8828,1.0,1.0,1.0,True,False,0.640025,1.0
glm53_official,parametric,json,0047/00478097,True,4,8,1.0,1.0,,,,1.0,1.0,3.2e-05,0.9968,0.9726,0.9989,0.8211,0.9351,1.0,1.0,1.0,True,False,0.9314,1.0
glm53_official,parametric,json,0013/00135353,True,4,8,1.0,1.0,,,,1.0,1.0,0.000481,0.9519,0.5992,0.888,0.2745,0.727,1.0,1.0,1.0,True,False,0.63815,1.0
glm53_official,parametric,json,0062/00621494,True,4,8,1.0,1.0,,,,1.0,1.0,0.000529,0.9471,0.6141,0.8904,0.3878,0.8565,1.0,1.0,1.0,True,False,0.701375,1.0
glm53_official,parametric,json,0016/00169954,True,3,8,0.75,1.0,,,,0.9166666666666666,0.9166666666666666,0.002639,0.7361,0.1003,0.6891,0.1548,0.4553,1.0,1.0,1.0,True,False,0.361625,1.0
glm53_official,parametric,json,0039/00390147,True,4,8,1.0,1.0,,,,1.0,1.0,0.001004,0.8996,0.6005,0.8808,0.2886,0.6913,1.0,1.0,1.0,True,False,0.62,1.0
glm53_official,parametric,json,0089/00895528,True,4,6,1.0,0.75,,,,0.8333333333333334,0.8333333333333334,0.004976,0.5024,0.2632,0.4993,0.0366,0.5463,1.0,1.0,1.0,True,False,0.337125,1.0
glm53_official,parametric,json,0030/00306122,True,4,5,1.0,0.625,,,,0.75,0.75,0.001268,0.8732,0.3196,0.7806,0.098,0.5397,1.0,1.0,1.0,True,False,0.457625,1.0
glm53_official,parametric,json,0070/00706059,True,3,6,0.75,0.75,,,,0.75,0.75,0.000745,0.9255,0.7636,0.9022,0.2575,0.7945,1.0,1.0,1.0,True,False,0.685275,1.0
glm53_official,parametric,json,0008/00086411,True,3,8,0.75,1.0,,,,0.9166666666666666,0.9166666666666666,0.004501,0.5499,0.1237,0.4678,0.1249,0.3976,1.0,1.0,1.0,True,False,0.29902500000000004,1.0
glm53_official,parametric,json,0073/00732007,True,2,2,0.5,0.25,,,,0.3333333333333333,0.3333333333333333,0.001311,0.8689,0.4184,0.8766,0.3974,0.7687,1.0,1.0,1.0,True,False,0.6133500000000001,1.0
glm53_official,parametric,json,0010/00103639,True,4,6,1.0,0.75,,,,0.8333333333333334,0.8333333333333334,0.000224,0.9776,0.6595,0.9512,0.8246,0.7874,1.0,1.0,1.0,True,False,0.812275,1.0
glm53_official,parametric,json,0019/00199917,True,2,2,0.5,0.25,,,,0.3333333333333333,0.3333333333333333,0.001089,0.8911,0.6614,0.8887,0.3792,0.7264,1.0,1.0,1.0,True,False,0.664525,1.0
glm53_official,parametric,json,0035/00350534,True,3,7,0.75,0.875,,,,0.8333333333333334,0.8333333333333334,0.00213,0.787,0.3705,0.6526,0.2096,0.6747,1.0,1.0,1.0,True,False,0.51045,1.0
glm53_official,parametric,json,0043/00431078,True,3,7,0.75,0.875,,,,0.8333333333333334,0.8333333333333334,0.000839,0.9161,0.461,0.8589,0.3282,0.6997,1.0,1.0,0.999178,True,False,0.6012500000000001,0.999726
glm53_official,parametric,json,0073/00737056,True,4,8,1.0,1.0,,,,1.0,1.0,0.000768,0.9232,0.4575,0.9013,0.2735,0.8254,1.0,1.0,1.0,True,False,0.6199,1.0
glm53_official,parametric,json,0078/00788594,True,4,7,1.0,0.875,,,,0.9166666666666666,0.9166666666666666,0.000673,0.9327,0.4471,0.8202,0.2308,0.7504,1.0,1.0,1.0,True,False,0.5902499999999999,1.0
glm53_official,parametric,json,0067/00677148,True,2,6,0.5,0.75,,,,0.6666666666666666,0.6666666666666666,0.000922,0.9078,0.5252,0.8742,0.213,0.7494,1.0,1.0,1.0,True,False,0.59885,1.0
glm53_official,parametric,json,0093/00937375,True,3,8,0.75,1.0,,,,0.9166666666666666,0.9166666666666666,0.000286,0.9714,0.0,0.9754,0.4846,0.8113,0.0,1.0,0.998611,False,True,0.566825,0.6662036666666666
glm53_official,parametric,json,0072/00726428,True,4,2,1.0,0.25,,,,0.5,0.5,0.00289,0.711,0.3626,0.6249,0.0378,0.6403,1.0,1.0,1.0,True,False,0.437925,1.0
glm53_official,parametric,json,0049/00497058,True,4,8,1.0,1.0,,,,1.0,1.0,6.7e-05,0.9933,0.0,0.9982,0.6519,0.8602,1.0,1.0,1.0,False,True,0.62635,1.0
glm53_official,parametric,json,0013/00133189,True,4,8,1.0,1.0,,,,1.0,1.0,0.000949,0.9051,0.4167,0.7404,0.2852,0.5416,1.0,1.0,1.0,True,False,0.53715,1.0
glm53_official,parametric,json,0024/00249966,True,2,8,0.5,1.0,,,,0.8333333333333334,0.8333333333333334,0.001181,0.8819,0.5261,0.8006,0.229,0.6554,1.0,1.0,0.978308,True,False,0.5731,0.9927693333333334
glm53_official,parametric,json,0004/00042777,True,4,8,1.0,1.0,,,,1.0,1.0,0.003674,0.6326,0.3279,0.6389,0.3517,0.5065,1.0,1.0,1.0,True,False,0.454675,1.0
glm53_official,parametric,json,0055/00553999,True,4,7,1.0,0.875,,,,0.9166666666666666,0.9166666666666666,0.006891,0.31089999999999995,0.1773,0.3508,0.0226,0.5697,1.0,1.0,1.0,True,False,0.270125,1.0
glm53_official,parametric,json,0068/00681400,True,4,6,1.0,0.75,,,,0.8333333333333334,0.8333333333333334,0.000143,0.9857,0.7932,0.9736,0.6263,0.8181,1.0,1.0,1.0,True,False,0.805825,1.0
glm53_official,parametric,json,0071/00714935,True,4,7,1.0,0.875,,,,0.9166666666666666,0.9166666666666666,0.000747,0.9253,0.0,0.9439,0.3197,0.8886,1.0,1.0,1.0,False,True,0.5334,1.0
glm53_official,parametric,json,0022/00227442,True,3,7,0.75,0.875,,,,0.8333333333333334,0.8333333333333334,0.000223,0.9777,0.6626,0.9671,0.4984,0.8181,1.0,1.0,1.0,True,False,0.7392,1.0
glm53_official,parametric,json,0039/00397627,True,3,5,0.75,0.625,,,,0.6666666666666666,0.6666666666666666,0.003914,0.6086,0.4745,0.4955,0.183,0.5548,1.0,1.0,1.0,True,False,0.455225,1.0
glm53_official,parametric,json,0026/00268024,True,4,8,1.0,1.0,,,,1.0,1.0,2.1e-05,0.9979,0.9886,1.0,0.9012,0.9522,1.0,1.0,1.0,True,False,0.959975,1.0
glm53_official,parametric,json,0007/00073282,True,4,8,1.0,1.0,,,,1.0,1.0,0.003443,0.6557,0.048,0.6713,0.1546,0.6568,1.0,1.0,0.968491,True,False,0.378775,0.9894970000000001
glm53_official,parametric,json,0036/00369868,True,4,8,1.0,1.0,,,,1.0,1.0,0.000719,0.9281,0.6498,0.8517,0.2134,0.7133,1.0,1.0,1.0,True,False,0.62615,1.0
glm53_official,parametric,json,0084/00844862,True,3,8,0.75,1.0,,,,0.9166666666666666,0.9166666666666666,4.4e-05,0.9956,0.9615,1.0,0.747,0.9287,1.0,1.0,1.0,True,False,0.9082,1.0
glm53_official,parametric,json,0026/00268027,True,4,8,1.0,1.0,,,,1.0,1.0,5e-06,0.9995,0.9974,1.0,0.9952,0.962,1.0,1.0,1.0,True,False,0.988525,1.0
glm53_official,parametric,json,0092/00925049,True,4,7,1.0,0.875,,,,0.9166666666666666,0.9166666666666666,0.000203,0.9797,0.698,0.9701,0.4986,0.8523,1.0,1.0,1.0,True,False,0.75715,1.0
glm53_official,parametric,json,0072/00725542,True,4,6,1.0,0.75,,,,0.8333333333333334,0.8333333333333334,0.000784,0.9216,0.0,0.9108,0.4103,0.7966,1.0,1.0,1.0,False,True,0.532125,1.0
glm53_official,parametric,json,0015/00150938,True,3,8,0.75,1.0,,,,0.9166666666666666,0.9166666666666666,0.000276,0.9724,0.7745,0.9558,0.5314,0.8628,1.0,1.0,1.0,True,False,0.785275,1.0
glm53_official,parametric,json,0072/00726429,True,4,8,1.0,1.0,,,,1.0,1.0,0.001334,0.8666,0.6124,0.8335,0.2886,0.755,1.0,1.0,1.0,True,False,0.63065,1.0
glm53_official,parametric,json,0065/00657969,True,4,8,1.0,1.0,,,,1.0,1.0,0.001262,0.8738,0.3404,0.7375,0.3457,0.5477,1.0,1.0,1.0,True,False,0.5269,1.0
glm53_official,parametric,json,0031/00310774,True,4,7,1.0,0.875,,,,0.9166666666666666,0.9166666666666666,0.000609,0.9391,0.307,0.8592,0.2624,0.7817,1.0,1.0,1.0,True,False,0.57255,1.0
glm53_official,parametric,json,0061/00618813,True,4,8,1.0,1.0,,,,1.0,1.0,0.006471,0.3529,0.5318,0.8777,0.1402,0.6408,1.0,1.0,1.0,True,False,0.41642500000000005,1.0
glm53_official,parametric,json,0030/00307386,True,4,8,1.0,1.0,,,,1.0,1.0,0.000133,0.9867,0.8332,0.9848,0.6143,0.8412,1.0,1.0,0.965957,True,False,0.81885,0.9886523333333334
glm53_official,parametric,json,0072/00724192,True,4,8,1.0,1.0,,,,1.0,1.0,0.000146,0.9854,0.0,0.9946,0.6159,0.8401,0.0,1.0,1.0,False,True,0.61035,0.6666666666666666
glm53_official,parametric,json,0018/00189804,True,3,8,0.75,1.0,,,,0.9166666666666666,0.9166666666666666,0.001118,0.8882,0.0,0.8846,0.5182,0.7035,0.0,1.0,1.0,False,True,0.527475,0.6666666666666666
glm53_official,parametric,json,0080/00807326,True,3,6,0.75,0.75,,,,0.75,0.75,0.000393,0.9607,0.733,0.936,0.4248,0.7711,1.0,1.0,1.0,True,False,0.7224,1.0
glm53_official,parametric,json,0078/00789364,True,4,8,1.0,1.0,,,,1.0,1.0,0.00193,0.8069999999999999,0.0,0.7683,0.0423,0.6066,1.0,1.0,1.0,False,True,0.363975,1.0
glm53_official,parametric,json,0002/00029952,True,3,7,0.75,0.875,,,,0.8333333333333334,0.8333333333333334,5.8e-05,0.9942,0.934,0.9997,0.7293,0.8961,1.0,1.0,1.0,True,False,0.8884,1.0
glm53_official,parametric,json,0005/00051224,True,4,8,1.0,1.0,,,,1.0,1.0,0.000215,0.9785,0.8729,0.9487,0.6825,0.8665,1.0,1.0,1.0,True,False,0.8501000000000001,1.0
glm53_official,parametric,json,0087/00873073,True,4,8,1.0,1.0,,,,1.0,1.0,0.000687,0.9313,0.429,0.8814,0.3796,0.6175,1.0,1.0,1.0,True,False,0.58935,1.0
glm53_official,parametric,json,0077/00779770,True,3,5,0.75,0.625,,,,0.6666666666666666,0.6666666666666666,0.00221,0.779,0.055,0.6557,0.0715,0.4304,1.0,1.0,1.0,True,False,0.333975,1.0
glm53_official,parametric,json,0077/00778195,True,4,8,1.0,1.0,,,,1.0,1.0,0.002111,0.7888999999999999,0.0847,0.6341,0.2071,0.4002,1.0,1.0,1.0,True,False,0.37022499999999997,1.0
glm53_official,parametric,json,0039/00397628,True,3,8,0.75,1.0,,,,0.9166666666666666,0.9166666666666666,0.004987,0.5013000000000001,0.3469,0.6311,0.1375,0.501,1.0,1.0,1.0,True,False,0.37167500000000003,1.0
glm53_official,parametric,json,0008/00089777,True,4,8,1.0,1.0,,,,1.0,1.0,0.002204,0.7796000000000001,0.409,0.6127,0.0656,0.6477,1.0,1.0,1.0,True,False,0.47547500000000004,1.0
glm53_official,parametric,json,0075/00758810,True,4,7,1.0,0.875,,,,0.9166666666666666,0.9166666666666666,0.001287,0.8713,0.4206,0.8094,0.3403,0.6187,1.0,1.0,1.0,True,False,0.562725,1.0
glm53_official,parametric,json,0028/00284926,True,3,7,0.75,0.875,,,,0.8333333333333334,0.8333333333333334,0.000149,0.9851,0.7739,0.9636,0.7553,0.8056,1.0,1.0,1.0,True,False,0.829975,1.0
glm53_official,parametric,json,0074/00741629,True,1,6,0.25,0.75,,,,0.5833333333333334,0.5833333333333334,0.002527,0.7473,0.4123,0.6719,0.2974,0.6253,1.0,1.0,1.0,True,False,0.520575,1.0
glm53_official,parametric,json,0097/00973497,True,4,8,1.0,1.0,,,,1.0,1.0,0.000668,0.9332,0.3694,0.8257,0.503,0.7009,1.0,1.0,0.996656,True,False,0.626625,0.9988853333333333
glm53_official,parametric,json,0047/00474303,True,4,8,1.0,1.0,,,,1.0,1.0,0.003507,0.6493,0.1916,0.5695,0.0795,0.5535,1.0,1.0,1.0,True,False,0.368475,1.0
glm53_official,parametric,json,0061/00616188,True,4,8,1.0,1.0,,,,1.0,1.0,0.000272,0.9728,0.8547,0.9441,0.6201,0.8402,1.0,1.0,1.0,True,False,0.82195,1.0
glm53_official,parametric,json,0005/00051572,True,3,8,0.75,1.0,,,,0.9166666666666666,0.9166666666666666,0.000113,0.9887,0.8877,0.9851,0.7312,0.9092,1.0,1.0,1.0,True,False,0.8792,1.0
glm53_official,parametric,json,0025/00253807,True,4,8,1.0,1.0,,,,1.0,1.0,0.001852,0.8148,0.1556,0.5787,0.0967,0.6205,1.0,1.0,1.0,True,False,0.4219,1.0
glm53_official,parametric,json,0024/00242128,True,4,7,1.0,0.875,,,,0.9166666666666666,0.9166666666666666,0.000375,0.9625,0.0,0.9502,0.5061,0.8424,1.0,1.0,1.0,False,True,0.57775,1.0
glm53_official,parametric,json,0029/00292492,True,1,6,0.25,0.75,,,,0.5833333333333334,0.5833333333333334,0.000669,0.9331,0.5018,0.8073,0.0603,0.6765,1.0,1.0,1.0,True,False,0.542925,1.0
glm53_official,parametric,json,0054/00547865,True,3,8,0.75,1.0,,,,0.9166666666666666,0.9166666666666666,1.8e-05,0.9982,0.9948,1.0,0.8876,0.9676,1.0,1.0,1.0,True,False,0.96205,1.0
glm53_official,parametric,json,0005/00052091,True,3,8,0.75,1.0,,,,0.9166666666666666,0.9166666666666666,0.000552,0.9448,0.78,0.8993,0.421,0.8073,1.0,1.0,1.0,True,False,0.738275,1.0
glm53_official,parametric,json,0034/00344679,True,1,3,0.25,0.375,,,,0.3333333333333333,0.3333333333333333,0.005204,0.4796,0.4941,0.5022,0.0326,0.5506,1.0,1.0,1.0,True,False,0.389225,1.0
glm53_official,parametric,json,0092/00923543,True,4,8,1.0,1.0,,,,1.0,1.0,0.000594,0.9406,0.5124,0.8876,0.6011,0.6996,1.0,1.0,1.0,True,False,0.688425,1.0
glm53_official,parametric,json,0024/00242859,True,4,4,1.0,0.5,,,,0.6666666666666666,0.6666666666666666,0.000621,0.9379,0.6593,0.828,0.1959,0.6978,1.0,1.0,1.0,True,False,0.622725,1.0
glm53_official,parametric,json,0079/00790247,True,4,7,1.0,0.875,,,,0.9166666666666666,0.9166666666666666,0.000229,0.9771,0.8412,0.9617,0.4605,0.8443,1.0,1.0,1.0,True,False,0.780775,1.0
glm53_official,parametric,json,0084/00843879,True,4,7,1.0,0.875,,,,0.9166666666666666,0.9166666666666666,0.000493,0.9507,0.0,0.8789,0.4622,0.7182,1.0,1.0,1.0,False,True,0.532775,1.0
glm53_official,parametric,json,0010/00108226,True,4,8,1.0,1.0,,,,1.0,1.0,0.000102,0.9898,0.8884,0.9851,0.6618,0.8881,1.0,1.0,1.0,True,False,0.857025,1.0
glm53_official,parametric,json,0026/00268031,True,4,6,1.0,0.75,,,,0.8333333333333334,0.8333333333333334,0.00062,0.938,0.536,0.9564,0.4582,0.8637,1.0,1.0,1.0,True,False,0.698975,1.0
glm53_official,parametric,json,0022/00225399,True,4,7,1.0,0.875,,,,0.9166666666666666,0.9166666666666666,0.000892,0.9108,0.7588,0.8784,0.1788,0.787,1.0,1.0,1.0,True,False,0.65885,1.0
glm53_official,parametric,json,0057/00570258,True,2,7,0.5,0.875,,,,0.75,0.75,0.000835,0.9165,0.81,0.9779,0.4612,0.9526,1.0,1.0,1.0,True,False,0.785075,1.0
glm53_official,parametric,json,0010/00101896,True,3,6,0.75,0.75,,,,0.75,0.75,0.001232,0.8768,0.6861,0.8585,0.1811,0.7883,1.0,1.0,0.996904,True,False,0.633075,0.998968
glm53_official,parametric,json,0061/00619989,True,2,7,0.5,0.875,,,,0.75,0.75,0.002154,0.7846,0.6093,0.7364,0.2065,0.6453,1.0,1.0,1.0,True,False,0.561425,1.0
glm53_official,parametric,json,0022/00226013,True,4,8,1.0,1.0,,,,1.0,1.0,0.000321,0.9679,0.8308,0.9623,0.3837,0.8492,1.0,1.0,1.0,True,False,0.7579,1.0
glm53_official,parametric,json,0052/00523563,True,4,8,1.0,1.0,,,,1.0,1.0,0.000246,0.9754,0.8981,0.9469,0.4586,0.8559,1.0,1.0,1.0,True,False,0.797,1.0
glm53_official,parametric,json,0036/00361447,True,4,6,1.0,0.75,,,,0.8333333333333334,0.8333333333333334,0.000151,0.9849,0.8852,0.9717,0.58,0.7857,1.0,1.0,1.0,True,False,0.80895,1.0
glm53_official,parametric,json,0070/00709862,True,4,6,1.0,0.75,,,,0.8333333333333334,0.8333333333333334,8e-05,0.992,0.9206,0.9987,0.5674,0.8246,1.0,1.0,1.0,True,False,0.8261499999999999,1.0
glm53_official,parametric,json,0054/00541109,True,4,7,1.0,0.875,,,,0.9166666666666666,0.9166666666666666,0.004054,0.5946,0.0,0.5606,0.0599,0.43,1.0,1.0,0.971808,False,True,0.271125,0.9906026666666667
glm53_official,parametric,json,0086/00866616,True,4,7,1.0,0.875,,,,0.9166666666666666,0.9166666666666666,6.7e-05,0.9933,0.8033,0.9926,0.8309,0.9321,1.0,1.0,1.0,True,False,0.8899,1.0
glm53_official,parametric,json,0027/00279318,True,3,8,0.75,1.0,,,,0.9166666666666666,0.9166666666666666,0.000282,0.9718,0.4553,0.9359,0.4752,0.7375,1.0,1.0,1.0,True,False,0.65995,1.0
glm53_official,parametric,json,0082/00827203,True,4,8,1.0,1.0,,,,1.0,1.0,0.000135,0.9865,0.691,0.988,0.5643,0.9096,1.0,1.0,1.0,True,False,0.7878499999999999,1.0
glm53_official,parametric,json,0039/00391450,True,0,1,0.0,0.125,,,,0.08333333333333333,0.08333333333333333,0.002739,0.7261,0.2769,0.5618,0.0977,0.6639,1.0,1.0,1.0,True,False,0.44115,1.0
glm53_official,parametric,json,0013/00135378,True,3,7,0.75,0.875,,,,0.8333333333333334,0.8333333333333334,0.000864,0.9136,0.3417,0.7143,0.2259,0.678,1.0,1.0,1.0,True,False,0.5398000000000001,1.0
glm53_official,parametric,json,0093/00934405,True,3,7,0.75,0.875,,,,0.8333333333333334,0.8333333333333334,0.001298,0.8702,0.4564,0.7666,0.1896,0.643,1.0,1.0,1.0,True,False,0.5398,1.0
glm53_official,parametric,json,0056/00568816,True,2,6,0.5,0.75,,,,0.6666666666666666,0.6666666666666666,0.000535,0.9465,0.3319,0.8587,0.2067,0.5507,1.0,1.0,1.0,True,False,0.50895,1.0
glm53_official,parametric,json,0072/00728052,True,4,8,1.0,1.0,,,,1.0,1.0,0.000465,0.9535,0.8533,0.9513,0.5255,0.8922,1.0,1.0,1.0,True,False,0.806125,1.0
glm53_official,parametric,json,0021/00210983,True,4,8,1.0,1.0,,,,1.0,1.0,0.001427,0.8573,0.0,0.7958,0.4025,0.7841,1.0,1.0,1.0,False,True,0.510975,1.0
glm53_official,parametric,json,0046/00460772,True,2,6,0.5,0.75,,,,0.6666666666666666,0.6666666666666666,0.000354,0.9646,0.6202,0.9324,0.3795,0.737,1.0,1.0,1.0,True,False,0.675325,1.0
glm53_official,parametric,openscad,0085/00852511,True,4,8,1.0,1.0,,,,1.0,1.0,0.000145,0.9855,0.9605,0.9719,0.7861,0.87,1.0,1.0,1.0,True,False,0.900525,1.0
glm53_official,parametric,openscad,0009/00099014,True,4,8,1.0,1.0,,,,1.0,1.0,8.7e-05,0.9913,0.9968,1.0,0.4763,0.943,1.0,1.0,1.0,True,False,0.85185,1.0
glm53_official,parametric,openscad,0071/00710826,True,4,8,1.0,1.0,,,,1.0,1.0,0.000611,0.9389,0.5956,0.8804,0.3627,0.7604,1.0,1.0,1.0,True,False,0.6644,1.0
glm53_official,parametric,openscad,0005/00057589,True,4,6,1.0,0.75,,,,0.8333333333333334,0.8333333333333334,9.1e-05,0.9909,0.8107,0.9907,0.5996,0.9089,1.0,1.0,1.0,True,False,0.8275250000000001,1.0
glm53_official,parametric,openscad,0015/00155951,True,4,8,1.0,1.0,,,,1.0,1.0,0.000262,0.9738,0.8895,0.945,0.4779,0.8886,1.0,1.0,1.0,True,False,0.80745,1.0
glm53_official,parametric,openscad,0013/00134405,True,4,8,1.0,1.0,,,,1.0,1.0,0.000796,0.9204,0.4732,0.8606,0.4743,0.6433,1.0,1.0,1.0,True,False,0.6278,1.0
glm53_official,parametric,openscad,0053/00531353,True,4,8,1.0,1.0,,,,1.0,1.0,0.000533,0.9467,0.719,0.9088,0.5777,0.7953,1.0,1.0,1.0,True,False,0.759675,1.0
glm53_official,parametric,openscad,0094/00941813,True,4,8,1.0,1.0,,,,1.0,1.0,0.000122,0.9878,0.9865,0.9998,0.369,0.9237,1.0,1.0,1.0,True,False,0.81675,1.0
glm53_official,parametric,openscad,0081/00817410,True,4,8,1.0,1.0,,,,1.0,1.0,0.000132,0.9868,0.8312,0.9851,0.5345,0.8613,1.0,1.0,1.0,True,False,0.80345,1.0
glm53_official,parametric,openscad,0045/00457640,True,4,7,1.0,0.875,,,,0.9166666666666666,0.9166666666666666,0.000158,0.9842,0.6398,1.0,0.3176,0.9143,1.0,1.0,1.0,True,False,0.713975,1.0
glm53_official,parametric,openscad,0047/00478097,True,4,8,1.0,1.0,,,,1.0,1.0,6.7e-05,0.9933,0.9721,0.9975,0.6129,0.9171,1.0,1.0,1.0,True,False,0.87385,1.0
glm53_official,parametric,openscad,0013/00135353,True,4,8,1.0,1.0,,,,1.0,1.0,0.000608,0.9392,0.5475,0.8644,0.3222,0.6716,1.0,1.0,1.0,True,False,0.620125,1.0
glm53_official,parametric,openscad,0062/00621494,True,4,8,1.0,1.0,,,,1.0,1.0,0.000483,0.9517,0.5603,0.9157,0.3272,0.84,1.0,1.0,0.999367,True,False,0.6698,0.9997889999999999
glm53_official,parametric,openscad,0016/00169954,True,3,8,0.75,1.0,,,,0.9166666666666666,0.9166666666666666,0.005741,0.42590000000000006,0.0748,0.424,0.0411,0.414,1.0,1.0,1.0,True,False,0.23895,1.0
glm53_official,parametric,openscad,0039/00390147,True,4,8,1.0,1.0,,,,1.0,1.0,0.001038,0.8962,0.6047,0.8722,0.3134,0.7113,1.0,1.0,1.0,True,False,0.6314,1.0
glm53_official,parametric,openscad,0089/00895528,True,4,8,1.0,1.0,,,,1.0,1.0,0.003356,0.6644,0.2704,0.6217,0.0623,0.6064,1.0,1.0,1.0,True,False,0.400875,1.0
glm53_official,parametric,openscad,0030/00306122,True,4,5,1.0,0.625,,,,0.75,0.75,0.001266,0.8734,0.3182,0.7772,0.11,0.5412,1.0,1.0,1.0,True,False,0.4607,1.0
glm53_official,parametric,openscad,0070/00706059,True,4,6,1.0,0.75,,,,0.8333333333333334,0.8333333333333334,0.00056,0.944,0.753,0.8996,0.3175,0.79,1.0,1.0,1.0,True,False,0.701125,1.0
glm53_official,parametric,openscad,0008/00086411,True,3,7,0.75,0.875,,,,0.8333333333333334,0.8333333333333334,0.004505,0.5495,0.1222,0.4632,0.1299,0.3833,1.0,1.0,1.0,True,False,0.29622499999999996,1.0
glm53_official,parametric,openscad,0073/00732007,True,4,4,1.0,0.5,,,,0.6666666666666666,0.6666666666666666,0.000379,0.9621,0.6365,0.921,0.6706,0.8454,1.0,1.0,1.0,True,False,0.77865,1.0
glm53_official,parametric,openscad,0010/00103639,True,4,8,1.0,1.0,,,,1.0,1.0,0.000135,0.9865,0.6212,0.9676,0.8284,0.7666,1.0,1.0,1.0,True,False,0.800675,1.0
glm53_official,parametric,openscad,0019/00199917,True,4,8,1.0,1.0,,,,1.0,1.0,0.00096,0.904,0.6515,0.9003,0.2763,0.7538,1.0,1.0,1.0,True,False,0.6464,1.0
glm53_official,parametric,openscad,0035/00350534,True,3,7,0.75,0.875,,,,0.8333333333333334,0.8333333333333334,0.000954,0.9046,0.5641,0.842,0.2469,0.7155,1.0,1.0,0.9983,True,False,0.607775,0.9994333333333333
glm53_official,parametric,openscad,0043/00431078,True,4,8,1.0,1.0,,,,1.0,1.0,0.00169,0.831,0.3572,0.7903,0.1597,0.6011,1.0,1.0,1.0,True,False,0.48724999999999996,1.0
glm53_official,parametric,openscad,0073/00737056,True,4,8,1.0,1.0,,,,1.0,1.0,0.001352,0.8648,0.3609,0.7575,0.1176,0.7258,1.0,1.0,1.0,True,False,0.517275,1.0
glm53_official,parametric,openscad,0078/00788594,True,3,7,0.75,0.875,,,,0.8333333333333334,0.8333333333333334,0.000115,0.9885,0.8135,1.0,0.4039,0.9054,1.0,1.0,1.0,True,False,0.777825,1.0
glm53_official,parametric,openscad,0067/00677148,True,3,8,0.75,1.0,,,,0.9166666666666666,0.9166666666666666,0.000878,0.9122,0.5566,0.8809,0.2345,0.7401,1.0,1.0,1.0,True,False,0.61085,1.0
glm53_official,parametric,openscad,0093/00937375,True,4,8,1.0,1.0,,,,1.0,1.0,0.000267,0.9733,0.7793,0.9713,0.4796,0.8546,1.0,1.0,1.0,True,False,0.7717,1.0
glm53_official,parametric,openscad,0072/00726428,True,3,5,0.75,0.625,,,,0.6666666666666666,0.6666666666666666,0.004632,0.5367999999999999,0.2923,0.4706,0.0427,0.5476,1.0,1.0,1.0,True,False,0.35485,1.0
glm53_official,parametric,openscad,0049/00497058,True,4,8,1.0,1.0,,,,1.0,1.0,7e-05,0.993,0.0,1.0,0.6405,0.8636,1.0,1.0,1.0,False,True,0.624275,1.0
glm53_official,parametric,openscad,0013/00133189,True,4,8,1.0,1.0,,,,1.0,1.0,0.000672,0.9328,0.4087,0.8085,0.1771,0.5863,1.0,1.0,0.981801,True,False,0.526225,0.9939336666666666
glm53_official,parametric,openscad,0024/00249966,True,3,8,0.75,1.0,,,,0.9166666666666666,0.9166666666666666,0.000929,0.9071,0.4676,0.8312,0.3397,0.6713,1.0,1.0,1.0,True,False,0.596425,1.0
glm53_official,parametric,openscad,0004/00042777,True,3,8,0.75,1.0,,,,0.9166666666666666,0.9166666666666666,0.00361,0.639,0.3317,0.6372,0.3505,0.5017,1.0,1.0,1.0,True,False,0.455725,1.0
glm53_official,parametric,openscad,0055/00553999,True,4,8,1.0,1.0,,,,1.0,1.0,0.004668,0.5332,0.3368,0.5298,0.043,0.6597,1.0,1.0,1.0,True,False,0.393175,1.0
glm53_official,parametric,openscad,0068/00681400,True,4,8,1.0,1.0,,,,1.0,1.0,5.5e-05,0.9945,0.9237,0.9961,0.8381,0.9276,1.0,1.0,1.0,True,False,0.920975,1.0
glm53_official,parametric,openscad,0071/00714935,True,4,8,1.0,1.0,,,,1.0,1.0,0.000773,0.9227,0.0,0.9447,0.3099,0.8694,1.0,1.0,1.0,False,True,0.5255,1.0
glm53_official,parametric,openscad,0022/00227442,True,4,7,1.0,0.875,,,,0.9166666666666666,0.9166666666666666,0.000338,0.9662,0.5923,0.9478,0.4558,0.7897,1.0,1.0,1.0,True,False,0.701,1.0
glm53_official,parametric,openscad,0039/00397627,True,3,7,0.75,0.875,,,,0.8333333333333334,0.8333333333333334,0.002989,0.7011000000000001,0.4978,0.7555,0.2064,0.5927,1.0,1.0,1.0,True,False,0.4995,1.0
glm53_official,parametric,openscad,0026/00268024,True,3,7,0.75,0.875,,,,0.8333333333333334,0.8333333333333334,0.001341,0.8659,0.5162,0.8658,0.5501,0.7232,1.0,1.0,1.0,True,False,0.66385,1.0
glm53_official,parametric,openscad,0007/00073282,True,4,8,1.0,1.0,,,,1.0,1.0,0.000985,0.9015,0.3088,0.8733,0.3338,0.8178,1.0,1.0,1.0,True,False,0.590475,1.0
glm53_official,parametric,openscad,0036/00369868,True,4,8,1.0,1.0,,,,1.0,1.0,0.000655,0.9345,0.678,0.864,0.2604,0.7353,1.0,1.0,1.0,True,False,0.65205,1.0
glm53_official,parametric,openscad,0084/00844862,True,4,8,1.0,1.0,,,,1.0,1.0,5e-05,0.995,0.9199,1.0,0.7263,0.9021,1.0,1.0,1.0,True,False,0.885825,1.0
glm53_official,parametric,openscad,0026/00268027,True,4,8,1.0,1.0,,,,1.0,1.0,1.4e-05,0.9986,0.9849,1.0,0.98,0.8913,1.0,1.0,1.0,True,False,0.9637,1.0
glm53_official,parametric,openscad,0092/00925049,True,4,8,1.0,1.0,,,,1.0,1.0,0.000339,0.9661,0.4119,0.9624,0.4904,0.7905,1.0,1.0,1.0,True,False,0.664725,1.0
glm53_official,parametric,openscad,0072/00725542,True,4,6,1.0,0.75,,,,0.8333333333333334,0.8333333333333334,0.000508,0.9492,0.0,0.9268,0.386,0.8325,1.0,1.0,1.0,False,True,0.541925,1.0
glm53_official,parametric,openscad,0015/00150938,True,3,8,0.75,1.0,,,,0.9166666666666666,0.9166666666666666,0.000288,0.9712,0.7786,0.9532,0.5035,0.849,1.0,1.0,1.0,True,False,0.7755749999999999,1.0
glm53_official,parametric,openscad,0072/00726429,True,4,5,1.0,0.625,,,,0.75,0.75,0.001374,0.8626,0.6223,0.8346,0.3083,0.7443,1.0,1.0,1.0,True,False,0.634375,1.0
glm53_official,parametric,openscad,0065/00657969,True,4,8,1.0,1.0,,,,1.0,1.0,0.001228,0.8772,0.352,0.7492,0.3522,0.5546,1.0,1.0,1.0,True,False,0.534,1.0
glm53_official,parametric,openscad,0031/00310774,True,4,8,1.0,1.0,,,,1.0,1.0,0.000575,0.9425,0.3209,0.8642,0.2883,0.7993,1.0,1.0,1.0,True,False,0.58775,1.0
glm53_official,parametric,openscad,0061/00618813,True,4,8,1.0,1.0,,,,1.0,1.0,0.000469,0.9531000000000001,0.7778,0.9699,0.4544,0.8657,1.0,1.0,1.0,True,False,0.76275,1.0
glm53_official,parametric,openscad,0030/00307386,True,4,8,1.0,1.0,,,,1.0,1.0,0.000116,0.9884,0.874,0.9851,0.6457,0.8776,1.0,1.0,1.0,True,False,0.846425,1.0
glm53_official,parametric,openscad,0072/00724192,True,4,8,1.0,1.0,,,,1.0,1.0,0.000121,0.9879,0.7844,0.9919,0.6836,0.8616,1.0,1.0,1.0,True,False,0.829375,1.0
glm53_official,parametric,openscad,0018/00189804,True,4,8,1.0,1.0,,,,1.0,1.0,0.000928,0.9072,0.0,0.8939,0.5207,0.7108,1.0,1.0,1.0,False,True,0.534675,1.0
glm53_official,parametric,openscad,0080/00807326,True,3,8,0.75,1.0,,,,0.9166666666666666,0.9166666666666666,0.000316,0.9684,0.7521,0.9522,0.4844,0.7927,1.0,1.0,1.0,True,False,0.7494,1.0
glm53_official,parametric,openscad,0078/00789364,True,4,8,1.0,1.0,,,,1.0,1.0,0.000167,0.9833,0.0,0.9843,0.5232,0.8526,1.0,1.0,1.0,False,True,0.5897749999999999,1.0
glm53_official,parametric,openscad,0002/00029952,True,3,6,0.75,0.75,,,,0.75,0.75,6.3e-05,0.9937,0.9296,0.9998,0.6966,0.8857,1.0,1.0,1.0,True,False,0.8764000000000001,1.0
glm53_official,parametric,openscad,0005/00051224,True,4,8,1.0,1.0,,,,1.0,1.0,0.000212,0.9788,0.8766,0.9491,0.6755,0.8633,1.0,1.0,1.0,True,False,0.84855,1.0
glm53_official,parametric,openscad,0087/00873073,True,4,8,1.0,1.0,,,,1.0,1.0,0.000521,0.9479,0.4693,0.9108,0.4984,0.811,1.0,1.0,1.0,True,False,0.68165,1.0
glm53_official,parametric,openscad,0077/00779770,True,4,5,1.0,0.625,,,,0.75,0.75,0.001842,0.8158,0.0572,0.6328,0.0314,0.6577,1.0,1.0,1.0,True,False,0.39052499999999996,1.0
glm53_official,parametric,openscad,0077/00778195,True,4,7,1.0,0.875,,,,0.9166666666666666,0.9166666666666666,0.002091,0.7909,0.1101,0.6404,0.2219,0.4134,1.0,1.0,1.0,True,False,0.384075,1.0
glm53_official,parametric,openscad,0039/00397628,True,4,7,1.0,0.875,,,,0.9166666666666666,0.9166666666666666,0.00375,0.625,0.3585,0.7037,0.1619,0.5333,1.0,1.0,1.0,True,False,0.419675,1.0
glm53_official,parametric,openscad,0008/00089777,True,4,8,1.0,1.0,,,,1.0,1.0,0.000299,0.9701,0.9302,0.9389,0.4081,0.9397,1.0,1.0,0.999273,True,False,0.812025,0.9997576666666667
glm53_official,parametric,openscad,0075/00758810,True,4,7,1.0,0.875,,,,0.9166666666666666,0.9166666666666666,0.001457,0.8543000000000001,0.4116,0.7953,0.332,0.6162,1.0,1.0,1.0,True,False,0.553525,1.0
glm53_official,parametric,openscad,0028/00284926,True,4,8,1.0,1.0,,,,1.0,1.0,0.000153,0.9847,0.771,0.9631,0.7623,0.8027,1.0,1.0,0.99872,True,False,0.830175,0.9995733333333333
glm53_official,parametric,openscad,0074/00741629,True,4,8,1.0,1.0,,,,1.0,1.0,0.000736,0.9264,0.6835,0.8913,0.3911,0.7954,1.0,1.0,0.999194,True,False,0.6991,0.9997313333333334
glm53_official,parametric,openscad,0097/00973497,True,4,8,1.0,1.0,,,,1.0,1.0,0.000572,0.9428,0.4643,0.8628,0.5693,0.7344,1.0,1.0,1.0,True,False,0.6777,1.0
glm53_official,parametric,openscad,0047/00474303,True,3,7,0.75,0.875,,,,0.8333333333333334,0.8333333333333334,0.00124,0.876,0.2649,0.8424,0.2211,0.7684,1.0,1.0,1.0,True,False,0.5326,1.0
glm53_official,parametric,openscad,0061/00616188,True,4,8,1.0,1.0,,,,1.0,1.0,0.0002,0.98,0.8278,0.9523,0.725,0.8373,1.0,1.0,1.0,True,False,0.842525,1.0
glm53_official,parametric,openscad,0005/00051572,True,2,6,0.5,0.75,,,,0.6666666666666666,0.6666666666666666,0.000486,0.9514,0.5022,0.9154,0.2403,0.7325,1.0,1.0,1.0,True,False,0.6066,1.0
glm53_official,parametric,openscad,0025/00253807,True,4,8,1.0,1.0,,,,1.0,1.0,0.000593,0.9407,0.6102,0.8858,0.4543,0.7506,1.0,1.0,1.0,True,False,0.68895,1.0
glm53_official,parametric,openscad,0024/00242128,True,4,8,1.0,1.0,,,,1.0,1.0,0.000233,0.9767,0.0,0.9672,0.1995,0.8343,1.0,1.0,1.0,False,True,0.502625,1.0
glm53_official,parametric,openscad,0029/00292492,True,4,7,1.0,0.875,,,,0.9166666666666666,0.9166666666666666,0.000636,0.9364,0.5184,0.834,0.0669,0.6966,1.0,1.0,1.0,True,False,0.554575,1.0
glm53_official,parametric,openscad,0054/00547865,True,4,8,1.0,1.0,,,,1.0,1.0,6e-05,0.994,0.9846,0.9995,0.6674,0.9342,1.0,1.0,1.0,True,False,0.89505,1.0
glm53_official,parametric,openscad,0005/00052091,True,3,8,0.75,1.0,,,,0.9166666666666666,0.9166666666666666,0.00056,0.944,0.7722,0.9082,0.4107,0.8178,1.0,1.0,1.0,True,False,0.736175,1.0
glm53_official,parametric,openscad,0034/00344679,True,1,6,0.25,0.75,,,,0.5833333333333334,0.5833333333333334,0.005272,0.4728,0.4867,0.4852,0.0245,0.5509,1.0,1.0,1.0,True,False,0.383725,1.0
glm53_official,parametric,openscad,0092/00923543,True,4,8,1.0,1.0,,,,1.0,1.0,0.00294,0.706,0.3431,0.6753,0.4048,0.5649,1.0,1.0,1.0,True,False,0.5046999999999999,1.0
glm53_official,parametric,openscad,0024/00242859,True,4,3,1.0,0.375,,,,0.5833333333333334,0.5833333333333334,0.000983,0.9017000000000001,0.6665,0.8243,0.2293,0.6766,1.0,1.0,1.0,True,False,0.618525,1.0
glm53_official,parametric,openscad,0079/00790247,True,4,8,1.0,1.0,,,,1.0,1.0,6e-05,0.994,0.9946,1.0,0.6076,0.948,1.0,1.0,1.0,True,False,0.88605,1.0
glm53_official,parametric,openscad,0084/00843879,True,4,8,1.0,1.0,,,,1.0,1.0,0.000461,0.9539,0.0,0.8784,0.461,0.7272,1.0,1.0,0.984648,False,True,0.535525,0.9948826666666667
glm53_official,parametric,openscad,0010/00108226,True,4,8,1.0,1.0,,,,1.0,1.0,0.000251,0.9749,0.7752,0.9482,0.6081,0.8081,1.0,1.0,1.0,True,False,0.791575,1.0
glm53_official,parametric,openscad,0026/00268031,True,4,7,1.0,0.875,,,,0.9166666666666666,0.9166666666666666,0.002411,0.7589,0.5516,0.8202,0.3575,0.7145,1.0,1.0,1.0,True,False,0.595625,1.0
glm53_official,parametric,openscad,0022/00225399,True,3,8,0.75,1.0,,,,0.9166666666666666,0.9166666666666666,0.002234,0.7766,0.5917,0.8122,0.1165,0.6854,1.0,1.0,0.998597,True,False,0.54255,0.9995323333333334
glm53_official,parametric,openscad,0057/00570258,True,2,8,0.5,1.0,,,,0.8333333333333334,0.8333333333333334,0.000852,0.9148000000000001,0.6955,0.9781,0.2645,0.9416,1.0,1.0,1.0,True,False,0.7041000000000001,1.0
glm53_official,parametric,openscad,0010/00101896,True,4,7,1.0,0.875,,,,0.9166666666666666,0.9166666666666666,0.001085,0.8915,0.7395,0.8647,0.2029,0.7919,1.0,1.0,0.998024,True,False,0.65645,0.9993413333333333
glm53_official,parametric,openscad,0061/00619989,True,3,8,0.75,1.0,,,,0.9166666666666666,0.9166666666666666,0.001203,0.8797,0.7071,0.8733,0.1806,0.7508,1.0,1.0,1.0,True,False,0.62955,1.0
glm53_official,parametric,openscad,0022/00226013,True,4,8,1.0,1.0,,,,1.0,1.0,0.000245,0.9755,0.8547,0.9754,0.3777,0.8756,1.0,1.0,1.0,True,False,0.770875,1.0
glm53_official,parametric,openscad,0052/00523563,True,4,8,1.0,1.0,,,,1.0,1.0,0.001545,0.8455,0.7366,0.8067,0.3022,0.7207,1.0,1.0,1.0,True,False,0.65125,1.0
glm53_official,parametric,openscad,0036/00361447,True,4,7,1.0,0.875,,,,0.9166666666666666,0.9166666666666666,0.00011,0.989,0.9055,0.9954,0.5941,0.803,1.0,1.0,1.0,True,False,0.8229,1.0
glm53_official,parametric,openscad,0070/00709862,True,4,7,1.0,0.875,,,,0.9166666666666666,0.9166666666666666,0.000181,0.9819,0.7789,0.9688,0.5401,0.765,1.0,1.0,1.0,True,False,0.766475,1.0
glm53_official,parametric,openscad,0054/00541109,True,4,8,1.0,1.0,,,,1.0,1.0,0.003458,0.6542,0.0,0.6053,0.0967,0.4415,1.0,1.0,0.97258,False,True,0.2981,0.99086
glm53_official,parametric,openscad,0086/00866616,True,4,8,1.0,1.0,,,,1.0,1.0,4.7e-05,0.9953,0.8634,0.9966,0.8267,0.9185,1.0,1.0,1.0,True,False,0.900975,1.0
glm53_official,parametric,openscad,0027/00279318,True,3,8,0.75,1.0,,,,0.9166666666666666,0.9166666666666666,0.000723,0.9277,0.3487,0.854,0.4508,0.6942,1.0,1.0,1.0,True,False,0.60535,1.0
glm53_official,parametric,openscad,0082/00827203,True,4,8,1.0,1.0,,,,1.0,1.0,0.00019,0.981,0.7761,0.9731,0.5674,0.8914,1.0,1.0,1.0,True,False,0.803975,1.0
glm53_official,parametric,openscad,0039/00391450,True,4,3,1.0,0.375,,,,0.5833333333333334,0.5833333333333334,0.002992,0.7008000000000001,0.4888,0.6677,0.058,0.6812,1.0,1.0,1.0,True,False,0.4822,1.0
glm53_official,parametric,openscad,0013/00135378,True,4,8,1.0,1.0,,,,1.0,1.0,0.000345,0.9655,0.6785,0.9133,0.4,0.7788,1.0,1.0,0.999732,True,False,0.7057,0.9999106666666666
glm53_official,parametric,openscad,0093/00934405,True,4,7,1.0,0.875,,,,0.9166666666666666,0.9166666666666666,0.00183,0.817,0.0,0.6708,0.1616,0.4334,1.0,1.0,1.0,False,True,0.353,1.0
glm53_official,parametric,openscad,0056/00568816,True,2,6,0.5,0.75,,,,0.6666666666666666,0.6666666666666666,0.00042,0.958,0.3769,0.8938,0.2577,0.5739,1.0,1.0,1.0,True,False,0.541625,1.0
glm53_official,parametric,openscad,0072/00728052,True,4,8,1.0,1.0,,,,1.0,1.0,0.00036,0.964,0.8415,0.9625,0.3794,0.8867,1.0,1.0,1.0,True,False,0.7679,1.0
glm53_official,parametric,openscad,0021/00210983,True,4,8,1.0,1.0,,,,1.0,1.0,0.001422,0.8578,0.0,0.7941,0.4163,0.7865,1.0,1.0,1.0,False,True,0.51515,1.0
glm53_official,parametric,openscad,0046/00460772,True,4,8,1.0,1.0,,,,1.0,1.0,0.000151,0.9849,0.8034,0.9741,0.6548,0.8547,1.0,1.0,1.0,True,False,0.82445,1.0
glm53flash,parametric,json,0085/00852511,True,4,8,1.0,1.0,,,,1.0,1.0,0.000147,0.9853,0.9631,0.9714,0.7768,0.8761,1.0,1.0,1.0,True,False,0.900325,1.0
glm53flash,parametric,json,0009/00099014,True,4,8,1.0,1.0,,,,1.0,1.0,3.6e-05,0.9964,0.9987,1.0,0.7854,0.9669,1.0,1.0,1.0,True,False,0.93685,1.0
glm53flash,parametric,json,0071/00710826,True,4,8,1.0,1.0,,,,1.0,1.0,0.000351,0.9649,0.6765,0.9411,0.3707,0.8274,1.0,1.0,1.0,True,False,0.709875,1.0
glm53flash,parametric,json,0005/00057589,True,4,6,1.0,0.75,,,,0.8333333333333334,0.8333333333333334,0.000956,0.9044,0.1142,0.895,0.5249,0.8165,1.0,1.0,1.0,True,False,0.59,1.0
glm53flash,parametric,json,0015/00155951,True,2,7,0.5,0.875,,,,0.75,0.75,0.005349,0.46510000000000007,0.3161,0.6203,0.0808,0.5248,1.0,1.0,1.0,True,False,0.3467,1.0
glm53flash,parametric,json,0013/00134405,True,3,8,0.75,1.0,,,,0.9166666666666666,0.9166666666666666,0.000852,0.9148000000000001,0.4035,0.8496,0.4368,0.5765,1.0,1.0,1.0,True,False,0.5829,1.0
glm53flash,parametric,json,0053/00531353,True,3,7,0.75,0.875,,,,0.8333333333333334,0.8333333333333334,0.000669,0.9331,0.6022,0.8992,0.33,0.7162,1.0,1.0,1.0,True,False,0.645375,1.0
glm53flash,parametric,json,0094/00941813,False,0,0,0.0,0.0,,,,0.0,0.0,0.01,0.0,0.0,0.0,0.0,0.0,0.0,0.0,0.0,False,False,0.0,0.0
glm53flash,parametric,json,0081/00817410,True,4,7,1.0,0.875,,,,0.9166666666666666,0.9166666666666666,0.000248,0.9752,0.0,0.9666,0.1523,0.7417,0.0,1.0,1.0,False,True,0.4673,0.6666666666666666
glm53flash,parametric,json,0045/00457640,True,4,6,1.0,0.75,,,,0.8333333333333334,0.8333333333333334,0.000265,0.9735,0.4754,0.9828,0.2464,0.8812,1.0,1.0,1.0,True,False,0.6441250000000001,1.0
glm53flash,parametric,json,0047/00478097,True,4,8,1.0,1.0,,,,1.0,1.0,4.3e-05,0.9957,0.9808,0.9989,0.7479,0.9247,1.0,1.0,1.0,True,False,0.912275,1.0
glm53flash,parametric,json,0013/00135353,True,4,8,1.0,1.0,,,,1.0,1.0,0.000468,0.9532,0.6065,0.8873,0.281,0.7347,1.0,1.0,1.0,True,False,0.64385,1.0
glm53flash,parametric,json,0062/00621494,True,4,7,1.0,0.875,,,,0.9166666666666666,0.9166666666666666,0.001004,0.8996,0.5387,0.8574,0.3521,0.821,1.0,1.0,1.0,True,False,0.6528499999999999,1.0
glm53flash,parametric,json,0016/00169954,True,4,8,1.0,1.0,,,,1.0,1.0,0.002494,0.7505999999999999,0.1,0.691,0.1845,0.4867,1.0,1.0,1.0,True,False,0.38045,1.0
glm53flash,parametric,json,0039/00390147,True,4,8,1.0,1.0,,,,1.0,1.0,0.000963,0.9037,0.6484,0.893,0.2928,0.6716,1.0,1.0,1.0,True,False,0.6291249999999999,1.0
glm53flash,parametric,json,0089/00895528,True,3,5,0.75,0.625,,,,0.6666666666666666,0.6666666666666666,0.004718,0.5282,0.2664,0.5084,0.0355,0.531,1.0,1.0,1.0,True,False,0.340275,1.0
glm53flash,parametric,json,0030/00306122,True,4,5,1.0,0.625,,,,0.75,0.75,0.001271,0.8729,0.3182,0.7788,0.0977,0.5379,1.0,1.0,1.0,True,False,0.456675,1.0
glm53flash,parametric,json,0070/00706059,True,3,6,0.75,0.75,,,,0.75,0.75,0.000638,0.9362,0.7947,0.913,0.2891,0.7962,1.0,1.0,1.0,True,False,0.7040500000000001,1.0
glm53flash,parametric,json,0008/00086411,True,3,7,0.75,0.875,,,,0.8333333333333334,0.8333333333333334,0.003677,0.6323,0.104,0.5248,0.1803,0.531,1.0,1.0,1.0,True,False,0.3619,1.0
glm53flash,parametric,json,0073/00732007,True,2,3,0.5,0.375,,,,0.4166666666666667,0.4166666666666667,0.000526,0.9474,0.5017,0.8971,0.4755,0.7844,1.0,1.0,1.0,True,False,0.67725,1.0
glm53flash,parametric,json,0010/00103639,True,4,7,1.0,0.875,,,,0.9166666666666666,0.9166666666666666,0.000295,0.9705,0.5667,0.9324,0.7575,0.7558,1.0,1.0,0.988372,True,False,0.762625,0.996124
glm53flash,parametric,json,0019/00199917,True,4,7,1.0,0.875,,,,0.9166666666666666,0.9166666666666666,0.00104,0.896,0.65,0.8899,0.3515,0.7218,1.0,1.0,1.0,True,False,0.654825,1.0
glm53flash,parametric,json,0035/00350534,True,3,7,0.75,0.875,,,,0.8333333333333334,0.8333333333333334,0.000704,0.9296,0.6999,0.8873,0.3029,0.7756,1.0,1.0,1.0,True,False,0.6769999999999999,1.0
glm53flash,parametric,json,0043/00431078,True,3,7,0.75,0.875,,,,0.8333333333333334,0.8333333333333334,0.000462,0.9538,0.5337,0.9149,0.2668,0.7232,1.0,1.0,1.0,True,False,0.619375,1.0
glm53flash,parametric,json,0073/00737056,True,4,8,1.0,1.0,,,,1.0,1.0,0.000875,0.9125,0.3424,0.8552,0.2673,0.7801,1.0,1.0,1.0,True,False,0.575575,1.0
glm53flash,parametric,json,0078/00788594,True,4,7,1.0,0.875,,,,0.9166666666666666,0.9166666666666666,0.001418,0.8582,0.4515,0.8468,0.1885,0.7543,1.0,1.0,1.0,True,False,0.563125,1.0
glm53flash,parametric,json,0067/00677148,True,3,6,0.75,0.75,,,,0.75,0.75,0.000896,0.9104,0.4222,0.8171,0.2588,0.7194,1.0,1.0,1.0,True,False,0.5777,1.0
glm53flash,parametric,json,0093/00937375,True,4,8,1.0,1.0,,,,1.0,1.0,0.000292,0.9708,0.6334,0.9737,0.4972,0.8139,1.0,1.0,1.0,True,False,0.728825,1.0
glm53flash,parametric,json,0072/00726428,True,4,7,1.0,0.875,,,,0.9166666666666666,0.9166666666666666,0.001999,0.8001,0.6094,0.788,0.1667,0.7028,1.0,1.0,1.0,True,False,0.56975,1.0
glm53flash,parametric,json,0049/00497058,True,4,8,1.0,1.0,,,,1.0,1.0,4.7e-05,0.9953,0.0,1.0,0.6951,0.9107,1.0,1.0,1.0,False,True,0.6502749999999999,1.0
glm53flash,parametric,json,0013/00133189,True,4,8,1.0,1.0,,,,1.0,1.0,0.000539,0.9461,0.491,0.8705,0.2656,0.5806,1.0,1.0,1.0,True,False,0.570825,1.0
glm53flash,parametric,json,0024/00249966,True,3,8,0.75,1.0,,,,0.9166666666666666,0.9166666666666666,0.00076,0.924,0.6387,0.8654,0.5351,0.7314,1.0,1.0,1.0,True,False,0.7073,1.0
glm53flash,parametric,json,0004/00042777,True,4,8,1.0,1.0,,,,1.0,1.0,0.003721,0.6279,0.3292,0.6373,0.351,0.5018,1.0,1.0,1.0,True,False,0.452475,1.0
glm53flash,parametric,json,0055/00553999,True,4,7,1.0,0.875,,,,0.9166666666666666,0.9166666666666666,0.006891,0.31089999999999995,0.1773,0.3508,0.0226,0.5697,1.0,1.0,1.0,True,False,0.270125,1.0
glm53flash,parametric,json,0068/00681400,True,4,8,1.0,1.0,,,,1.0,1.0,6.1e-05,0.9939,0.9002,0.9968,0.8064,0.9022,1.0,1.0,1.0,True,False,0.900675,1.0
glm53flash,parametric,json,0071/00714935,True,4,7,1.0,0.875,,,,0.9166666666666666,0.9166666666666666,0.000789,0.9211,0.0,0.9394,0.303,0.8783,1.0,1.0,1.0,False,True,0.5256,1.0
glm53flash,parametric,json,0022/00227442,True,4,7,1.0,0.875,,,,0.9166666666666666,0.9166666666666666,0.000441,0.9559,0.0,0.9089,0.5534,0.8168,0.0,1.0,0.996917,False,True,0.581525,0.665639
glm53flash,parametric,json,0039/00397627,True,3,4,0.75,0.5,,,,0.5833333333333334,0.5833333333333334,0.003006,0.6994,0.4874,0.7609,0.1978,0.5911,1.0,1.0,1.0,True,False,0.493925,1.0
glm53flash,parametric,json,0026/00268024,True,4,8,1.0,1.0,,,,1.0,1.0,4e-06,0.9996,0.9985,1.0,0.9841,0.9889,1.0,1.0,1.0,True,False,0.992775,1.0
glm53flash,parametric,json,0007/00073282,True,3,7,0.75,0.875,,,,0.8333333333333334,0.8333333333333334,0.002355,0.7645,0.052,0.8485,0.2226,0.8002,1.0,1.0,1.0,True,False,0.459825,1.0
glm53flash,parametric,json,0036/00369868,True,4,8,1.0,1.0,,,,1.0,1.0,0.001089,0.8911,0.6137,0.7977,0.2796,0.7045,1.0,1.0,0.998759,True,False,0.622225,0.9995863333333332
glm53flash,parametric,json,0084/00844862,True,4,8,1.0,1.0,,,,1.0,1.0,4e-05,0.996,0.9339,1.0,0.782,0.9327,1.0,1.0,1.0,True,False,0.91115,1.0
glm53flash,parametric,json,0026/00268027,True,4,8,1.0,1.0,,,,1.0,1.0,1.2e-05,0.9988,0.9808,1.0,0.9819,0.9093,1.0,1.0,1.0,True,False,0.9677,1.0
glm53flash,parametric,json,0092/00925049,True,4,7,1.0,0.875,,,,0.9166666666666666,0.9166666666666666,0.00033,0.967,0.4037,0.9658,0.4895,0.78,1.0,1.0,1.0,True,False,0.66005,1.0
glm53flash,parametric,json,0072/00725542,True,3,6,0.75,0.75,,,,0.75,0.75,0.000175,0.9825,0.0,0.9754,0.4573,0.8494,1.0,1.0,1.0,False,True,0.5723,1.0
glm53flash,parametric,json,0015/00150938,True,3,8,0.75,1.0,,,,0.9166666666666666,0.9166666666666666,0.000258,0.9742,0.785,0.9569,0.6327,0.8724,1.0,1.0,1.0,True,False,0.816075,1.0
glm53flash,parametric,json,0072/00726429,True,3,8,0.75,1.0,,,,0.9166666666666666,0.9166666666666666,0.002755,0.7244999999999999,0.4564,0.811,0.0627,0.7002,1.0,1.0,1.0,True,False,0.48595,1.0
glm53flash,parametric,json,0065/00657969,True,4,8,1.0,1.0,,,,1.0,1.0,0.002207,0.7793,0.2166,0.6753,0.2398,0.4478,1.0,1.0,1.0,True,False,0.420875,1.0
glm53flash,parametric,json,0031/00310774,True,4,7,1.0,0.875,,,,0.9166666666666666,0.9166666666666666,0.004007,0.5992999999999999,0.1074,0.4195,0.1167,0.5208,1.0,1.0,1.0,True,False,0.33605,1.0
glm53flash,parametric,json,0061/00618813,True,4,8,1.0,1.0,,,,1.0,1.0,0.002744,0.7256,0.6008,0.8639,0.1571,0.6244,1.0,1.0,1.0,True,False,0.526975,1.0
glm53flash,parametric,json,0030/00307386,True,4,8,1.0,1.0,,,,1.0,1.0,4e-05,0.996,0.9919,1.0,0.7505,0.9473,1.0,1.0,1.0,True,False,0.9214249999999999,1.0
glm53flash,parametric,json,0072/00724192,True,3,7,0.75,0.875,,,,0.8333333333333334,0.8333333333333334,0.00174,0.8260000000000001,0.0,0.6969,0.1368,0.4982,0.0,1.0,1.0,False,True,0.36525,0.6666666666666666
glm53flash,parametric,json,0018/00189804,True,4,8,1.0,1.0,,,,1.0,1.0,0.000829,0.9171,0.0,0.9009,0.5506,0.73,0.0,1.0,0.997605,False,True,0.549425,0.6658683333333334
glm53flash,parametric,json,0080/00807326,True,4,8,1.0,1.0,,,,1.0,1.0,0.000417,0.9583,0.7222,0.9335,0.3878,0.7794,1.0,1.0,1.0,True,False,0.711925,1.0
glm53flash,parametric,json,0078/00789364,True,3,8,0.75,1.0,,,,0.9166666666666666,0.9166666666666666,0.000326,0.9674,0.0,0.945,0.5035,0.8113,1.0,1.0,1.0,False,True,0.57055,1.0
glm53flash,parametric,json,0002/00029952,True,3,7,0.75,0.875,,,,0.8333333333333334,0.8333333333333334,6.1e-05,0.9939,1.0,0.9998,0.6783,0.8861,1.0,1.0,1.0,True,False,0.889575,1.0
glm53flash,parametric,json,0005/00051224,True,4,8,1.0,1.0,,,,1.0,1.0,0.00203,0.7969999999999999,0.4326,0.8081,0.0534,0.6547,1.0,1.0,1.0,True,False,0.484425,1.0
glm53flash,parametric,json,0087/00873073,True,4,8,1.0,1.0,,,,1.0,1.0,0.000762,0.9238,0.4389,0.8719,0.3906,0.6522,1.0,1.0,1.0,True,False,0.601375,1.0
glm53flash,parametric,json,0077/00779770,True,3,5,0.75,0.625,,,,0.6666666666666666,0.6666666666666666,0.001804,0.8196,0.0579,0.6279,0.0268,0.6595,1.0,1.0,1.0,True,False,0.39095,1.0
glm53flash,parametric,json,0077/00778195,True,4,8,1.0,1.0,,,,1.0,1.0,0.002084,0.7916000000000001,0.1375,0.6266,0.2178,0.3982,1.0,1.0,1.0,True,False,0.38627500000000003,1.0
glm53flash,parametric,json,0039/00397628,True,4,8,1.0,1.0,,,,1.0,1.0,0.003741,0.6259,0.3524,0.7005,0.1478,0.5397,1.0,1.0,1.0,True,False,0.41645,1.0
glm53flash,parametric,json,0008/00089777,True,4,8,1.0,1.0,,,,1.0,1.0,0.002091,0.7909,0.4184,0.6144,0.0646,0.6495,1.0,1.0,1.0,True,False,0.48085,1.0
glm53flash,parametric,json,0075/00758810,True,4,7,1.0,0.875,,,,0.9166666666666666,0.9166666666666666,0.001372,0.8628,0.4185,0.8011,0.3396,0.6193,1.0,1.0,1.0,True,False,0.5600499999999999,1.0
glm53flash,parametric,json,0028/00284926,True,0,4,0.0,0.5,,,,0.3333333333333333,0.3333333333333333,0.009632,0.036800000000000055,0.1321,0.3973,0.0966,0.4128,1.0,1.0,1.0,True,False,0.169575,1.0
glm53flash,parametric,json,0074/00741629,True,2,7,0.5,0.875,,,,0.75,0.75,0.003035,0.6965,0.2871,0.5398,0.0913,0.5966,1.0,1.0,1.0,True,False,0.417875,1.0
glm53flash,parametric,json,0097/00973497,True,4,8,1.0,1.0,,,,1.0,1.0,0.001216,0.8784,0.1692,0.8962,0.3749,0.7391,1.0,1.0,1.0,True,False,0.5404,1.0
glm53flash,parametric,json,0047/00474303,True,2,7,0.5,0.875,,,,0.75,0.75,0.001208,0.8792,0.2705,0.8269,0.2224,0.7689,1.0,1.0,1.0,True,False,0.53525,1.0
glm53flash,parametric,json,0061/00616188,True,4,8,1.0,1.0,,,,1.0,1.0,0.00014,0.986,0.9059,0.9706,0.7282,0.8502,1.0,1.0,1.0,True,False,0.867575,1.0
glm53flash,parametric,json,0005/00051572,True,2,8,0.5,1.0,,,,0.8333333333333334,0.8333333333333334,0.000296,0.9704,0.5997,0.9191,0.624,0.8077,1.0,1.0,1.0,True,False,0.7504500000000001,1.0
glm53flash,parametric,json,0025/00253807,True,4,8,1.0,1.0,,,,1.0,1.0,0.001697,0.8303,0.2962,0.6651,0.1425,0.6009,1.0,1.0,1.0,True,False,0.46747500000000003,1.0
glm53flash,parametric,json,0024/00242128,True,2,7,0.5,0.875,,,,0.75,0.75,0.001329,0.8671,0.0,0.8499,0.183,0.7591,1.0,1.0,1.0,False,True,0.4523,1.0
glm53flash,parametric,json,0029/00292492,True,2,6,0.5,0.75,,,,0.6666666666666666,0.6666666666666666,0.000654,0.9346,0.5178,0.8142,0.0547,0.7007,1.0,1.0,1.0,True,False,0.55195,1.0
glm53flash,parametric,json,0054/00547865,True,4,8,1.0,1.0,,,,1.0,1.0,5.7e-05,0.9943,0.99,0.9933,0.876,0.9568,1.0,1.0,1.0,True,False,0.954275,1.0
glm53flash,parametric,json,0005/00052091,True,3,8,0.75,1.0,,,,0.9166666666666666,0.9166666666666666,0.000395,0.9605,0.8173,0.9444,0.4204,0.8504,1.0,1.0,1.0,True,False,0.76215,1.0
glm53flash,parametric,json,0034/00344679,True,0,2,0.0,0.25,,,,0.16666666666666666,0.16666666666666666,0.00882,0.118,0.04,0.3143,0.1178,0.5741,1.0,1.0,1.0,True,False,0.21247500000000002,1.0
glm53flash,parametric,json,0092/00923543,True,3,7,0.75,0.875,,,,0.8333333333333334,0.8333333333333334,0.000553,0.9447,0.4017,0.8923,0.4696,0.6472,1.0,1.0,1.0,True,False,0.6158,1.0
glm53flash,parametric,json,0024/00242859,True,4,4,1.0,0.5,,,,0.6666666666666666,0.6666666666666666,0.000621,0.9379,0.6593,0.828,0.1959,0.6978,1.0,1.0,1.0,True,False,0.622725,1.0
glm53flash,parametric,json,0079/00790247,True,4,7,1.0,0.875,,,,0.9166666666666666,0.9166666666666666,0.000551,0.9449,0.7525,0.898,0.3438,0.8071,1.0,1.0,1.0,True,False,0.712075,1.0
glm53flash,parametric,json,0084/00843879,True,4,7,1.0,0.875,,,,0.9166666666666666,0.9166666666666666,0.000478,0.9522,0.0,0.88,0.4522,0.7291,1.0,1.0,0.98041,False,True,0.533375,0.99347
glm53flash,parametric,json,0010/00108226,True,3,7,0.75,0.875,,,,0.8333333333333334,0.8333333333333334,0.000324,0.9676,0.7972,0.9461,0.6038,0.8679,1.0,1.0,1.0,True,False,0.809125,1.0
glm53flash,parametric,json,0026/00268031,True,4,6,1.0,0.75,,,,0.8333333333333334,0.8333333333333334,0.00062,0.938,0.5367,0.9564,0.4626,0.8653,1.0,1.0,1.0,True,False,0.70065,1.0
glm53flash,parametric,json,0022/00225399,True,4,6,1.0,0.75,,,,0.8333333333333334,0.8333333333333334,0.001755,0.8245,0.6551,0.8207,0.1175,0.7068,1.0,1.0,0.998379,True,False,0.575975,0.9994596666666666
glm53flash,parametric,json,0057/00570258,True,2,6,0.5,0.75,,,,0.6666666666666666,0.6666666666666666,0.00086,0.914,0.6993,0.978,0.2852,0.9104,1.0,1.0,1.0,True,False,0.702225,1.0
glm53flash,parametric,json,0010/00101896,True,4,6,1.0,0.75,,,,0.8333333333333334,0.8333333333333334,0.001381,0.8619,0.4889,0.7501,0.0962,0.7114,1.0,1.0,1.0,True,False,0.5396,1.0
glm53flash,parametric,json,0061/00619989,False,0,0,0.0,0.0,,,,0.0,0.0,0.01,0.0,0.0,0.0,0.0,0.0,0.0,0.0,0.0,False,False,0.0,0.0
glm53flash,parametric,json,0022/00226013,True,4,7,1.0,0.875,,,,0.9166666666666666,0.9166666666666666,0.000403,0.9597,0.7875,0.9403,0.357,0.8439,1.0,1.0,1.0,True,False,0.737025,1.0
glm53flash,parametric,json,0052/00523563,True,4,8,1.0,1.0,,,,1.0,1.0,0.001151,0.8849,0.833,0.8525,0.4578,0.7753,1.0,1.0,1.0,True,False,0.73775,1.0
glm53flash,parametric,json,0036/00361447,True,4,8,1.0,1.0,,,,1.0,1.0,0.000113,0.9887,0.894,0.9899,0.5884,0.7911,1.0,1.0,1.0,True,False,0.81555,1.0
glm53flash,parametric,json,0070/00709862,True,4,7,1.0,0.875,,,,0.9166666666666666,0.9166666666666666,7.5e-05,0.9925,0.9424,1.0,0.5698,0.8355,1.0,1.0,1.0,True,False,0.8350500000000001,1.0
glm53flash,parametric,json,0054/00541109,True,4,6,1.0,0.75,,,,0.8333333333333334,0.8333333333333334,0.003391,0.6609,0.0,0.6202,0.0485,0.4259,1.0,1.0,0.965278,False,True,0.283825,0.988426
glm53flash,parametric,json,0086/00866616,True,3,7,0.75,0.875,,,,0.8333333333333334,0.8333333333333334,9e-05,0.991,0.7643,0.9867,0.791,0.8859,1.0,1.0,1.0,True,False,0.85805,1.0
glm53flash,parametric,json,0027/00279318,True,2,8,0.5,1.0,,,,0.8333333333333334,0.8333333333333334,0.000834,0.9166,0.3359,0.7965,0.3195,0.6273,1.0,1.0,1.0,True,False,0.549825,1.0
glm53flash,parametric,json,0082/00827203,True,3,8,0.75,1.0,,,,0.9166666666666666,0.9166666666666666,0.000544,0.9456,0.2549,0.9523,0.4208,0.8779,1.0,1.0,1.0,True,False,0.6248,1.0
glm53flash,parametric,json,0039/00391450,True,4,3,1.0,0.375,,,,0.5833333333333334,0.5833333333333334,0.003518,0.6482,0.4862,0.6534,0.128,0.6512,1.0,1.0,1.0,True,False,0.4784,1.0
glm53flash,parametric,json,0013/00135378,True,4,8,1.0,1.0,,,,1.0,1.0,0.000551,0.9449,0.3757,0.9212,0.2772,0.6382,1.0,1.0,0.96466,True,False,0.5589999999999999,0.98822
glm53flash,parametric,json,0093/00934405,True,3,7,0.75,0.875,,,,0.8333333333333334,0.8333333333333334,0.001496,0.8504,0.3264,0.7658,0.2008,0.6549,1.0,1.0,1.0,True,False,0.508125,1.0
glm53flash,parametric,json,0056/00568816,True,3,8,0.75,1.0,,,,0.9166666666666666,0.9166666666666666,0.000684,0.9316,0.3542,0.8064,0.2406,0.6122,1.0,1.0,1.0,True,False,0.53465,1.0
glm53flash,parametric,json,0072/00728052,True,3,8,0.75,1.0,,,,0.9166666666666666,0.9166666666666666,0.003293,0.6707000000000001,0.2467,0.6008,0.0481,0.5321,1.0,1.0,1.0,True,False,0.3744,1.0
glm53flash,parametric,json,0021/00210983,True,3,7,0.75,0.875,,,,0.8333333333333334,0.8333333333333334,0.002639,0.7361,0.0,0.6339,0.2563,0.685,1.0,1.0,0.996599,False,True,0.41935,0.9988663333333333
glm53flash,parametric,json,0046/00460772,True,2,7,0.5,0.875,,,,0.75,0.75,0.000175,0.9825,0.0,0.9711,0.6905,0.8158,0.0,1.0,1.0,False,True,0.6222,0.6666666666666666
qwen38max,parametric,json,0085/00852511,True,4,8,1.0,1.0,,,,1.0,1.0,0.000147,0.9853,0.9631,0.9714,0.7768,0.8761,1.0,1.0,1.0,True,False,0.900325,1.0
qwen38max,parametric,json,0009/00099014,True,4,8,1.0,1.0,,,,1.0,1.0,3.6e-05,0.9964,0.9988,1.0,0.7855,0.9667,1.0,1.0,1.0,True,False,0.93685,1.0
qwen38max,parametric,json,0071/00710826,True,3,8,0.75,1.0,,,,0.9166666666666666,0.9166666666666666,0.000835,0.9165,0.5352,0.8697,0.3041,0.7502,1.0,1.0,1.0,True,False,0.6265,1.0
qwen38max,parametric,json,0005/00057589,True,4,6,1.0,0.75,,,,0.8333333333333334,0.8333333333333334,9.2e-05,0.9908,0.7388,0.9853,0.7133,0.9217,1.0,1.0,1.0,True,False,0.8411500000000001,1.0
qwen38max,parametric,json,0015/00155951,True,3,8,0.75,1.0,,,,0.9166666666666666,0.9166666666666666,0.000553,0.9447,0.6961,0.8742,0.3083,0.7474,1.0,1.0,1.0,True,False,0.674125,1.0
qwen38max,parametric,json,0013/00134405,True,4,8,1.0,1.0,,,,1.0,1.0,3.4e-05,0.9966,0.8934,1.0,0.8495,0.8647,1.0,1.0,1.0,True,False,0.90105,1.0
qwen38max,parametric,json,0053/00531353,True,3,8,0.75,1.0,,,,0.9166666666666666,0.9166666666666666,0.004096,0.5904,0.2377,0.5538,0.1078,0.5293,1.0,1.0,1.0,True,False,0.3663,1.0
qwen38max,parametric,json,0094/00941813,True,4,8,1.0,1.0,,,,1.0,1.0,0.000308,0.9692,0.7625,0.9405,0.3385,0.88,1.0,1.0,1.0,True,False,0.7375499999999999,1.0
qwen38max,parametric,json,0081/00817410,True,4,8,1.0,1.0,,,,1.0,1.0,0.0002,0.98,0.6014,0.9697,0.5204,0.824,1.0,1.0,1.0,True,False,0.7314499999999999,1.0
qwen38max,parametric,json,0045/00457640,True,4,7,1.0,0.875,,,,0.9166666666666666,0.9166666666666666,0.000902,0.9097999999999999,0.2807,0.8977,0.1997,0.8304,1.0,1.0,1.0,True,False,0.55515,1.0
qwen38max,parametric,json,0047/00478097,True,4,8,1.0,1.0,,,,1.0,1.0,2.9e-05,0.9971,0.9794,0.9977,0.8631,0.9484,1.0,1.0,1.0,True,False,0.9470000000000001,1.0
qwen38max,parametric,json,0013/00135353,True,4,8,1.0,1.0,,,,1.0,1.0,0.000463,0.9537,0.6065,0.8873,0.2804,0.7377,1.0,1.0,1.0,True,False,0.644575,1.0
qwen38max,parametric,json,0062/00621494,True,4,8,1.0,1.0,,,,1.0,1.0,0.000698,0.9302,0.4902,0.8964,0.2677,0.8586,1.0,1.0,1.0,True,False,0.636675,1.0
qwen38max,parametric,json,0016/00169954,True,3,8,0.75,1.0,,,,0.9166666666666666,0.9166666666666666,0.002778,0.7222,0.0859,0.6673,0.1748,0.5208,1.0,1.0,1.0,True,False,0.375925,1.0
qwen38max,parametric,json,0039/00390147,True,4,8,1.0,1.0,,,,1.0,1.0,0.001554,0.8446,0.4658,0.7871,0.2332,0.6402,1.0,1.0,1.0,True,False,0.54595,1.0
qwen38max,parametric,json,0089/00895528,True,4,6,1.0,0.75,,,,0.8333333333333334,0.8333333333333334,0.005165,0.48349999999999993,0.2631,0.4951,0.0376,0.5381,1.0,1.0,1.0,True,False,0.330575,1.0
qwen38max,parametric,json,0030/00306122,True,4,5,1.0,0.625,,,,0.75,0.75,0.001294,0.8706,0.3316,0.7935,0.0941,0.5625,1.0,1.0,1.0,True,False,0.4647,1.0
qwen38max,parametric,json,0070/00706059,True,3,6,0.75,0.75,,,,0.75,0.75,0.000856,0.9144,0.7268,0.8898,0.2372,0.7893,1.0,1.0,1.0,True,False,0.666925,1.0
qwen38max,parametric,json,0008/00086411,True,3,8,0.75,1.0,,,,0.9166666666666666,0.9166666666666666,0.004584,0.5416,0.1185,0.455,0.1214,0.3758,1.0,1.0,1.0,True,False,0.289325,1.0
qwen38max,parametric,json,0073/00732007,True,2,3,0.5,0.375,,,,0.4166666666666667,0.4166666666666667,0.000513,0.9487,0.4994,0.9006,0.4782,0.7985,1.0,1.0,1.0,True,False,0.6812,1.0
qwen38max,parametric,json,0010/00103639,True,3,7,0.75,0.875,,,,0.8333333333333334,0.8333333333333334,0.000223,0.9777,0.5913,0.9485,0.7976,0.7595,1.0,1.0,0.989292,True,False,0.781525,0.9964306666666666
qwen38max,parametric,json,0019/00199917,True,4,6,1.0,0.75,,,,0.8333333333333334,0.8333333333333334,0.000984,0.9016,0.6545,0.8929,0.3606,0.7428,1.0,1.0,1.0,True,False,0.664875,1.0
qwen38max,parametric,json,0035/00350534,True,3,8,0.75,1.0,,,,0.9166666666666666,0.9166666666666666,0.00105,0.895,0.6184,0.8304,0.2398,0.7236,1.0,1.0,1.0,True,False,0.6192,1.0
qwen38max,parametric,json,0043/00431078,True,3,7,0.75,0.875,,,,0.8333333333333334,0.8333333333333334,0.001647,0.8352999999999999,0.3453,0.7863,0.2606,0.5991,1.0,1.0,0.999078,True,False,0.510075,0.9996926666666667
qwen38max,parametric,json,0073/00737056,True,4,8,1.0,1.0,,,,1.0,1.0,0.000749,0.9251,0.4624,0.8984,0.2939,0.8389,1.0,1.0,1.0,True,False,0.6300749999999999,1.0
qwen38max,parametric,json,0078/00788594,True,3,6,0.75,0.75,,,,0.75,0.75,0.000713,0.9287,0.4707,0.8976,0.244,0.7625,1.0,1.0,1.0,True,False,0.601475,1.0
qwen38max,parametric,json,0067/00677148,True,2,5,0.5,0.625,,,,0.5833333333333334,0.5833333333333334,0.001414,0.8586,0.4499,0.7658,0.2209,0.7092,1.0,1.0,1.0,True,False,0.55965,1.0
qwen38max,parametric,json,0093/00937375,True,4,8,1.0,1.0,,,,1.0,1.0,0.000285,0.9715,0.0,0.9747,0.4932,0.8141,0.0,1.0,0.998753,False,True,0.5697,0.666251
qwen38max,parametric,json,0072/00726428,True,4,7,1.0,0.875,,,,0.9166666666666666,0.9166666666666666,0.00301,0.6990000000000001,0.4321,0.6975,0.097,0.6859,1.0,1.0,0.995146,True,False,0.4785,0.998382
qwen38max,parametric,json,0049/00497058,True,4,7,1.0,0.875,,,,0.9166666666666666,0.9166666666666666,0.000234,0.9766,0.0,0.9619,0.1691,0.7059,1.0,1.0,0.940074,False,True,0.4629,0.9800246666666667
qwen38max,parametric,json,0013/00133189,True,4,7,1.0,0.875,,,,0.9166666666666666,0.9166666666666666,0.000953,0.9047000000000001,0.4199,0.7343,0.2879,0.5544,1.0,1.0,1.0,True,False,0.541725,1.0
qwen38max,parametric,json,0024/00249966,True,3,8,0.75,1.0,,,,0.9166666666666666,0.9166666666666666,0.000791,0.9209,0.6369,0.8583,0.5346,0.7314,1.0,1.0,1.0,True,False,0.7059500000000001,1.0
qwen38max,parametric,json,0004/00042777,True,4,8,1.0,1.0,,,,1.0,1.0,0.003693,0.6307,0.3318,0.638,0.3409,0.5059,1.0,1.0,1.0,True,False,0.452325,1.0
qwen38max,parametric,json,0055/00553999,True,4,7,1.0,0.875,,,,0.9166666666666666,0.9166666666666666,0.007356,0.2644000000000001,0.3583,0.5095,0.0414,0.6775,1.0,1.0,1.0,True,False,0.33540000000000003,1.0
qwen38max,parametric,json,0068/00681400,True,4,8,1.0,1.0,,,,1.0,1.0,6.1e-05,0.9939,0.901,0.9967,0.8092,0.9033,1.0,1.0,1.0,True,False,0.90185,1.0
qwen38max,parametric,json,0071/00714935,True,4,7,1.0,0.875,,,,0.9166666666666666,0.9166666666666666,0.000834,0.9166,0.8391,0.9409,0.3157,0.8854,1.0,1.0,1.0,True,False,0.7392,1.0
qwen38max,parametric,json,0022/00227442,True,4,8,1.0,1.0,,,,1.0,1.0,0.000102,0.9898,0.7971,0.9935,0.6004,0.8829,1.0,1.0,1.0,True,False,0.81755,1.0
qwen38max,parametric,json,0039/00397627,True,3,5,0.75,0.625,,,,0.6666666666666666,0.6666666666666666,0.003827,0.6173,0.4779,0.5047,0.1892,0.5522,1.0,1.0,1.0,True,False,0.45915,1.0
qwen38max,parametric,json,0026/00268024,True,4,8,1.0,1.0,,,,1.0,1.0,3e-06,0.9997,0.9989,1.0,0.9843,0.9892,1.0,1.0,1.0,True,False,0.993025,1.0
qwen38max,parametric,json,0007/00073282,True,4,7,1.0,0.875,,,,0.9166666666666666,0.9166666666666666,0.002402,0.7598,0.0656,0.8436,0.1393,0.7716,1.0,1.0,1.0,True,False,0.434075,1.0
qwen38max,parametric,json,0036/00369868,True,4,8,1.0,1.0,,,,1.0,1.0,0.000655,0.9345,0.6594,0.864,0.2984,0.7141,1.0,1.0,1.0,True,False,0.6516,1.0
qwen38max,parametric,json,0084/00844862,True,3,8,0.75,1.0,,,,0.9166666666666666,0.9166666666666666,2.9e-05,0.9971,0.973,1.0,0.8416,0.9425,1.0,1.0,1.0,True,False,0.93855,1.0
qwen38max,parametric,json,0026/00268027,True,4,8,1.0,1.0,,,,1.0,1.0,5e-06,0.9995,0.9975,1.0,0.9951,0.9623,1.0,1.0,1.0,True,False,0.9886,1.0
qwen38max,parametric,json,0092/00925049,True,4,6,1.0,0.75,,,,0.8333333333333334,0.8333333333333334,0.000322,0.9678,0.4003,0.967,0.4945,0.7802,1.0,1.0,1.0,True,False,0.6607,1.0
qwen38max,parametric,json,0072/00725542,True,3,7,0.75,0.875,,,,0.8333333333333334,0.8333333333333334,0.000755,0.9245,0.0,0.9098,0.4223,0.8524,1.0,1.0,1.0,False,True,0.5498000000000001,1.0
qwen38max,parametric,json,0015/00150938,True,3,8,0.75,1.0,,,,0.9166666666666666,0.9166666666666666,0.000276,0.9724,0.7745,0.9558,0.5314,0.8628,1.0,1.0,1.0,True,False,0.785275,1.0
qwen38max,parametric,json,0072/00726429,True,3,8,0.75,1.0,,,,0.9166666666666666,0.9166666666666666,0.001416,0.8584,0.6091,0.8321,0.2683,0.7327,1.0,1.0,1.0,True,False,0.617125,1.0
qwen38max,parametric,json,0065/00657969,True,4,8,1.0,1.0,,,,1.0,1.0,0.001235,0.8765000000000001,0.3535,0.7412,0.3545,0.5632,1.0,1.0,1.0,True,False,0.536925,1.0
qwen38max,parametric,json,0031/00310774,True,4,7,1.0,0.875,,,,0.9166666666666666,0.9166666666666666,0.000562,0.9438,0.3461,0.8726,0.2819,0.7819,1.0,1.0,0.967442,True,False,0.588425,0.9891473333333334
qwen38max,parametric,json,0061/00618813,True,3,8,0.75,1.0,,,,0.9166666666666666,0.9166666666666666,0.001698,0.8302,0.7037,0.8902,0.2479,0.7537,1.0,1.0,1.0,True,False,0.633875,1.0
qwen38max,parametric,json,0030/00307386,True,4,8,1.0,1.0,,,,1.0,1.0,5e-05,0.995,0.9838,1.0,0.7108,0.9403,1.0,1.0,1.0,True,False,0.907475,1.0
qwen38max,parametric,json,0072/00724192,True,3,8,0.75,1.0,,,,0.9166666666666666,0.9166666666666666,0.000154,0.9846,0.7485,0.9796,0.6213,0.8412,1.0,1.0,1.0,True,False,0.7988999999999999,1.0
qwen38max,parametric,json,0018/00189804,True,3,8,0.75,1.0,,,,0.9166666666666666,0.9166666666666666,0.001085,0.8915,0.0,0.8857,0.522,0.71,0.0,1.0,0.997003,False,True,0.530875,0.6656676666666667
qwen38max,parametric,json,0080/00807326,True,3,7,0.75,0.875,,,,0.8333333333333334,0.8333333333333334,0.000312,0.9688,0.7515,0.9526,0.473,0.7904,1.0,1.0,1.0,True,False,0.745925,1.0
qwen38max,parametric,json,0078/00789364,True,4,8,1.0,1.0,,,,1.0,1.0,8.1e-05,0.9919,0.0,1.0,0.5928,0.9217,1.0,1.0,1.0,False,True,0.6266,1.0
qwen38max,parametric,json,0002/00029952,True,4,8,1.0,1.0,,,,1.0,1.0,3.1e-05,0.9969,0.9959,1.0,0.8024,0.949,1.0,1.0,1.0,True,False,0.93605,1.0
qwen38max,parametric,json,0005/00051224,True,4,8,1.0,1.0,,,,1.0,1.0,0.00022,0.978,0.8666,0.9458,0.676,0.8675,1.0,1.0,1.0,True,False,0.847025,1.0
qwen38max,parametric,json,0087/00873073,True,4,8,1.0,1.0,,,,1.0,1.0,0.000716,0.9284,0.4819,0.869,0.365,0.79,1.0,1.0,1.0,True,False,0.641325,1.0
qwen38max,parametric,json,0077/00779770,True,2,4,0.5,0.5,,,,0.5,0.5,0.001844,0.8156,0.0573,0.6361,0.0333,0.6553,1.0,1.0,1.0,True,False,0.39037499999999997,1.0
qwen38max,parametric,json,0077/00778195,True,4,8,1.0,1.0,,,,1.0,1.0,0.001072,0.8928,0.263,0.8257,0.2588,0.4857,1.0,1.0,0.997557,True,False,0.475075,0.9991856666666666
qwen38max,parametric,json,0039/00397628,True,4,8,1.0,1.0,,,,1.0,1.0,0.004855,0.5145,0.3453,0.6396,0.1141,0.5006,1.0,1.0,1.0,True,False,0.368625,1.0
qwen38max,parametric,json,0008/00089777,True,4,8,1.0,1.0,,,,1.0,1.0,0.000304,0.9696,0.8714,0.9401,0.3549,0.9389,1.0,1.0,1.0,True,False,0.7837,1.0
qwen38max,parametric,json,0075/00758810,True,4,7,1.0,0.875,,,,0.9166666666666666,0.9166666666666666,0.00076,0.924,0.4857,0.8745,0.396,0.6769,1.0,1.0,1.0,True,False,0.62065,1.0
qwen38max,parametric,json,0028/00284926,True,3,7,0.75,0.875,,,,0.8333333333333334,0.8333333333333334,0.000159,0.9841,0.0,0.9625,0.7551,0.8006,0.0,1.0,1.0,False,True,0.63495,0.6666666666666666
qwen38max,parametric,json,0074/00741629,True,1,5,0.25,0.625,,,,0.5,0.5,0.001684,0.8316,0.3867,0.6665,0.0971,0.5728,1.0,1.0,0.99914,True,False,0.47204999999999997,0.9997133333333333
qwen38max,parametric,json,0097/00973497,True,4,8,1.0,1.0,,,,1.0,1.0,0.0006,0.9400000000000001,0.4064,0.8353,0.5416,0.7343,1.0,1.0,1.0,True,False,0.655575,1.0
qwen38max,parametric,json,0047/00474303,True,2,7,0.5,0.875,,,,0.75,0.75,0.001205,0.8795000000000001,0.2699,0.825,0.2066,0.7719,1.0,1.0,1.0,True,False,0.531975,1.0
qwen38max,parametric,json,0061/00616188,True,4,8,1.0,1.0,,,,1.0,1.0,0.000275,0.9725,0.7333,0.9262,0.5831,0.7641,1.0,1.0,1.0,True,False,0.76325,1.0
qwen38max,parametric,json,0005/00051572,True,4,8,1.0,1.0,,,,1.0,1.0,9.6e-05,0.9904,0.9163,0.9854,0.775,0.9248,1.0,1.0,1.0,True,False,0.901625,1.0
qwen38max,parametric,json,0025/00253807,True,4,8,1.0,1.0,,,,1.0,1.0,0.000648,0.9352,0.5659,0.8753,0.4252,0.7189,1.0,1.0,1.0,True,False,0.6613,1.0
qwen38max,parametric,json,0024/00242128,True,4,8,1.0,1.0,,,,1.0,1.0,0.000367,0.9633,0.0,0.9536,0.4996,0.8453,1.0,1.0,1.0,False,True,0.5770500000000001,1.0
qwen38max,parametric,json,0029/00292492,True,4,7,1.0,0.875,,,,0.9166666666666666,0.9166666666666666,0.000621,0.9379,0.5153,0.8304,0.0668,0.6964,1.0,1.0,1.0,True,False,0.5541,1.0
qwen38max,parametric,json,0054/00547865,True,3,8,0.75,1.0,,,,0.9166666666666666,0.9166666666666666,6.5e-05,0.9935,0.9878,0.9911,0.8589,0.9527,1.0,1.0,1.0,True,False,0.948225,1.0
qwen38max,parametric,json,0005/00052091,True,3,8,0.75,1.0,,,,0.9166666666666666,0.9166666666666666,0.000738,0.9262,0.7183,0.8884,0.3952,0.7847,1.0,1.0,1.0,True,False,0.7061,1.0
qwen38max,parametric,json,0034/00344679,True,4,5,1.0,0.625,,,,0.75,0.75,0.003034,0.6966000000000001,0.6266,0.6901,0.1549,0.602,1.0,1.0,1.0,True,False,0.5200250000000001,1.0
qwen38max,parametric,json,0092/00923543,True,2,8,0.5,1.0,,,,0.8333333333333334,0.8333333333333334,0.000708,0.9292,0.4647,0.8571,0.5195,0.6575,1.0,1.0,1.0,True,False,0.642725,1.0
qwen38max,parametric,json,0024/00242859,True,4,3,1.0,0.375,,,,0.5833333333333334,0.5833333333333334,0.000621,0.9379,0.6593,0.828,0.1959,0.6978,1.0,1.0,1.0,True,False,0.622725,1.0
qwen38max,parametric,json,0079/00790247,True,4,7,1.0,0.875,,,,0.9166666666666666,0.9166666666666666,6e-05,0.994,0.9957,1.0,0.6111,0.948,1.0,1.0,1.0,True,False,0.8872,1.0
qwen38max,parametric,json,0084/00843879,True,3,8,0.75,1.0,,,,0.9166666666666666,0.9166666666666666,0.000438,0.9562,0.7393,0.888,0.5122,0.7741,1.0,1.0,1.0,True,False,0.74545,1.0
qwen38max,parametric,json,0010/00108226,True,4,7,1.0,0.875,,,,0.9166666666666666,0.9166666666666666,0.000255,0.9745,0.828,0.9524,0.6171,0.8737,1.0,1.0,1.0,True,False,0.823325,1.0
qwen38max,parametric,json,0026/00268031,True,4,6,1.0,0.75,,,,0.8333333333333334,0.8333333333333334,0.00062,0.938,0.5367,0.9564,0.4626,0.8653,1.0,1.0,1.0,True,False,0.70065,1.0
qwen38max,parametric,json,0022/00225399,True,3,7,0.75,0.875,,,,0.8333333333333334,0.8333333333333334,0.00073,0.927,0.7606,0.8983,0.2235,0.7823,1.0,1.0,0.998638,True,False,0.67335,0.999546
qwen38max,parametric,json,0057/00570258,True,2,7,0.5,0.875,,,,0.75,0.75,0.000837,0.9163,0.8041,0.9777,0.4647,0.9542,1.0,1.0,1.0,True,False,0.784825,1.0
qwen38max,parametric,json,0010/00101896,True,4,6,1.0,0.75,,,,0.8333333333333334,0.8333333333333334,0.001458,0.8542,0.6188,0.8101,0.1252,0.7379,1.0,1.0,1.0,True,False,0.584025,1.0
qwen38max,parametric,json,0061/00619989,True,1,7,0.25,0.875,,,,0.6666666666666666,0.6666666666666666,0.00174,0.8260000000000001,0.6304,0.8006,0.1568,0.6339,1.0,1.0,1.0,True,False,0.561775,1.0
qwen38max,parametric,json,0022/00226013,True,4,8,1.0,1.0,,,,1.0,1.0,0.000246,0.9754,0.8576,0.9757,0.3836,0.8753,1.0,1.0,1.0,True,False,0.772975,1.0
qwen38max,parametric,json,0052/00523563,True,4,8,1.0,1.0,,,,1.0,1.0,0.000286,0.9714,0.8927,0.9396,0.4108,0.8296,1.0,1.0,1.0,True,False,0.7761250000000001,1.0
qwen38max,parametric,json,0036/00361447,True,4,8,1.0,1.0,,,,1.0,1.0,0.000115,0.9885,0.8871,0.9912,0.5812,0.7913,1.0,1.0,1.0,True,False,0.812025,1.0
qwen38max,parametric,json,0070/00709862,True,4,7,1.0,0.875,,,,0.9166666666666666,0.9166666666666666,7.6e-05,0.9924,0.9521,1.0,0.5674,0.8358,1.0,1.0,1.0,True,False,0.8369249999999999,1.0
qwen38max,parametric,json,0054/00541109,True,4,8,1.0,1.0,,,,1.0,1.0,0.003307,0.6693,0.0,0.6167,0.1207,0.4268,0.0,1.0,0.967141,False,True,0.3042,0.6557136666666666
qwen38max,parametric,json,0086/00866616,True,4,7,1.0,0.875,,,,0.9166666666666666,0.9166666666666666,5.9e-05,0.9941,0.9124,0.9926,0.8354,0.9378,1.0,1.0,1.0,True,False,0.919925,1.0
qwen38max,parametric,json,0027/00279318,True,3,8,0.75,1.0,,,,0.9166666666666666,0.9166666666666666,0.000396,0.9604,0.4368,0.9081,0.4622,0.733,1.0,1.0,1.0,True,False,0.6481,1.0
qwen38max,parametric,json,0082/00827203,True,4,8,1.0,1.0,,,,1.0,1.0,0.00012,0.988,0.0,0.9854,0.5988,0.9438,0.0,1.0,0.99977,False,True,0.6326499999999999,0.66659
qwen38max,parametric,json,0039/00391450,True,0,2,0.0,0.25,,,,0.16666666666666666,0.16666666666666666,0.002739,0.7261,0.2769,0.5618,0.0977,0.6639,1.0,1.0,1.0,True,False,0.44115,1.0
qwen38max,parametric,json,0013/00135378,True,4,8,1.0,1.0,,,,1.0,1.0,0.000352,0.9648,0.6533,0.9094,0.2613,0.7948,1.0,1.0,1.0,True,False,0.66855,1.0
qwen38max,parametric,json,0093/00934405,True,3,7,0.75,0.875,,,,0.8333333333333334,0.8333333333333334,0.001627,0.8373,0.4348,0.7379,0.1794,0.6201,1.0,1.0,1.0,True,False,0.5179,1.0
qwen38max,parametric,json,0056/00568816,True,4,8,1.0,1.0,,,,1.0,1.0,0.01,0.0,0.0782,0.2259,0.0631,0.4249,1.0,1.0,1.0,True,False,0.14155,1.0
qwen38max,parametric,json,0072/00728052,True,4,8,1.0,1.0,,,,1.0,1.0,0.000185,0.9815,0.9123,0.9755,0.5721,0.9079,1.0,1.0,1.0,True,False,0.84345,1.0
qwen38max,parametric,json,0021/00210983,True,4,8,1.0,1.0,,,,1.0,1.0,0.001508,0.8492,0.0,0.7682,0.3626,0.7863,0.0,1.0,0.995204,False,True,0.499525,0.665068
qwen38max,parametric,json,0046/00460772,True,4,7,1.0,0.875,,,,0.9166666666666666,0.9166666666666666,0.00025,0.975,0.674,0.9502,0.4302,0.7685,1.0,1.0,1.0,True,False,0.711925,1.0
qwen38max,parametric,openscad,0085/00852511,True,4,8,1.0,1.0,,,,1.0,1.0,0.000146,0.9854,0.9658,0.9714,0.7828,0.8714,1.0,1.0,1.0,True,False,0.90135,1.0
qwen38max,parametric,openscad,0009/00099014,True,4,8,1.0,1.0,,,,1.0,1.0,8.7e-05,0.9913,0.9936,1.0,0.4728,0.9398,1.0,1.0,1.0,True,False,0.849375,1.0
qwen38max,parametric,openscad,0071/00710826,True,4,8,1.0,1.0,,,,1.0,1.0,0.000748,0.9252,0.5597,0.8788,0.3517,0.7623,1.0,1.0,1.0,True,False,0.649725,1.0
qwen38max,parametric,openscad,0005/00057589,True,4,6,1.0,0.75,,,,0.8333333333333334,0.8333333333333334,0.000113,0.9887,0.7014,0.985,0.5763,0.9049,1.0,1.0,1.0,True,False,0.792825,1.0
qwen38max,parametric,openscad,0015/00155951,True,3,7,0.75,0.875,,,,0.8333333333333334,0.8333333333333334,0.000512,0.9488,0.7306,0.8838,0.3553,0.7652,1.0,1.0,1.0,True,False,0.699975,1.0
qwen38max,parametric,openscad,0013/00134405,True,4,8,1.0,1.0,,,,1.0,1.0,0.00088,0.912,0.4616,0.8448,0.4676,0.6301,1.0,1.0,1.0,True,False,0.6178250000000001,1.0
qwen38max,parametric,openscad,0053/00531353,True,3,8,0.75,1.0,,,,0.9166666666666666,0.9166666666666666,0.000412,0.9588,0.7711,0.9273,0.64,0.8432,1.0,1.0,1.0,True,False,0.803275,1.0
qwen38max,parametric,openscad,0094/00941813,True,4,8,1.0,1.0,,,,1.0,1.0,0.000121,0.9879,0.9872,1.0,0.3651,0.9263,1.0,1.0,1.0,True,False,0.8166249999999999,1.0
qwen38max,parametric,openscad,0081/00817410,True,4,8,1.0,1.0,,,,1.0,1.0,0.000194,0.9806,0.7431,0.9655,0.5254,0.8201,1.0,1.0,1.0,True,False,0.7673,1.0
qwen38max,parametric,openscad,0045/00457640,True,4,7,1.0,0.875,,,,0.9166666666666666,0.9166666666666666,0.000284,0.9716,0.5134,0.978,0.3102,0.886,1.0,1.0,1.0,True,False,0.6703,1.0
qwen38max,parametric,openscad,0047/00478097,True,4,8,1.0,1.0,,,,1.0,1.0,6.8e-05,0.9932,0.9503,0.9977,0.6062,0.9151,1.0,1.0,1.0,True,False,0.8662,1.0
qwen38max,parametric,openscad,0013/00135353,True,4,8,1.0,1.0,,,,1.0,1.0,0.000463,0.9537,0.6042,0.8889,0.2728,0.7319,1.0,1.0,1.0,True,False,0.6406499999999999,1.0
qwen38max,parametric,openscad,0062/00621494,True,4,8,1.0,1.0,,,,1.0,1.0,0.000489,0.9511000000000001,0.6763,0.9112,0.3159,0.8578,1.0,1.0,1.0,True,False,0.700275,1.0
qwen38max,parametric,openscad,0016/00169954,True,3,8,0.75,1.0,,,,0.9166666666666666,0.9166666666666666,0.002407,0.7593000000000001,0.1087,0.7088,0.1733,0.5595,1.0,1.0,1.0,True,False,0.4002,1.0
qwen38max,parametric,openscad,0039/00390147,True,4,8,1.0,1.0,,,,1.0,1.0,0.000276,0.9724,0.8006,0.9736,0.4558,0.8236,1.0,1.0,1.0,True,False,0.7631,1.0
qwen38max,parametric,openscad,0089/00895528,True,2,7,0.5,0.875,,,,0.75,0.75,0.003756,0.6244000000000001,0.259,0.5883,0.0369,0.5744,1.0,1.0,1.0,True,False,0.37367500000000003,1.0
qwen38max,parametric,openscad,0030/00306122,True,4,5,1.0,0.625,,,,0.75,0.75,0.001805,0.8195,0.2884,0.701,0.1307,0.5485,1.0,1.0,1.0,True,False,0.446775,1.0
qwen38max,parametric,openscad,0070/00706059,True,3,6,0.75,0.75,,,,0.75,0.75,0.00089,0.911,0.691,0.8689,0.2273,0.7735,1.0,1.0,1.0,True,False,0.6507,1.0
qwen38max,parametric,openscad,0008/00086411,True,3,7,0.75,0.875,,,,0.8333333333333334,0.8333333333333334,0.004586,0.5414000000000001,0.1195,0.4572,0.1333,0.385,1.0,1.0,1.0,True,False,0.2948,1.0
qwen38max,parametric,openscad,0073/00732007,True,4,4,1.0,0.5,,,,0.6666666666666666,0.6666666666666666,0.000506,0.9494,0.4976,0.902,0.4837,0.7983,1.0,1.0,1.0,True,False,0.68225,1.0
qwen38max,parametric,openscad,0010/00103639,True,4,8,1.0,1.0,,,,1.0,1.0,0.000124,0.9876,0.6533,0.9708,0.8468,0.7986,1.0,1.0,1.0,True,False,0.8215749999999999,1.0
qwen38max,parametric,openscad,0019/00199917,True,4,6,1.0,0.75,,,,0.8333333333333334,0.8333333333333334,0.00117,0.883,0.5167,0.8226,0.1948,0.6509,1.0,1.0,0.999642,True,False,0.56135,0.9998806666666668
qwen38max,parametric,openscad,0035/00350534,True,3,8,0.75,1.0,,,,0.9166666666666666,0.9166666666666666,0.00099,0.901,0.6763,0.8411,0.213,0.7222,1.0,1.0,1.0,True,False,0.628125,1.0
qwen38max,parametric,openscad,0043/00431078,True,4,8,1.0,1.0,,,,1.0,1.0,0.001649,0.8351,0.381,0.7955,0.2483,0.6152,1.0,1.0,1.0,True,False,0.5199,1.0
qwen38max,parametric,openscad,0073/00737056,True,4,8,1.0,1.0,,,,1.0,1.0,0.000556,0.9444,0.4524,0.921,0.3352,0.851,1.0,1.0,1.0,True,False,0.64575,1.0
qwen38max,parametric,openscad,0078/00788594,True,4,7,1.0,0.875,,,,0.9166666666666666,0.9166666666666666,0.00027,0.973,0.6336,0.9844,0.3575,0.8205,1.0,1.0,1.0,True,False,0.69615,1.0
qwen38max,parametric,openscad,0067/00677148,True,2,8,0.5,1.0,,,,0.8333333333333334,0.8333333333333334,0.000869,0.9131,0.5581,0.7899,0.246,0.7574,1.0,1.0,0.999773,True,False,0.61865,0.9999243333333334
qwen38max,parametric,openscad,0093/00937375,True,4,7,1.0,0.875,,,,0.9166666666666666,0.9166666666666666,0.000297,0.9703,0.588,0.9675,0.4574,0.7961,1.0,1.0,1.0,True,False,0.70295,1.0
qwen38max,parametric,openscad,0072/00726428,True,4,5,1.0,0.625,,,,0.75,0.75,0.002089,0.7911,0.5916,0.7877,0.159,0.6894,1.0,1.0,1.0,True,False,0.557775,1.0
qwen38max,parametric,openscad,0049/00497058,True,4,8,1.0,1.0,,,,1.0,1.0,7.1e-05,0.9929,0.0,0.9988,0.6361,0.8555,1.0,1.0,1.0,False,True,0.621125,1.0
qwen38max,parametric,openscad,0013/00133189,True,4,7,1.0,0.875,,,,0.9166666666666666,0.9166666666666666,0.00051,0.949,0.4979,0.8789,0.2837,0.6014,1.0,1.0,1.0,True,False,0.583,1.0
qwen38max,parametric,openscad,0024/00249966,True,3,8,0.75,1.0,,,,0.9166666666666666,0.9166666666666666,0.000766,0.9234,0.675,0.8666,0.5444,0.758,1.0,1.0,1.0,True,False,0.7252000000000001,1.0
qwen38max,parametric,openscad,0004/00042777,True,4,8,1.0,1.0,,,,1.0,1.0,0.003578,0.6422,0.3346,0.6392,0.3476,0.503,1.0,1.0,1.0,True,False,0.45685,1.0
qwen38max,parametric,openscad,0055/00553999,True,4,8,1.0,1.0,,,,1.0,1.0,0.005222,0.4778,0.3322,0.5484,0.0473,0.6131,1.0,1.0,1.0,True,False,0.3676,1.0
qwen38max,parametric,openscad,0068/00681400,True,4,8,1.0,1.0,,,,1.0,1.0,0.000211,0.9789,0.9083,0.9665,0.7818,0.8729,1.0,1.0,1.0,True,False,0.885475,1.0
qwen38max,parametric,openscad,0071/00714935,True,4,8,1.0,1.0,,,,1.0,1.0,0.000796,0.9204,0.0,0.9432,0.3073,0.8849,1.0,1.0,1.0,False,True,0.52815,1.0
qwen38max,parametric,openscad,0022/00227442,True,4,7,1.0,0.875,,,,0.9166666666666666,0.9166666666666666,0.000185,0.9815,0.6965,0.9754,0.4986,0.8349,1.0,1.0,1.0,True,False,0.752875,1.0
qwen38max,parametric,openscad,0039/00397627,True,3,7,0.75,0.875,,,,0.8333333333333334,0.8333333333333334,0.002869,0.7131000000000001,0.4961,0.7613,0.1839,0.5745,1.0,1.0,1.0,True,False,0.4919,1.0
qwen38max,parametric,openscad,0026/00268024,True,4,8,1.0,1.0,,,,1.0,1.0,2.7e-05,0.9973,0.9872,1.0,0.8768,0.9305,1.0,1.0,1.0,True,False,0.94795,1.0
qwen38max,parametric,openscad,0007/00073282,True,4,8,1.0,1.0,,,,1.0,1.0,0.002981,0.7019,0.269,0.7416,0.2324,0.7256,1.0,1.0,0.999643,True,False,0.482225,0.9998809999999999
qwen38max,parametric,openscad,0036/00369868,True,4,8,1.0,1.0,,,,1.0,1.0,0.00045,0.955,0.7345,0.9064,0.3604,0.7835,1.0,1.0,1.0,True,False,0.70835,1.0
qwen38max,parametric,openscad,0084/00844862,True,4,8,1.0,1.0,,,,1.0,1.0,4.1e-05,0.9959,0.9777,1.0,0.7485,0.9344,1.0,1.0,0.999182,True,False,0.9141250000000001,0.9997273333333334
qwen38max,parametric,openscad,0026/00268027,True,4,8,1.0,1.0,,,,1.0,1.0,1.3e-05,0.9987,0.987,1.0,0.9859,0.913,1.0,1.0,1.0,True,False,0.97115,1.0
qwen38max,parametric,openscad,0092/00925049,True,4,8,1.0,1.0,,,,1.0,1.0,0.000202,0.9798,0.6798,0.9701,0.461,0.8407,1.0,1.0,1.0,True,False,0.740325,1.0
qwen38max,parametric,openscad,0072/00725542,True,4,7,1.0,0.875,,,,0.9166666666666666,0.9166666666666666,0.000374,0.9626,0.0,0.9422,0.4626,0.852,1.0,1.0,1.0,False,True,0.5693,1.0
qwen38max,parametric,openscad,0015/00150938,True,3,8,0.75,1.0,,,,0.9166666666666666,0.9166666666666666,0.000291,0.9709,0.7755,0.9539,0.5023,0.8564,1.0,1.0,1.0,True,False,0.776275,1.0
qwen38max,parametric,openscad,0072/00726429,True,4,7,1.0,0.875,,,,0.9166666666666666,0.9166666666666666,0.001396,0.8604,0.6256,0.8303,0.3277,0.7641,1.0,1.0,1.0,True,False,0.64445,1.0
qwen38max,parametric,openscad,0065/00657969,True,4,8,1.0,1.0,,,,1.0,1.0,0.00122,0.878,0.3614,0.755,0.3624,0.5739,1.0,1.0,1.0,True,False,0.543925,1.0
qwen38max,parametric,openscad,0031/00310774,True,4,7,1.0,0.875,,,,0.9166666666666666,0.9166666666666666,0.00037,0.963,0.4967,0.8988,0.518,0.8058,1.0,1.0,1.0,True,False,0.695875,1.0
qwen38max,parametric,openscad,0061/00618813,True,3,8,0.75,1.0,,,,0.9166666666666666,0.9166666666666666,0.000456,0.9544,0.7867,0.9732,0.4568,0.884,1.0,1.0,1.0,True,False,0.770475,1.0
qwen38max,parametric,openscad,0030/00307386,True,4,8,1.0,1.0,,,,1.0,1.0,5.2e-05,0.9948,0.9765,1.0,0.6984,0.9369,1.0,1.0,1.0,True,False,0.9016500000000001,1.0
qwen38max,parametric,openscad,0072/00724192,True,4,8,1.0,1.0,,,,1.0,1.0,0.000152,0.9848,0.7582,0.9821,0.63,0.8356,1.0,1.0,0.998869,True,False,0.80215,0.999623
qwen38max,parametric,openscad,0018/00189804,True,4,8,1.0,1.0,,,,1.0,1.0,0.000978,0.9022,0.0,0.892,0.5283,0.7103,1.0,1.0,1.0,False,True,0.5352,1.0
qwen38max,parametric,openscad,0080/00807326,True,3,8,0.75,1.0,,,,0.9166666666666666,0.9166666666666666,0.000318,0.9682,0.7523,0.9512,0.4927,0.7928,1.0,1.0,1.0,True,False,0.7515,1.0
qwen38max,parametric,openscad,0078/00789364,True,4,8,1.0,1.0,,,,1.0,1.0,8.5e-05,0.9915,0.0,1.0,0.566,0.9172,1.0,1.0,1.0,False,True,0.618675,1.0
qwen38max,parametric,openscad,0002/00029952,True,4,8,1.0,1.0,,,,1.0,1.0,4.3e-05,0.9957,0.9939,1.0,0.7299,0.9305,1.0,1.0,1.0,True,False,0.9125,1.0
qwen38max,parametric,openscad,0005/00051224,True,4,7,1.0,0.875,,,,0.9166666666666666,0.9166666666666666,0.000212,0.9788,0.8767,0.9495,0.6753,0.8636,1.0,1.0,1.0,True,False,0.8486,1.0
qwen38max,parametric,openscad,0087/00873073,True,4,8,1.0,1.0,,,,1.0,1.0,0.000597,0.9403,0.5545,0.8854,0.4823,0.808,1.0,1.0,1.0,True,False,0.696275,1.0
qwen38max,parametric,openscad,0077/00779770,True,2,4,0.5,0.5,,,,0.5,0.5,0.001857,0.8143,0.0571,0.6318,0.0321,0.6574,1.0,1.0,1.0,True,False,0.390225,1.0
qwen38max,parametric,openscad,0077/00778195,True,4,7,1.0,0.875,,,,0.9166666666666666,0.9166666666666666,0.003502,0.6498,0.0738,0.5904,0.1369,0.3782,1.0,1.0,1.0,True,False,0.30967500000000003,1.0
qwen38max,parametric,openscad,0039/00397628,True,4,7,1.0,0.875,,,,0.9166666666666666,0.9166666666666666,0.003912,0.6088,0.3621,0.6927,0.1661,0.5502,1.0,1.0,1.0,True,False,0.4218,1.0
qwen38max,parametric,openscad,0008/00089777,True,4,8,1.0,1.0,,,,1.0,1.0,0.000309,0.9691,0.8703,0.94,0.2918,0.934,1.0,1.0,1.0,True,False,0.7663,1.0
qwen38max,parametric,openscad,0075/00758810,True,4,7,1.0,0.875,,,,0.9166666666666666,0.9166666666666666,0.00079,0.921,0.4879,0.8736,0.3897,0.6712,1.0,1.0,1.0,True,False,0.61745,1.0
qwen38max,parametric,openscad,0028/00284926,True,4,8,1.0,1.0,,,,1.0,1.0,0.000152,0.9848,0.7824,0.9627,0.7669,0.8087,1.0,1.0,1.0,True,False,0.8357,1.0
qwen38max,parametric,openscad,0074/00741629,True,2,7,0.5,0.875,,,,0.75,0.75,0.000741,0.9259,0.6791,0.8885,0.3714,0.7893,1.0,1.0,1.0,True,False,0.691425,1.0
qwen38max,parametric,openscad,0097/00973497,True,4,8,1.0,1.0,,,,1.0,1.0,0.000601,0.9399,0.4682,0.8487,0.5625,0.6942,1.0,1.0,1.0,True,False,0.6662,1.0
qwen38max,parametric,openscad,0047/00474303,True,2,7,0.5,0.875,,,,0.75,0.75,0.001246,0.8754,0.2766,0.845,0.2606,0.7811,1.0,1.0,1.0,True,False,0.5484249999999999,1.0
qwen38max,parametric,openscad,0061/00616188,True,4,8,1.0,1.0,,,,1.0,1.0,0.000205,0.9795,0.8408,0.9503,0.7263,0.8373,1.0,1.0,1.0,True,False,0.845975,1.0
qwen38max,parametric,openscad,0005/00051572,True,4,7,1.0,0.875,,,,0.9166666666666666,0.9166666666666666,5.1e-05,0.9949,0.9935,1.0,0.6807,0.8907,1.0,1.0,1.0,True,False,0.88995,1.0
qwen38max,parametric,openscad,0025/00253807,True,4,8,1.0,1.0,,,,1.0,1.0,0.000687,0.9313,0.5662,0.8659,0.4216,0.7298,1.0,1.0,1.0,True,False,0.6622250000000001,1.0
qwen38max,parametric,openscad,0024/00242128,True,4,8,1.0,1.0,,,,1.0,1.0,0.000469,0.9531000000000001,0.0,0.9361,0.4126,0.8083,1.0,1.0,1.0,False,True,0.5435,1.0
qwen38max,parametric,openscad,0029/00292492,True,4,7,1.0,0.875,,,,0.9166666666666666,0.9166666666666666,0.00063,0.937,0.5268,0.8306,0.0848,0.6927,1.0,1.0,1.0,True,False,0.5603250000000001,1.0
qwen38max,parametric,openscad,0054/00547865,True,4,8,1.0,1.0,,,,1.0,1.0,5e-05,0.995,0.9916,1.0,0.683,0.9429,1.0,1.0,1.0,True,False,0.903125,1.0
qwen38max,parametric,openscad,0005/00052091,True,3,8,0.75,1.0,,,,0.9166666666666666,0.9166666666666666,0.000515,0.9485,0.7939,0.9228,0.4265,0.8331,1.0,1.0,1.0,True,False,0.7505,1.0
qwen38max,parametric,openscad,0034/00344679,True,2,6,0.5,0.75,,,,0.6666666666666666,0.6666666666666666,0.00464,0.536,0.5114,0.5132,0.0328,0.5639,1.0,1.0,1.0,True,False,0.411025,1.0
qwen38max,parametric,openscad,0092/00923543,True,3,8,0.75,1.0,,,,0.9166666666666666,0.9166666666666666,0.000527,0.9473,0.5579,0.8938,0.5906,0.6975,1.0,1.0,1.0,True,False,0.698325,1.0
qwen38max,parametric,openscad,0024/00242859,True,4,3,1.0,0.375,,,,0.5833333333333334,0.5833333333333334,0.000965,0.9035,0.6602,0.8269,0.2234,0.6804,1.0,1.0,1.0,True,False,0.616875,1.0
qwen38max,parametric,openscad,0079/00790247,True,4,8,1.0,1.0,,,,1.0,1.0,6e-05,0.994,0.9968,1.0,0.6107,0.9492,1.0,1.0,1.0,True,False,0.887675,1.0
qwen38max,parametric,openscad,0084/00843879,True,4,7,1.0,0.875,,,,0.9166666666666666,0.9166666666666666,0.000411,0.9589,0.0,0.8997,0.5001,0.7535,1.0,1.0,1.0,False,True,0.553125,1.0
qwen38max,parametric,openscad,0010/00108226,True,4,8,1.0,1.0,,,,1.0,1.0,6.5e-05,0.9935,0.9346,0.9982,0.6632,0.9121,1.0,1.0,1.0,True,False,0.87585,1.0
qwen38max,parametric,openscad,0026/00268031,True,4,6,1.0,0.75,,,,0.8333333333333334,0.8333333333333334,0.000626,0.9374,0.5325,0.9565,0.2556,0.8494,1.0,1.0,1.0,True,False,0.643725,1.0
qwen38max,parametric,openscad,0022/00225399,True,4,8,1.0,1.0,,,,1.0,1.0,0.000915,0.9085,0.7752,0.8786,0.1702,0.7675,1.0,1.0,1.0,True,False,0.65535,1.0
qwen38max,parametric,openscad,0057/00570258,True,2,8,0.5,1.0,,,,0.8333333333333334,0.8333333333333334,0.000851,0.9149,0.7198,0.9781,0.2936,0.9455,1.0,1.0,1.0,True,False,0.71845,1.0
qwen38max,parametric,openscad,0010/00101896,True,4,6,1.0,0.75,,,,0.8333333333333334,0.8333333333333334,0.001673,0.8327,0.6157,0.8121,0.1151,0.7466,1.0,1.0,1.0,True,False,0.5775250000000001,1.0
qwen38max,parametric,openscad,0061/00619989,True,3,8,0.75,1.0,,,,0.9166666666666666,0.9166666666666666,0.000803,0.9197,0.821,0.907,0.1268,0.8172,1.0,1.0,1.0,True,False,0.671175,1.0
qwen38max,parametric,openscad,0022/00226013,True,4,8,1.0,1.0,,,,1.0,1.0,0.000242,0.9758,0.8489,0.9773,0.3655,0.8728,1.0,1.0,1.0,True,False,0.76575,1.0
qwen38max,parametric,openscad,0052/00523563,True,4,8,1.0,1.0,,,,1.0,1.0,0.000283,0.9717,0.8932,0.9393,0.403,0.8356,1.0,1.0,1.0,True,False,0.775875,1.0
qwen38max,parametric,openscad,0036/00361447,True,4,8,1.0,1.0,,,,1.0,1.0,0.000115,0.9885,0.8866,0.9925,0.58,0.7881,1.0,1.0,1.0,True,False,0.8108,1.0
qwen38max,parametric,openscad,0070/00709862,True,4,7,1.0,0.875,,,,0.9166666666666666,0.9166666666666666,7.2e-05,0.9928,0.9558,1.0,0.5777,0.8484,1.0,1.0,1.0,True,False,0.843675,1.0
qwen38max,parametric,openscad,0054/00541109,True,4,8,1.0,1.0,,,,1.0,1.0,0.003305,0.6695,0.0,0.6463,0.1087,0.4648,1.0,1.0,1.0,False,True,0.31074999999999997,1.0
qwen38max,parametric,openscad,0086/00866616,True,4,8,1.0,1.0,,,,1.0,1.0,3.7e-05,0.9963,0.9055,1.0,0.8272,0.9316,1.0,1.0,1.0,True,False,0.91515,1.0
qwen38max,parametric,openscad,0027/00279318,True,3,8,0.75,1.0,,,,0.9166666666666666,0.9166666666666666,0.000621,0.9379,0.3797,0.8564,0.4083,0.6543,1.0,1.0,1.0,True,False,0.59505,1.0
qwen38max,parametric,openscad,0082/00827203,True,3,8,0.75,1.0,,,,0.9166666666666666,0.9166666666666666,0.000116,0.9884,0.8828,0.9868,0.6204,0.9508,1.0,1.0,1.0,True,False,0.8606,1.0
qwen38max,parametric,openscad,0039/00391450,True,0,2,0.0,0.25,,,,0.16666666666666666,0.16666666666666666,0.004593,0.5407,0.2523,0.2692,0.0754,0.6632,1.0,1.0,1.0,True,False,0.3829,1.0
qwen38max,parametric,openscad,0013/00135378,True,4,8,1.0,1.0,,,,1.0,1.0,0.000382,0.9618,0.5362,0.9024,0.249,0.7312,1.0,1.0,1.0,True,False,0.61955,1.0
qwen38max,parametric,openscad,0093/00934405,True,4,6,1.0,0.75,,,,0.8333333333333334,0.8333333333333334,0.002745,0.7255,0.0,0.5185,0.0415,0.5243,1.0,1.0,1.0,False,True,0.32282500000000003,1.0
qwen38max,parametric,openscad,0056/00568816,True,2,6,0.5,0.75,,,,0.6666666666666666,0.6666666666666666,0.000403,0.9597,0.372,0.8917,0.3582,0.6868,1.0,1.0,1.0,True,False,0.594175,1.0
qwen38max,parametric,openscad,0072/00728052,True,4,8,1.0,1.0,,,,1.0,1.0,0.000192,0.9808,0.912,0.9768,0.4935,0.8998,1.0,1.0,1.0,True,False,0.8215250000000001,1.0
qwen38max,parametric,openscad,0021/00210983,True,4,8,1.0,1.0,,,,1.0,1.0,0.001533,0.8467,0.0,0.7655,0.3672,0.7808,1.0,1.0,0.999498,False,True,0.49867500000000003,0.9998326666666667
qwen38max,parametric,openscad,0046/00460772,True,4,8,1.0,1.0,,,,1.0,1.0,0.000158,0.9842,0.7987,0.9718,0.6528,0.8593,1.0,1.0,1.0,True,False,0.82375,1.0
kimi_k3,parametric,openscad,0085/00852511,True,4,8,1.0,1.0,,,,1.0,1.0,0.000145,0.9855,0.9618,0.9718,0.7867,0.8702,1.0,1.0,0.987007,True,False,0.90105,0.995669
kimi_k3,parametric,openscad,0009/00099014,True,4,8,1.0,1.0,,,,1.0,1.0,8.8e-05,0.9912,0.995,1.0,0.4742,0.9426,1.0,1.0,1.0,True,False,0.85075,1.0
kimi_k3,parametric,openscad,0071/00710826,True,4,8,1.0,1.0,,,,1.0,1.0,0.000781,0.9218999999999999,0.5303,0.8724,0.3105,0.7562,1.0,1.0,1.0,True,False,0.629725,1.0
kimi_k3,parametric,openscad,0005/00057589,True,4,6,1.0,0.75,,,,0.8333333333333334,0.8333333333333334,0.000104,0.9896,0.7847,0.9865,0.5918,0.9074,1.0,1.0,1.0,True,False,0.818375,1.0
kimi_k3,parametric,openscad,0015/00155951,True,4,8,1.0,1.0,,,,1.0,1.0,0.000243,0.9757,0.8947,0.9508,0.4731,0.8849,1.0,1.0,1.0,True,False,0.8071,1.0
kimi_k3,parametric,openscad,0013/00134405,True,4,8,1.0,1.0,,,,1.0,1.0,0.000769,0.9231,0.4141,0.8666,0.434,0.6028,1.0,1.0,1.0,True,False,0.5935,1.0
kimi_k3,parametric,openscad,0053/00531353,True,4,8,1.0,1.0,,,,1.0,1.0,0.000495,0.9505,0.7285,0.9121,0.6207,0.8154,1.0,1.0,1.0,True,False,0.778775,1.0
kimi_k3,parametric,openscad,0094/00941813,True,4,8,1.0,1.0,,,,1.0,1.0,0.000125,0.9875,0.9832,0.9999,0.355,0.9221,1.0,1.0,1.0,True,False,0.81195,1.0
kimi_k3,parametric,openscad,0081/00817410,True,4,8,1.0,1.0,,,,1.0,1.0,0.00016,0.984,0.7935,0.981,0.5308,0.8374,1.0,1.0,1.0,True,False,0.786425,1.0
kimi_k3,parametric,openscad,0045/00457640,True,4,7,1.0,0.875,,,,0.9166666666666666,0.9166666666666666,0.000286,0.9714,0.495,0.9344,0.3147,0.8588,1.0,1.0,1.0,True,False,0.659975,1.0
kimi_k3,parametric,openscad,0047/00478097,True,4,8,1.0,1.0,,,,1.0,1.0,6.7e-05,0.9933,0.972,0.9975,0.6133,0.9171,1.0,1.0,1.0,True,False,0.873925,1.0
kimi_k3,parametric,openscad,0013/00135353,True,4,8,1.0,1.0,,,,1.0,1.0,0.000354,0.9646,0.6436,0.9274,0.3489,0.7258,1.0,1.0,1.0,True,False,0.670725,1.0
kimi_k3,parametric,openscad,0062/00621494,True,4,8,1.0,1.0,,,,1.0,1.0,0.000573,0.9427,0.4792,0.9066,0.237,0.7858,1.0,1.0,0.977928,True,False,0.611175,0.9926426666666667
kimi_k3,parametric,openscad,0016/00169954,True,3,8,0.75,1.0,,,,0.9166666666666666,0.9166666666666666,0.006193,0.38070000000000004,0.0161,0.3329,0.0643,0.3273,1.0,1.0,1.0,True,False,0.1971,1.0
kimi_k3,parametric,openscad,0039/00390147,True,4,8,1.0,1.0,,,,1.0,1.0,0.000882,0.9117999999999999,0.6446,0.8915,0.3241,0.7376,1.0,1.0,1.0,True,False,0.654525,1.0
kimi_k3,parametric,openscad,0089/00895528,True,4,7,1.0,0.875,,,,0.9166666666666666,0.9166666666666666,0.003792,0.6208,0.2894,0.5962,0.0433,0.5819,1.0,1.0,1.0,True,False,0.38384999999999997,1.0
kimi_k3,parametric,openscad,0030/00306122,True,4,5,1.0,0.625,,,,0.75,0.75,0.001257,0.8743,0.3305,0.7977,0.0968,0.5554,1.0,1.0,1.0,True,False,0.46425,1.0
kimi_k3,parametric,openscad,0070/00706059,True,4,6,1.0,0.75,,,,0.8333333333333334,0.8333333333333334,0.000477,0.9523,0.7934,0.9245,0.3631,0.8113,1.0,1.0,1.0,True,False,0.730025,1.0
kimi_k3,parametric,openscad,0008/00086411,True,3,7,0.75,0.875,,,,0.8333333333333334,0.8333333333333334,0.004505,0.5495,0.1223,0.4634,0.1225,0.3796,1.0,1.0,1.0,True,False,0.293475,1.0
kimi_k3,parametric,openscad,0073/00732007,True,4,4,1.0,0.5,,,,0.6666666666666666,0.6666666666666666,0.000714,0.9286,0.39,0.8742,0.515,0.7481,1.0,1.0,1.0,True,False,0.645425,1.0
kimi_k3,parametric,openscad,0010/00103639,True,3,8,0.75,1.0,,,,0.9166666666666666,0.9166666666666666,0.000135,0.9865,0.6036,0.9694,0.827,0.7744,1.0,1.0,1.0,True,False,0.797875,1.0
kimi_k3,parametric,openscad,0019/00199917,True,4,8,1.0,1.0,,,,1.0,1.0,0.000889,0.9111,0.6736,0.8964,0.3673,0.7457,1.0,1.0,1.0,True,False,0.674425,1.0
kimi_k3,parametric,openscad,0035/00350534,True,4,8,1.0,1.0,,,,1.0,1.0,0.000674,0.9326,0.6134,0.896,0.2042,0.7287,1.0,1.0,0.998613,True,False,0.619725,0.9995376666666665
kimi_k3,parametric,openscad,0043/00431078,True,4,8,1.0,1.0,,,,1.0,1.0,0.000555,0.9445,0.4216,0.9065,0.212,0.6956,1.0,1.0,1.0,True,False,0.568425,1.0
kimi_k3,parametric,openscad,0073/00737056,True,4,8,1.0,1.0,,,,1.0,1.0,0.000573,0.9427,0.4494,0.9176,0.3334,0.8471,1.0,1.0,1.0,True,False,0.64315,1.0
kimi_k3,parametric,openscad,0078/00788594,True,3,7,0.75,0.875,,,,0.8333333333333334,0.8333333333333334,0.000193,0.9807,0.6861,0.976,0.3494,0.8078,1.0,1.0,1.0,True,False,0.706,1.0
kimi_k3,parametric,openscad,0067/00677148,True,3,8,0.75,1.0,,,,0.9166666666666666,0.9166666666666666,0.000866,0.9134,0.5442,0.8822,0.2171,0.7076,1.0,1.0,1.0,True,False,0.595575,1.0
kimi_k3,parametric,openscad,0093/00937375,True,4,8,1.0,1.0,,,,1.0,1.0,0.000247,0.9753000000000001,0.791,0.9718,0.5139,0.8791,1.0,1.0,1.0,True,False,0.789825,1.0
kimi_k3,parametric,openscad,0072/00726428,True,4,6,1.0,0.75,,,,0.8333333333333334,0.8333333333333334,0.001931,0.8069,0.615,0.7934,0.168,0.7116,1.0,1.0,1.0,True,False,0.575375,1.0
kimi_k3,parametric,openscad,0049/00497058,True,4,8,1.0,1.0,,,,1.0,1.0,0.000348,0.9652000000000001,0.0,0.9992,0.1936,0.6542,1.0,1.0,1.0,False,True,0.45325000000000004,1.0
kimi_k3,parametric,openscad,0013/00133189,True,4,8,1.0,1.0,,,,1.0,1.0,0.000498,0.9502,0.5117,0.8806,0.2922,0.6017,1.0,1.0,1.0,True,False,0.5889500000000001,1.0
kimi_k3,parametric,openscad,0024/00249966,True,4,8,1.0,1.0,,,,1.0,1.0,0.000592,0.9408,0.694,0.8909,0.5497,0.7803,1.0,1.0,1.0,True,False,0.7412,1.0
kimi_k3,parametric,openscad,0004/00042777,True,3,8,0.75,1.0,,,,0.9166666666666666,0.9166666666666666,0.003613,0.6387,0.3317,0.6365,0.3484,0.5019,1.0,1.0,1.0,True,False,0.455175,1.0
kimi_k3,parametric,openscad,0055/00553999,True,3,8,0.75,1.0,,,,0.9166666666666666,0.9166666666666666,0.007745,0.22550000000000003,0.2563,0.3895,0.0336,0.522,1.0,1.0,1.0,True,False,0.25935,1.0
kimi_k3,parametric,openscad,0068/00681400,True,4,7,1.0,0.875,,,,0.9166666666666666,0.9166666666666666,0.000176,0.9824,0.9132,0.9686,0.7612,0.8543,1.0,1.0,0.984556,True,False,0.877775,0.994852
kimi_k3,parametric,openscad,0071/00714935,True,4,8,1.0,1.0,,,,1.0,1.0,0.000788,0.9212,0.0,0.9395,0.3088,0.8864,1.0,1.0,1.0,False,True,0.5291,1.0
kimi_k3,parametric,openscad,0022/00227442,True,4,7,1.0,0.875,,,,0.9166666666666666,0.9166666666666666,0.000138,0.9862,0.7467,0.9875,0.5077,0.8519,1.0,1.0,1.0,True,False,0.7731250000000001,1.0
kimi_k3,parametric,openscad,0039/00397627,True,4,7,1.0,0.875,,,,0.9166666666666666,0.9166666666666666,0.002575,0.7424999999999999,0.5009,0.7764,0.2061,0.6017,1.0,1.0,1.0,True,False,0.5128,1.0
kimi_k3,parametric,openscad,0026/00268024,True,4,8,1.0,1.0,,,,1.0,1.0,3e-05,0.997,0.9824,1.0,0.8576,0.9089,1.0,1.0,1.0,True,False,0.9364750000000001,1.0
kimi_k3,parametric,openscad,0007/00073282,True,4,8,1.0,1.0,,,,1.0,1.0,0.001276,0.8724000000000001,0.1345,0.8362,0.1063,0.7449,1.0,1.0,1.0,True,False,0.464525,1.0
kimi_k3,parametric,openscad,0036/00369868,True,4,8,1.0,1.0,,,,1.0,1.0,0.000557,0.9443,0.7341,0.8847,0.3373,0.7741,1.0,1.0,1.0,True,False,0.69745,1.0
kimi_k3,parametric,openscad,0084/00844862,True,4,8,1.0,1.0,,,,1.0,1.0,3.9e-05,0.9961,0.995,1.0,0.761,0.9361,1.0,1.0,1.0,True,False,0.92205,1.0
kimi_k3,parametric,openscad,0026/00268027,True,4,8,1.0,1.0,,,,1.0,1.0,1.3e-05,0.9987,0.9902,1.0,0.9847,0.9113,1.0,1.0,1.0,True,False,0.971225,1.0
kimi_k3,parametric,openscad,0092/00925049,True,4,8,1.0,1.0,,,,1.0,1.0,0.000333,0.9667,0.4002,0.9635,0.5018,0.7808,1.0,1.0,1.0,True,False,0.662375,1.0
kimi_k3,parametric,openscad,0072/00725542,True,4,6,1.0,0.75,,,,0.8333333333333334,0.8333333333333334,0.002325,0.7675000000000001,0.0,0.7928,0.3655,0.7255,1.0,1.0,1.0,False,True,0.464625,1.0
kimi_k3,parametric,openscad,0015/00150938,True,3,8,0.75,1.0,,,,0.9166666666666666,0.9166666666666666,0.000288,0.9712,0.7802,0.9531,0.5036,0.8507,1.0,1.0,1.0,True,False,0.776425,1.0
kimi_k3,parametric,openscad,0072/00726429,True,4,7,1.0,0.875,,,,0.9166666666666666,0.9166666666666666,0.001214,0.8786,0.6174,0.8421,0.2839,0.754,1.0,1.0,1.0,True,False,0.633475,1.0
kimi_k3,parametric,openscad,0065/00657969,True,4,8,1.0,1.0,,,,1.0,1.0,0.001252,0.8748,0.3517,0.7393,0.3439,0.5552,1.0,1.0,1.0,True,False,0.5314,1.0
kimi_k3,parametric,openscad,0031/00310774,True,4,7,1.0,0.875,,,,0.9166666666666666,0.9166666666666666,0.00062,0.938,0.3311,0.8617,0.2702,0.816,1.0,1.0,1.0,True,False,0.5888249999999999,1.0
kimi_k3,parametric,openscad,0061/00618813,True,4,8,1.0,1.0,,,,1.0,1.0,0.000456,0.9544,0.7927,0.9732,0.4552,0.8851,1.0,1.0,1.0,True,False,0.77185,1.0
kimi_k3,parametric,openscad,0030/00307386,True,4,8,1.0,1.0,,,,1.0,1.0,5.2e-05,0.9948,0.9835,1.0,0.7002,0.9369,1.0,1.0,0.999835,True,False,0.90385,0.999945
kimi_k3,parametric,openscad,0072/00724192,True,4,8,1.0,1.0,,,,1.0,1.0,0.00017,0.983,0.7229,0.9831,0.6085,0.8212,1.0,1.0,1.0,True,False,0.7839,1.0
kimi_k3,parametric,openscad,0018/00189804,True,4,8,1.0,1.0,,,,1.0,1.0,0.000797,0.9203,0.0,0.9041,0.5332,0.7091,1.0,1.0,0.998441,False,True,0.54065,0.9994803333333334
kimi_k3,parametric,openscad,0080/00807326,True,3,8,0.75,1.0,,,,0.9166666666666666,0.9166666666666666,0.000318,0.9682,0.7522,0.9523,0.4737,0.7918,1.0,1.0,1.0,True,False,0.746475,1.0
kimi_k3,parametric,openscad,0078/00789364,True,4,8,1.0,1.0,,,,1.0,1.0,0.000126,0.9874,0.0,1.0,0.5482,0.8912,1.0,1.0,1.0,False,True,0.6067,1.0
kimi_k3,parametric,openscad,0002/00029952,True,4,8,1.0,1.0,,,,1.0,1.0,4.3e-05,0.9957,0.9869,1.0,0.7334,0.9313,1.0,1.0,1.0,True,False,0.911825,1.0
kimi_k3,parametric,openscad,0005/00051224,True,4,8,1.0,1.0,,,,1.0,1.0,8.8e-05,0.9912,0.8862,0.9996,0.7257,0.8686,1.0,1.0,1.0,True,False,0.8679250000000001,1.0
kimi_k3,parametric,openscad,0087/00873073,True,4,8,1.0,1.0,,,,1.0,1.0,0.000689,0.9311,0.4365,0.8819,0.3682,0.5914,1.0,1.0,1.0,True,False,0.5818,1.0
kimi_k3,parametric,openscad,0077/00779770,True,3,5,0.75,0.625,,,,0.6666666666666666,0.6666666666666666,0.001765,0.8235,0.0586,0.6386,0.0265,0.6602,1.0,1.0,1.0,True,False,0.3922,1.0
kimi_k3,parametric,openscad,0077/00778195,True,4,8,1.0,1.0,,,,1.0,1.0,5.4e-05,0.9946,0.7451,0.994,0.8568,0.8146,1.0,1.0,1.0,True,False,0.8527750000000001,1.0
kimi_k3,parametric,openscad,0039/00397628,True,4,8,1.0,1.0,,,,1.0,1.0,0.004004,0.5996,0.3533,0.6892,0.1623,0.5392,1.0,1.0,1.0,True,False,0.4136,1.0
kimi_k3,parametric,openscad,0008/00089777,True,4,8,1.0,1.0,,,,1.0,1.0,0.000291,0.9709,0.9182,0.9415,0.4004,0.931,1.0,1.0,1.0,True,False,0.805125,1.0
kimi_k3,parametric,openscad,0075/00758810,True,4,8,1.0,1.0,,,,1.0,1.0,0.001239,0.8761,0.4369,0.8146,0.353,0.6326,1.0,1.0,1.0,True,False,0.57465,1.0
kimi_k3,parametric,openscad,0028/00284926,True,4,8,1.0,1.0,,,,1.0,1.0,0.000152,0.9848,0.7789,0.9629,0.7653,0.8024,1.0,1.0,1.0,True,False,0.83285,1.0
kimi_k3,parametric,openscad,0074/00741629,True,3,8,0.75,1.0,,,,0.9166666666666666,0.9166666666666666,0.000743,0.9257,0.67,0.8874,0.3442,0.764,1.0,1.0,1.0,True,False,0.675975,1.0
kimi_k3,parametric,openscad,0097/00973497,True,4,8,1.0,1.0,,,,1.0,1.0,0.000602,0.9398,0.4672,0.8496,0.567,0.6936,1.0,1.0,1.0,True,False,0.6668999999999999,1.0
kimi_k3,parametric,openscad,0047/00474303,True,2,8,0.5,1.0,,,,0.8333333333333334,0.8333333333333334,0.003696,0.6304000000000001,0.2214,0.5837,0.11,0.5605,1.0,1.0,1.0,True,False,0.380575,1.0
kimi_k3,parametric,openscad,0061/00616188,True,4,8,1.0,1.0,,,,1.0,1.0,0.000206,0.9794,0.8393,0.9496,0.724,0.8409,1.0,1.0,1.0,True,False,0.8459,1.0
kimi_k3,parametric,openscad,0005/00051572,True,4,7,1.0,0.875,,,,0.9166666666666666,0.9166666666666666,8.3e-05,0.9917,0.8488,0.9942,0.5959,0.8926,1.0,1.0,1.0,True,False,0.8322499999999999,1.0
kimi_k3,parametric,openscad,0025/00253807,True,4,8,1.0,1.0,,,,1.0,1.0,0.000596,0.9404,0.6153,0.8864,0.46,0.7573,1.0,1.0,1.0,True,False,0.69325,1.0
kimi_k3,parametric,openscad,0024/00242128,True,4,8,1.0,1.0,,,,1.0,1.0,0.000378,0.9621999999999999,0.0,0.9502,0.5014,0.8435,1.0,1.0,1.0,False,True,0.576775,1.0
kimi_k3,parametric,openscad,0029/00292492,True,4,8,1.0,1.0,,,,1.0,1.0,0.000494,0.9506,0.5996,0.8872,0.3741,0.7165,1.0,1.0,1.0,True,False,0.6602,1.0
kimi_k3,parametric,openscad,0054/00547865,True,4,8,1.0,1.0,,,,1.0,1.0,0.000134,0.9866,0.9815,0.9865,0.6631,0.9239,1.0,1.0,1.0,True,False,0.8887750000000001,1.0
kimi_k3,parametric,openscad,0005/00052091,True,3,8,0.75,1.0,,,,0.9166666666666666,0.9166666666666666,0.000516,0.9484,0.7776,0.9034,0.4196,0.8246,1.0,1.0,1.0,True,False,0.74255,1.0
kimi_k3,parametric,openscad,0034/00344679,True,2,6,0.5,0.75,,,,0.6666666666666666,0.6666666666666666,0.00503,0.497,0.4984,0.5008,0.029,0.5551,1.0,1.0,1.0,True,False,0.39487500000000003,1.0
kimi_k3,parametric,openscad,0092/00923543,True,2,8,0.5,1.0,,,,0.8333333333333334,0.8333333333333334,0.00075,0.925,0.5014,0.8651,0.5994,0.6549,1.0,1.0,1.0,True,False,0.670175,1.0
kimi_k3,parametric,openscad,0024/00242859,True,4,3,1.0,0.375,,,,0.5833333333333334,0.5833333333333334,0.000965,0.9035,0.6602,0.8269,0.2234,0.6804,1.0,1.0,1.0,True,False,0.616875,1.0
kimi_k3,parametric,openscad,0079/00790247,True,4,8,1.0,1.0,,,,1.0,1.0,6.1e-05,0.9939,0.9934,1.0,0.6011,0.9478,1.0,1.0,1.0,True,False,0.88405,1.0
kimi_k3,parametric,openscad,0084/00843879,True,4,8,1.0,1.0,,,,1.0,1.0,0.000393,0.9607,0.0,0.9015,0.5198,0.7828,1.0,1.0,1.0,False,True,0.565825,1.0
kimi_k3,parametric,openscad,0010/00108226,True,4,8,1.0,1.0,,,,1.0,1.0,6.8e-05,0.9932,0.9294,0.9973,0.6387,0.887,1.0,1.0,1.0,True,False,0.862075,1.0
kimi_k3,parametric,openscad,0026/00268031,True,4,7,1.0,0.875,,,,0.9166666666666666,0.9166666666666666,0.000626,0.9374,0.5226,0.9566,0.2498,0.8522,1.0,1.0,1.0,True,False,0.6405,1.0
kimi_k3,parametric,openscad,0022/00225399,True,3,8,0.75,1.0,,,,0.9166666666666666,0.9166666666666666,0.000745,0.9255,0.7772,0.8973,0.2241,0.7902,1.0,1.0,0.999194,True,False,0.67925,0.9997313333333334
kimi_k3,parametric,openscad,0057/00570258,True,2,8,0.5,1.0,,,,0.8333333333333334,0.8333333333333334,0.000851,0.9149,0.7398,0.978,0.3093,0.9422,1.0,1.0,1.0,True,False,0.72655,1.0
kimi_k3,parametric,openscad,0010/00101896,True,4,7,1.0,0.875,,,,0.9166666666666666,0.9166666666666666,0.001594,0.8406,0.4197,0.6679,0.1195,0.6601,1.0,1.0,1.0,True,False,0.5099750000000001,1.0
kimi_k3,parametric,openscad,0061/00619989,True,2,8,0.5,1.0,,,,0.8333333333333334,0.8333333333333334,0.000918,0.9082,0.8075,0.8871,0.1877,0.8033,1.0,1.0,1.0,True,False,0.676675,1.0
kimi_k3,parametric,openscad,0022/00226013,True,4,8,1.0,1.0,,,,1.0,1.0,0.000242,0.9758,0.8494,0.9775,0.3692,0.8726,1.0,1.0,1.0,True,False,0.76675,1.0
kimi_k3,parametric,openscad,0052/00523563,True,4,8,1.0,1.0,,,,1.0,1.0,0.000286,0.9714,0.8934,0.938,0.4105,0.8422,1.0,1.0,1.0,True,False,0.7793749999999999,1.0
kimi_k3,parametric,openscad,0036/00361447,True,4,8,1.0,1.0,,,,1.0,1.0,0.000111,0.9889,0.8886,0.9932,0.5788,0.7926,1.0,1.0,1.0,True,False,0.812225,1.0
kimi_k3,parametric,openscad,0070/00709862,True,4,7,1.0,0.875,,,,0.9166666666666666,0.9166666666666666,9.2e-05,0.9908,0.8867,0.995,0.5599,0.8124,1.0,1.0,1.0,True,False,0.81245,1.0
kimi_k3,parametric,openscad,0054/00541109,True,4,8,1.0,1.0,,,,1.0,1.0,0.003637,0.6363,0.0,0.4635,0.0569,0.4612,1.0,1.0,1.0,False,True,0.28859999999999997,1.0
kimi_k3,parametric,openscad,0086/00866616,True,4,8,1.0,1.0,,,,1.0,1.0,6e-05,0.994,0.8864,0.9926,0.834,0.929,1.0,1.0,1.0,True,False,0.9108499999999999,1.0
kimi_k3,parametric,openscad,0027/00279318,True,3,8,0.75,1.0,,,,0.9166666666666666,0.9166666666666666,0.000844,0.9156,0.1797,0.8151,0.2998,0.5893,1.0,1.0,1.0,True,False,0.4961,1.0
kimi_k3,parametric,openscad,0082/00827203,True,4,8,1.0,1.0,,,,1.0,1.0,5.8e-05,0.9942,0.9414,1.0,0.6124,0.9381,1.0,1.0,1.0,True,False,0.871525,1.0
kimi_k3,parametric,openscad,0039/00391450,True,0,3,0.0,0.375,,,,0.25,0.25,0.002748,0.7252000000000001,0.2778,0.5613,0.1,0.6562,1.0,1.0,1.0,True,False,0.4398,1.0
kimi_k3,parametric,openscad,0013/00135378,True,4,8,1.0,1.0,,,,1.0,1.0,0.000377,0.9623,0.6134,0.9092,0.3885,0.74,1.0,1.0,1.0,True,False,0.67605,1.0
kimi_k3,parametric,openscad,0093/00934405,True,4,7,1.0,0.875,,,,0.9166666666666666,0.9166666666666666,0.000896,0.9104,0.0,0.8112,0.1743,0.5178,1.0,1.0,1.0,False,True,0.400625,1.0
kimi_k3,parametric,openscad,0056/00568816,True,4,8,1.0,1.0,,,,1.0,1.0,0.000494,0.9506,0.3965,0.8664,0.2499,0.6766,1.0,1.0,1.0,True,False,0.5684,1.0
kimi_k3,parametric,openscad,0072/00728052,True,4,8,1.0,1.0,,,,1.0,1.0,0.000419,0.9581,0.858,0.9537,0.4553,0.8838,1.0,1.0,1.0,True,False,0.7888,1.0
kimi_k3,parametric,openscad,0021/00210983,True,4,8,1.0,1.0,,,,1.0,1.0,0.001418,0.8582,0.0,0.7947,0.409,0.7906,1.0,1.0,1.0,False,True,0.51445,1.0
kimi_k3,parametric,openscad,0046/00460772,True,4,8,1.0,1.0,,,,1.0,1.0,8.5e-05,0.9915,0.9182,0.99,0.7743,0.8828,1.0,1.0,1.0,True,False,0.8917,1.0
kimi_k3,parametric,json,0085/00852511,True,4,8,1.0,1.0,,,,1.0,1.0,0.000147,0.9853,0.9633,0.9714,0.7767,0.8759,1.0,1.0,1.0,True,False,0.9003,1.0
kimi_k3,parametric,json,0009/00099014,True,4,8,1.0,1.0,,,,1.0,1.0,3.6e-05,0.9964,0.9987,1.0,0.7854,0.9669,1.0,1.0,1.0,True,False,0.93685,1.0
kimi_k3,parametric,json,0071/00710826,True,3,8,0.75,1.0,,,,0.9166666666666666,0.9166666666666666,0.000777,0.9223,0.4968,0.8525,0.2101,0.7322,1.0,1.0,1.0,True,False,0.59035,1.0
kimi_k3,parametric,json,0005/00057589,True,4,6,1.0,0.75,,,,0.8333333333333334,0.8333333333333334,0.000119,0.9881,0.7186,0.9793,0.6515,0.8976,1.0,1.0,1.0,True,False,0.81395,1.0
kimi_k3,parametric,json,0015/00155951,True,3,8,0.75,1.0,,,,0.9166666666666666,0.9166666666666666,0.001708,0.8291999999999999,0.361,0.6998,0.0845,0.5419,1.0,1.0,1.0,True,False,0.45415,1.0
kimi_k3,parametric,json,0013/00134405,True,4,8,1.0,1.0,,,,1.0,1.0,0.000641,0.9359,0.5241,0.8835,0.6273,0.6886,1.0,1.0,1.0,True,False,0.693975,1.0
kimi_k3,parametric,json,0053/00531353,True,2,7,0.5,0.875,,,,0.75,0.75,0.006965,0.3035,0.2564,0.4107,0.0479,0.4853,1.0,1.0,1.0,True,False,0.273275,1.0
kimi_k3,parametric,json,0094/00941813,True,4,8,1.0,1.0,,,,1.0,1.0,0.000297,0.9703,0.7754,0.9407,0.3522,0.8819,1.0,1.0,1.0,True,False,0.74495,1.0
kimi_k3,parametric,json,0081/00817410,True,4,8,1.0,1.0,,,,1.0,1.0,0.000249,0.9751,0.6911,0.947,0.5341,0.8039,1.0,1.0,1.0,True,False,0.75105,1.0
kimi_k3,parametric,json,0045/00457640,True,4,7,1.0,0.875,,,,0.9166666666666666,0.9166666666666666,0.000467,0.9533,0.4008,0.9304,0.2986,0.8457,1.0,1.0,1.0,True,False,0.6246,1.0
kimi_k3,parametric,json,0047/00478097,True,4,8,1.0,1.0,,,,1.0,1.0,3.2e-05,0.9968,0.9797,0.9977,0.8399,0.9378,1.0,1.0,1.0,True,False,0.93855,1.0
kimi_k3,parametric,json,0013/00135353,True,4,8,1.0,1.0,,,,1.0,1.0,0.000467,0.9533,0.6096,0.8859,0.2824,0.7393,1.0,1.0,1.0,True,False,0.64615,1.0
kimi_k3,parametric,json,0062/00621494,True,4,8,1.0,1.0,,,,1.0,1.0,0.000709,0.9291,0.4998,0.9192,0.2799,0.8291,1.0,1.0,0.974194,True,False,0.634475,0.9913979999999999
kimi_k3,parametric,json,0016/00169954,True,3,7,0.75,0.875,,,,0.8333333333333334,0.8333333333333334,0.002606,0.7394000000000001,0.1012,0.6855,0.1757,0.3644,1.0,1.0,1.0,True,False,0.345175,1.0
kimi_k3,parametric,json,0039/00390147,True,4,8,1.0,1.0,,,,1.0,1.0,0.001032,0.8968,0.6007,0.8749,0.2669,0.6615,1.0,1.0,0.965762,True,False,0.606475,0.9885873333333333
kimi_k3,parametric,json,0089/00895528,True,4,5,1.0,0.625,,,,0.75,0.75,0.004534,0.5466,0.2692,0.5226,0.0256,0.557,1.0,1.0,1.0,True,False,0.3496,1.0
kimi_k3,parametric,json,0030/00306122,True,4,4,1.0,0.5,,,,0.6666666666666666,0.6666666666666666,0.001263,0.8737,0.3254,0.7847,0.0967,0.5477,1.0,1.0,1.0,True,False,0.460875,1.0
kimi_k3,parametric,json,0070/00706059,True,3,5,0.75,0.625,,,,0.6666666666666666,0.6666666666666666,0.000529,0.9471,0.7819,0.9194,0.3415,0.8011,1.0,1.0,1.0,True,False,0.7179,1.0
kimi_k3,parametric,json,0008/00086411,True,3,8,0.75,1.0,,,,0.9166666666666666,0.9166666666666666,0.004584,0.5416,0.1185,0.4551,0.1218,0.376,1.0,1.0,1.0,True,False,0.289475,1.0
kimi_k3,parametric,json,0073/00732007,True,2,2,0.5,0.25,,,,0.3333333333333333,0.3333333333333333,0.00051,0.949,0.4958,0.9014,0.4722,0.7943,1.0,1.0,1.0,True,False,0.677825,1.0
kimi_k3,parametric,json,0010/00103639,True,4,7,1.0,0.875,,,,0.9166666666666666,0.9166666666666666,0.000135,0.9865,0.6153,0.9675,0.8306,0.7708,1.0,1.0,1.0,True,False,0.8008,1.0
kimi_k3,parametric,json,0019/00199917,True,4,7,1.0,0.875,,,,0.9166666666666666,0.9166666666666666,0.000983,0.9017000000000001,0.6364,0.8935,0.3608,0.7042,1.0,1.0,1.0,True,False,0.650775,1.0
kimi_k3,parametric,json,0035/00350534,True,3,7,0.75,0.875,,,,0.8333333333333334,0.8333333333333334,0.000704,0.9296,0.6999,0.8873,0.3029,0.7756,1.0,1.0,1.0,True,False,0.6769999999999999,1.0
kimi_k3,parametric,json,0043/00431078,True,4,8,1.0,1.0,,,,1.0,1.0,0.000292,0.9708,0.7568,0.9642,0.5124,0.8463,1.0,1.0,1.0,True,False,0.771575,1.0
kimi_k3,parametric,json,0073/00737056,True,4,8,1.0,1.0,,,,1.0,1.0,0.000772,0.9228,0.4629,0.8984,0.2959,0.8381,1.0,1.0,1.0,True,False,0.629925,1.0
kimi_k3,parametric,json,0078/00788594,True,4,7,1.0,0.875,,,,0.9166666666666666,0.9166666666666666,0.000167,0.9833,0.771,0.9883,0.4519,0.9072,1.0,1.0,1.0,True,False,0.77835,1.0
kimi_k3,parametric,json,0067/00677148,True,3,5,0.75,0.625,,,,0.6666666666666666,0.6666666666666666,0.00086,0.914,0.5711,0.7982,0.2252,0.7235,1.0,1.0,1.0,True,False,0.60845,1.0
kimi_k3,parametric,json,0093/00937375,True,4,8,1.0,1.0,,,,1.0,1.0,0.001883,0.8117,0.0,0.7969,0.3537,0.6766,0.0,1.0,0.998663,False,True,0.4605,0.6662210000000001
kimi_k3,parametric,json,0072/00726428,True,4,7,1.0,0.875,,,,0.9166666666666666,0.9166666666666666,0.002041,0.7959,0.6025,0.7935,0.173,0.6931,1.0,1.0,1.0,True,False,0.566125,1.0
kimi_k3,parametric,json,0049/00497058,True,4,8,1.0,1.0,,,,1.0,1.0,6.9e-05,0.9931,0.0,0.9977,0.65,0.8524,1.0,1.0,1.0,False,True,0.623875,1.0
kimi_k3,parametric,json,0013/00133189,True,3,6,0.75,0.75,,,,0.75,0.75,0.000537,0.9463,0.4904,0.8723,0.2687,0.5828,1.0,1.0,1.0,True,False,0.57205,1.0
kimi_k3,parametric,json,0024/00249966,True,3,8,0.75,1.0,,,,0.9166666666666666,0.9166666666666666,0.000773,0.9227,0.698,0.8725,0.562,0.7815,1.0,1.0,1.0,True,False,0.74105,1.0
kimi_k3,parametric,json,0004/00042777,True,4,8,1.0,1.0,,,,1.0,1.0,0.003676,0.6324000000000001,0.3257,0.6325,0.345,0.5023,1.0,1.0,1.0,True,False,0.45135000000000003,1.0
kimi_k3,parametric,json,0055/00553999,True,4,7,1.0,0.875,,,,0.9166666666666666,0.9166666666666666,0.005004,0.49960000000000004,0.3445,0.5891,0.05,0.5605,1.0,1.0,1.0,True,False,0.36365000000000003,1.0
kimi_k3,parametric,json,0068/00681400,True,4,8,1.0,1.0,,,,1.0,1.0,0.001414,0.8586,0.4514,0.7874,0.1779,0.5792,1.0,1.0,1.0,True,False,0.516775,1.0
kimi_k3,parametric,json,0071/00714935,True,4,8,1.0,1.0,,,,1.0,1.0,0.000722,0.9278,0.0,0.9433,0.3021,0.8887,1.0,1.0,1.0,False,True,0.52965,1.0
kimi_k3,parametric,json,0022/00227442,True,4,8,1.0,1.0,,,,1.0,1.0,0.000196,0.9804,0.7142,0.9705,0.5095,0.8556,1.0,1.0,1.0,True,False,0.764925,1.0
kimi_k3,parametric,json,0039/00397627,True,3,5,0.75,0.625,,,,0.6666666666666666,0.6666666666666666,0.003827,0.6173,0.4779,0.5047,0.1892,0.5522,1.0,1.0,1.0,True,False,0.45915,1.0
kimi_k3,parametric,json,0026/00268024,True,4,8,1.0,1.0,,,,1.0,1.0,3e-06,0.9997,0.9989,1.0,0.9843,0.9892,1.0,1.0,1.0,True,False,0.993025,1.0
kimi_k3,parametric,json,0007/00073282,True,3,7,0.75,0.875,,,,0.8333333333333334,0.8333333333333334,0.002972,0.7028000000000001,0.2709,0.7434,0.243,0.7294,1.0,1.0,0.969984,True,False,0.48652500000000004,0.9899946666666667
kimi_k3,parametric,json,0036/00369868,True,4,8,1.0,1.0,,,,1.0,1.0,0.005856,0.4144,0.1528,0.4124,0.0434,0.334,1.0,1.0,1.0,True,False,0.23615,1.0
kimi_k3,parametric,json,0084/00844862,True,4,8,1.0,1.0,,,,1.0,1.0,4.2e-05,0.9958,0.9472,1.0,0.7693,0.9277,1.0,1.0,1.0,True,False,0.91,1.0
kimi_k3,parametric,json,0026/00268027,True,4,8,1.0,1.0,,,,1.0,1.0,5e-06,0.9995,0.9975,1.0,0.9951,0.9623,1.0,1.0,1.0,True,False,0.9886,1.0
kimi_k3,parametric,json,0092/00925049,True,4,7,1.0,0.875,,,,0.9166666666666666,0.9166666666666666,0.000205,0.9795,0.68,0.9703,0.4608,0.8423,1.0,1.0,1.0,True,False,0.74065,1.0
kimi_k3,parametric,json,0072/00725542,True,4,7,1.0,0.875,,,,0.9166666666666666,0.9166666666666666,0.000547,0.9453,0.0,0.918,0.4318,0.8439,1.0,1.0,1.0,False,True,0.55525,1.0
kimi_k3,parametric,json,0015/00150938,True,3,8,0.75,1.0,,,,0.9166666666666666,0.9166666666666666,0.000276,0.9724,0.7745,0.9558,0.5314,0.8628,1.0,1.0,1.0,True,False,0.785275,1.0
kimi_k3,parametric,json,0072/00726429,True,3,8,0.75,1.0,,,,0.9166666666666666,0.9166666666666666,0.001302,0.8698,0.6177,0.8355,0.3342,0.7629,1.0,1.0,1.0,True,False,0.64615,1.0
kimi_k3,parametric,json,0065/00657969,True,4,8,1.0,1.0,,,,1.0,1.0,0.001254,0.8746,0.3494,0.737,0.3563,0.5633,1.0,1.0,1.0,True,False,0.5359,1.0
kimi_k3,parametric,json,0031/00310774,True,4,7,1.0,0.875,,,,0.9166666666666666,0.9166666666666666,0.000618,0.9382,0.3084,0.8526,0.2829,0.8107,1.0,1.0,1.0,True,False,0.58505,1.0
kimi_k3,parametric,json,0061/00618813,True,4,8,1.0,1.0,,,,1.0,1.0,0.006381,0.3619,0.5367,0.8842,0.1504,0.6463,1.0,1.0,1.0,True,False,0.423825,1.0
kimi_k3,parametric,json,0030/00307386,True,4,8,1.0,1.0,,,,1.0,1.0,4.9e-05,0.9951,0.9797,1.0,0.7061,0.9429,1.0,1.0,1.0,True,False,0.90595,1.0
kimi_k3,parametric,json,0072/00724192,True,4,8,1.0,1.0,,,,1.0,1.0,0.000153,0.9847,0.7304,0.9786,0.5904,0.8268,1.0,1.0,1.0,True,False,0.783075,1.0
kimi_k3,parametric,json,0018/00189804,True,4,8,1.0,1.0,,,,1.0,1.0,0.000838,0.9162,0.0,0.9005,0.5323,0.7148,0.0,1.0,0.996945,False,True,0.540825,0.6656483333333333
kimi_k3,parametric,json,0080/00807326,True,3,6,0.75,0.75,,,,0.75,0.75,0.000411,0.9589,0.7255,0.9338,0.3987,0.7804,1.0,1.0,1.0,True,False,0.715875,1.0
kimi_k3,parametric,json,0078/00789364,True,4,8,1.0,1.0,,,,1.0,1.0,0.000182,0.9818,0.0,0.9577,0.5203,0.8526,1.0,1.0,1.0,False,True,0.5886750000000001,1.0
kimi_k3,parametric,json,0002/00029952,True,3,7,0.75,0.875,,,,0.8333333333333334,0.8333333333333334,5.8e-05,0.9942,0.934,0.9997,0.7293,0.8961,1.0,1.0,1.0,True,False,0.8884,1.0
kimi_k3,parametric,json,0005/00051224,True,4,8,1.0,1.0,,,,1.0,1.0,8.6e-05,0.9914,0.8957,0.9998,0.7345,0.876,1.0,1.0,1.0,True,False,0.8744000000000001,1.0
kimi_k3,parametric,json,0087/00873073,True,4,8,1.0,1.0,,,,1.0,1.0,0.000603,0.9397,0.5396,0.8786,0.449,0.8077,1.0,1.0,1.0,True,False,0.6839999999999999,1.0
kimi_k3,parametric,json,0077/00779770,True,3,4,0.75,0.5,,,,0.5833333333333334,0.5833333333333334,0.004963,0.5037,0.0156,0.3185,0.034,0.4725,1.0,1.0,1.0,True,False,0.25645,1.0
kimi_k3,parametric,json,0077/00778195,True,4,8,1.0,1.0,,,,1.0,1.0,0.001737,0.8263,0.106,0.7283,0.1908,0.557,1.0,1.0,1.0,True,False,0.42002500000000004,1.0
kimi_k3,parametric,json,0039/00397628,True,4,8,1.0,1.0,,,,1.0,1.0,0.004709,0.5291000000000001,0.3447,0.6472,0.1442,0.5047,1.0,1.0,1.0,True,False,0.38067500000000004,1.0
kimi_k3,parametric,json,0008/00089777,True,4,8,1.0,1.0,,,,1.0,1.0,0.00028,0.972,0.9274,0.9423,0.4574,0.9407,1.0,1.0,1.0,True,False,0.824375,1.0
kimi_k3,parametric,json,0075/00758810,True,4,7,1.0,0.875,,,,0.9166666666666666,0.9166666666666666,0.000761,0.9238999999999999,0.4854,0.8747,0.3959,0.6765,1.0,1.0,1.0,True,False,0.620425,1.0
kimi_k3,parametric,json,0028/00284926,True,4,7,1.0,0.875,,,,0.9166666666666666,0.9166666666666666,0.000157,0.9843,0.7354,0.9631,0.6759,0.7964,1.0,1.0,1.0,True,False,0.798,1.0
kimi_k3,parametric,json,0074/00741629,True,4,7,1.0,0.875,,,,0.9166666666666666,0.9166666666666666,0.001816,0.8184,0.5186,0.7692,0.2673,0.6957,1.0,1.0,1.0,True,False,0.575,1.0
kimi_k3,parametric,json,0097/00973497,True,4,8,1.0,1.0,,,,1.0,1.0,0.000648,0.9352,0.4355,0.8425,0.5377,0.6719,1.0,1.0,1.0,True,False,0.6450750000000001,1.0
kimi_k3,parametric,json,0047/00474303,True,2,8,0.5,1.0,,,,0.8333333333333334,0.8333333333333334,0.003686,0.6314,0.2229,0.5722,0.0942,0.549,1.0,1.0,1.0,True,False,0.374375,1.0
kimi_k3,parametric,json,0061/00616188,True,3,8,0.75,1.0,,,,0.9166666666666666,0.9166666666666666,0.000251,0.9749,0.8729,0.9509,0.7333,0.8929,1.0,1.0,1.0,True,False,0.8685,1.0
kimi_k3,parametric,json,0005/00051572,True,3,8,0.75,1.0,,,,0.9166666666666666,0.9166666666666666,0.000115,0.9885,0.8798,0.9849,0.7303,0.9085,1.0,1.0,1.0,True,False,0.876775,1.0
kimi_k3,parametric,json,0025/00253807,True,4,8,1.0,1.0,,,,1.0,1.0,0.000662,0.9338,0.5842,0.8691,0.4314,0.7258,1.0,1.0,1.0,True,False,0.6688000000000001,1.0
kimi_k3,parametric,json,0024/00242128,True,4,7,1.0,0.875,,,,0.9166666666666666,0.9166666666666666,6.3e-05,0.9937,0.0,1.0,0.599,0.8982,1.0,1.0,1.0,False,True,0.622725,1.0
kimi_k3,parametric,json,0029/00292492,True,3,8,0.75,1.0,,,,0.9166666666666666,0.9166666666666666,0.000665,0.9335,0.4818,0.8188,0.0644,0.6682,1.0,1.0,1.0,True,False,0.536975,1.0
kimi_k3,parametric,json,0054/00547865,True,3,8,0.75,1.0,,,,0.9166666666666666,0.9166666666666666,6.1e-05,0.9939,0.9872,0.9912,0.8786,0.9537,1.0,1.0,1.0,True,False,0.95335,1.0
kimi_k3,parametric,json,0005/00052091,True,3,8,0.75,1.0,,,,0.9166666666666666,0.9166666666666666,0.000642,0.9358,0.7437,0.8824,0.4012,0.7894,1.0,1.0,1.0,True,False,0.717525,1.0
kimi_k3,parametric,json,0034/00344679,True,2,6,0.5,0.75,,,,0.6666666666666666,0.6666666666666666,0.002016,0.7984,0.8523,0.6878,0.1476,0.6271,1.0,1.0,1.0,True,False,0.60635,1.0
kimi_k3,parametric,json,0092/00923543,True,4,8,1.0,1.0,,,,1.0,1.0,0.00058,0.942,0.5177,0.8908,0.6122,0.7007,1.0,1.0,1.0,True,False,0.6931499999999999,1.0
kimi_k3,parametric,json,0024/00242859,True,2,3,0.5,0.375,,,,0.4166666666666667,0.4166666666666667,0.000621,0.9379,0.6593,0.828,0.1959,0.6978,1.0,1.0,1.0,True,False,0.622725,1.0
kimi_k3,parametric,json,0079/00790247,True,4,7,1.0,0.875,,,,0.9166666666666666,0.9166666666666666,0.000376,0.9624,0.8295,0.9477,0.4071,0.8779,1.0,1.0,1.0,True,False,0.769225,1.0
kimi_k3,parametric,json,0084/00843879,True,3,7,0.75,0.875,,,,0.8333333333333334,0.8333333333333334,0.000404,0.9596,0.0,0.9006,0.5099,0.7692,1.0,1.0,0.986595,False,True,0.559675,0.9955316666666666
kimi_k3,parametric,json,0010/00108226,True,4,8,1.0,1.0,,,,1.0,1.0,0.000218,0.9782,0.8376,0.9577,0.6224,0.8788,1.0,1.0,1.0,True,False,0.82925,1.0
kimi_k3,parametric,json,0026/00268031,True,4,6,1.0,0.75,,,,0.8333333333333334,0.8333333333333334,0.00062,0.938,0.5367,0.9564,0.4626,0.8653,1.0,1.0,1.0,True,False,0.70065,1.0
kimi_k3,parametric,json,0022/00225399,True,3,7,0.75,0.875,,,,0.8333333333333334,0.8333333333333334,0.000795,0.9205,0.7659,0.879,0.2177,0.7538,1.0,1.0,0.997988,True,False,0.664475,0.9993293333333333
kimi_k3,parametric,json,0057/00570258,True,2,7,0.5,0.875,,,,0.75,0.75,0.000835,0.9165,0.8012,0.9779,0.4622,0.9546,1.0,1.0,1.0,True,False,0.783625,1.0
kimi_k3,parametric,json,0010/00101896,True,4,6,1.0,0.75,,,,0.8333333333333334,0.8333333333333334,0.001234,0.8766,0.6854,0.8588,0.1863,0.788,1.0,1.0,0.996904,True,False,0.634075,0.998968
kimi_k3,parametric,json,0061/00619989,True,2,7,0.5,0.875,,,,0.75,0.75,0.001916,0.8084,0.6621,0.7591,0.2502,0.674,1.0,1.0,1.0,True,False,0.5986750000000001,1.0
kimi_k3,parametric,json,0022/00226013,True,4,8,1.0,1.0,,,,1.0,1.0,0.000246,0.9754,0.8485,0.976,0.3635,0.8727,1.0,1.0,1.0,True,False,0.7650250000000001,1.0
kimi_k3,parametric,json,0052/00523563,True,4,8,1.0,1.0,,,,1.0,1.0,0.00028,0.972,0.8901,0.9404,0.411,0.8383,1.0,1.0,1.0,True,False,0.77785,1.0
kimi_k3,parametric,json,0036/00361447,True,4,8,1.0,1.0,,,,1.0,1.0,0.000115,0.9885,0.8818,0.9905,0.574,0.79,1.0,1.0,1.0,True,False,0.808575,1.0
kimi_k3,parametric,json,0070/00709862,False,0,0,0.0,0.0,,,,0.0,0.0,0.01,0.0,0.0,0.0,0.0,0.0,0.0,0.0,0.0,False,False,0.0,0.0
kimi_k3,parametric,json,0054/00541109,True,4,7,1.0,0.875,,,,0.9166666666666666,0.9166666666666666,0.003488,0.6512,0.0,0.4721,0.0523,0.4965,1.0,1.0,0.968992,False,True,0.3,0.989664
kimi_k3,parametric,json,0086/00866616,True,3,7,0.75,0.875,,,,0.8333333333333334,0.8333333333333334,5.5e-05,0.9945,0.9178,0.9926,0.8651,0.9438,1.0,1.0,1.0,True,False,0.9303,1.0
kimi_k3,parametric,json,0027/00279318,True,3,8,0.75,1.0,,,,0.9166666666666666,0.9166666666666666,0.000307,0.9693,0.4601,0.9339,0.4902,0.7283,1.0,1.0,1.0,True,False,0.661975,1.0
kimi_k3,parametric,json,0082/00827203,True,4,8,1.0,1.0,,,,1.0,1.0,0.000135,0.9865,0.7178,0.9876,0.5369,0.9016,1.0,1.0,0.980669,True,False,0.7857000000000001,0.9935563333333333
kimi_k3,parametric,json,0039/00391450,True,0,3,0.0,0.375,,,,0.25,0.25,0.004155,0.5845,0.5231,0.5326,0.1577,0.7168,1.0,1.0,1.0,True,False,0.495525,1.0
kimi_k3,parametric,json,0013/00135378,True,4,8,1.0,1.0,,,,1.0,1.0,0.000353,0.9647,0.6523,0.9073,0.2591,0.7928,1.0,1.0,1.0,True,False,0.667225,1.0
kimi_k3,parametric,json,0093/00934405,True,4,7,1.0,0.875,,,,0.9166666666666666,0.9166666666666666,0.000914,0.9086,0.0,0.784,0.0741,0.6182,0.0,1.0,1.0,False,True,0.400225,0.6666666666666666
kimi_k3,parametric,json,0056/00568816,True,2,6,0.5,0.75,,,,0.6666666666666666,0.6666666666666666,0.00055,0.945,0.3541,0.8477,0.283,0.6496,1.0,1.0,1.0,True,False,0.557925,1.0
kimi_k3,parametric,json,0072/00728052,True,3,8,0.75,1.0,,,,0.9166666666666666,0.9166666666666666,0.003293,0.6707000000000001,0.2467,0.6008,0.0481,0.5321,1.0,1.0,1.0,True,False,0.3744,1.0
kimi_k3,parametric,json,0021/00210983,True,2,7,0.5,0.875,,,,0.75,0.75,0.002676,0.7323999999999999,0.0,0.6859,0.2817,0.7648,1.0,1.0,0.99701,False,True,0.444725,0.9990033333333334
kimi_k3,parametric,json,0046/00460772,True,3,8,0.75,1.0,,,,0.9166666666666666,0.9166666666666666,0.000159,0.9841,0.0,0.9732,0.6977,0.8255,0.0,1.0,1.0,False,True,0.626825,0.6666666666666666
glm53flash,parametric,openscad,0085/00852511,True,4,8,1.0,1.0,,,,1.0,1.0,0.000146,0.9854,0.9601,0.9717,0.7804,0.8735,1.0,1.0,0.987943,True,False,0.89985,0.995981
glm53flash,parametric,openscad,0009/00099014,True,4,8,1.0,1.0,,,,1.0,1.0,8.7e-05,0.9913,0.9965,1.0,0.4808,0.9436,1.0,1.0,1.0,True,False,0.85305,1.0
glm53flash,parametric,openscad,0071/00710826,True,4,8,1.0,1.0,,,,1.0,1.0,0.000442,0.9558,0.6321,0.8969,0.3447,0.7759,1.0,1.0,1.0,True,False,0.677125,1.0
glm53flash,parametric,openscad,0005/00057589,True,4,6,1.0,0.75,,,,0.8333333333333334,0.8333333333333334,0.001218,0.8782,0.1029,0.7791,0.1867,0.6448,1.0,1.0,1.0,True,False,0.45315,1.0
glm53flash,parametric,openscad,0015/00155951,True,4,8,1.0,1.0,,,,1.0,1.0,0.000331,0.9669,0.8008,0.9355,0.3495,0.8298,1.0,1.0,1.0,True,False,0.73675,1.0
glm53flash,parametric,openscad,0013/00134405,True,2,7,0.5,0.875,,,,0.75,0.75,0.009487,0.0512999999999999,0.0706,0.3879,0.0964,0.3946,1.0,1.0,1.0,True,False,0.15322499999999997,1.0
glm53flash,parametric,openscad,0053/00531353,True,3,8,0.75,1.0,,,,0.9166666666666666,0.9166666666666666,0.000438,0.9562,0.7117,0.9204,0.536,0.8177,1.0,1.0,1.0,True,False,0.7554000000000001,1.0
glm53flash,parametric,openscad,0094/00941813,True,4,8,1.0,1.0,,,,1.0,1.0,0.000125,0.9875,0.988,0.9999,0.3596,0.9223,1.0,1.0,1.0,True,False,0.81435,1.0
glm53flash,parametric,openscad,0081/00817410,True,4,8,1.0,1.0,,,,1.0,1.0,0.000121,0.9879,0.8464,0.99,0.5324,0.8622,1.0,1.0,1.0,True,False,0.807225,1.0
glm53flash,parametric,openscad,0045/00457640,True,4,7,1.0,0.875,,,,0.9166666666666666,0.9166666666666666,0.00026,0.974,0.5211,0.985,0.2864,0.886,1.0,1.0,1.0,True,False,0.666875,1.0
glm53flash,parametric,openscad,0047/00478097,True,4,8,1.0,1.0,,,,1.0,1.0,6.8e-05,0.9932,0.953,0.9977,0.6026,0.9138,1.0,1.0,1.0,True,False,0.86565,1.0
glm53flash,parametric,openscad,0013/00135353,True,4,8,1.0,1.0,,,,1.0,1.0,0.000345,0.9655,0.6416,0.9317,0.3588,0.7292,1.0,1.0,1.0,True,False,0.673775,1.0
glm53flash,parametric,openscad,0062/00621494,True,4,8,1.0,1.0,,,,1.0,1.0,0.000378,0.9621999999999999,0.6717,0.9267,0.3565,0.877,1.0,1.0,1.0,True,False,0.71685,1.0
glm53flash,parametric,openscad,0016/00169954,True,3,8,0.75,1.0,,,,0.9166666666666666,0.9166666666666666,0.002646,0.7354,0.1012,0.6886,0.1572,0.4556,1.0,1.0,1.0,True,False,0.36235,1.0
glm53flash,parametric,openscad,0039/00390147,True,4,8,1.0,1.0,,,,1.0,1.0,0.001061,0.8939,0.6118,0.8758,0.2994,0.7073,1.0,1.0,0.999284,True,False,0.6281,0.9997613333333333
glm53flash,parametric,openscad,0089/00895528,True,4,7,1.0,0.875,,,,0.9166666666666666,0.9166666666666666,0.01,0.0,0.1789,0.4479,0.1562,0.4665,1.0,1.0,1.0,True,False,0.20040000000000002,1.0
glm53flash,parametric,openscad,0030/00306122,True,4,5,1.0,0.625,,,,0.75,0.75,0.001261,0.8739,0.3216,0.7766,0.1093,0.5431,1.0,1.0,1.0,True,False,0.461975,1.0
glm53flash,parametric,openscad,0070/00706059,True,3,5,0.75,0.625,,,,0.6666666666666666,0.6666666666666666,0.005346,0.46540000000000004,0.3862,0.6651,0.0788,0.5898,1.0,1.0,1.0,True,False,0.38005,1.0
glm53flash,parametric,openscad,0008/00086411,True,3,7,0.75,0.875,,,,0.8333333333333334,0.8333333333333334,0.002882,0.7118,0.1843,0.6925,0.1236,0.5795,1.0,1.0,1.0,True,False,0.3998,1.0
glm53flash,parametric,openscad,0073/00732007,True,4,5,1.0,0.625,,,,0.75,0.75,0.000506,0.9494,0.4981,0.9006,0.4536,0.7918,1.0,1.0,1.0,True,False,0.673225,1.0
glm53flash,parametric,openscad,0010/00103639,True,3,8,0.75,1.0,,,,0.9166666666666666,0.9166666666666666,0.000135,0.9865,0.6091,0.9683,0.8318,0.7706,1.0,1.0,1.0,True,False,0.7995,1.0
glm53flash,parametric,openscad,0019/00199917,True,1,7,0.25,0.875,,,,0.6666666666666666,0.6666666666666666,0.004002,0.5998,0.1145,0.514,0.1494,0.4708,1.0,1.0,1.0,True,False,0.333625,1.0
glm53flash,parametric,openscad,0035/00350534,True,3,7,0.75,0.875,,,,0.8333333333333334,0.8333333333333334,0.001258,0.8742,0.5789,0.7894,0.2241,0.6399,1.0,1.0,0.998896,True,False,0.579275,0.9996320000000001
glm53flash,parametric,openscad,0043/00431078,True,3,8,0.75,1.0,,,,0.9166666666666666,0.9166666666666666,0.007317,0.2683000000000001,0.0799,0.3889,0.0633,0.4049,1.0,1.0,1.0,True,False,0.2041,1.0
glm53flash,parametric,openscad,0073/00737056,True,4,8,1.0,1.0,,,,1.0,1.0,0.003778,0.6222,0.2574,0.4888,0.0969,0.58,1.0,1.0,0.998397,True,False,0.389125,0.9994656666666666
glm53flash,parametric,openscad,0078/00788594,True,4,8,1.0,1.0,,,,1.0,1.0,0.000384,0.9616,0.5845,0.9202,0.3459,0.7876,1.0,1.0,1.0,True,False,0.6698999999999999,1.0
glm53flash,parametric,openscad,0067/00677148,True,3,8,0.75,1.0,,,,0.9166666666666666,0.9166666666666666,0.001041,0.8959,0.3978,0.7822,0.064,0.6696,1.0,1.0,1.0,True,False,0.506825,1.0
glm53flash,parametric,openscad,0093/00937375,True,4,7,1.0,0.875,,,,0.9166666666666666,0.9166666666666666,0.000293,0.9707,0.5844,0.9676,0.4474,0.7911,1.0,1.0,1.0,True,False,0.6984,1.0
glm53flash,parametric,openscad,0072/00726428,True,3,8,0.75,1.0,,,,0.9166666666666666,0.9166666666666666,0.002224,0.7776000000000001,0.6095,0.7681,0.2355,0.7005,1.0,1.0,1.0,True,False,0.580775,1.0
glm53flash,parametric,openscad,0049/00497058,True,4,8,1.0,1.0,,,,1.0,1.0,5.8e-05,0.9942,0.0,1.0,0.6584,0.8744,1.0,1.0,0.998883,False,True,0.63175,0.9996276666666667
glm53flash,parametric,openscad,0013/00133189,True,4,8,1.0,1.0,,,,1.0,1.0,0.00068,0.9319999999999999,0.4044,0.8086,0.1659,0.5638,1.0,1.0,1.0,True,False,0.516525,1.0
glm53flash,parametric,openscad,0024/00249966,True,4,8,1.0,1.0,,,,1.0,1.0,0.000758,0.9242,0.6473,0.8719,0.5224,0.7322,1.0,1.0,1.0,True,False,0.706525,1.0
glm53flash,parametric,openscad,0004/00042777,True,3,8,0.75,1.0,,,,0.9166666666666666,0.9166666666666666,0.003523,0.6476999999999999,0.3324,0.6466,0.3442,0.5002,1.0,1.0,1.0,True,False,0.456125,1.0
glm53flash,parametric,openscad,0055/00553999,True,3,8,0.75,1.0,,,,0.9166666666666666,0.9166666666666666,0.007999,0.20010000000000006,0.2647,0.4896,0.0489,0.5364,1.0,1.0,1.0,True,False,0.262525,1.0
glm53flash,parametric,openscad,0068/00681400,True,4,8,1.0,1.0,,,,1.0,1.0,6.5e-05,0.9935,0.9075,0.9965,0.802,0.9061,1.0,1.0,1.0,True,False,0.902275,1.0
glm53flash,parametric,openscad,0071/00714935,True,4,8,1.0,1.0,,,,1.0,1.0,0.000866,0.9134,0.0,0.9401,0.3105,0.8901,1.0,1.0,1.0,False,True,0.5285,1.0
glm53flash,parametric,openscad,0022/00227442,True,4,7,1.0,0.875,,,,0.9166666666666666,0.9166666666666666,0.000233,0.9767,0.7001,0.9631,0.4924,0.8145,1.0,1.0,1.0,True,False,0.745925,1.0
glm53flash,parametric,openscad,0039/00397627,True,3,7,0.75,0.875,,,,0.8333333333333334,0.8333333333333334,0.002924,0.7076,0.4972,0.7634,0.1984,0.5778,1.0,1.0,1.0,True,False,0.49524999999999997,1.0
glm53flash,parametric,openscad,0026/00268024,True,3,8,0.75,1.0,,,,0.9166666666666666,0.9166666666666666,0.001311,0.8689,0.6167,0.8621,0.6516,0.7656,1.0,1.0,1.0,True,False,0.7257,1.0
glm53flash,parametric,openscad,0007/00073282,True,4,8,1.0,1.0,,,,1.0,1.0,0.002468,0.7532,0.0811,0.8421,0.068,0.7581,1.0,1.0,1.0,True,False,0.4151,1.0
glm53flash,parametric,openscad,0036/00369868,True,4,8,1.0,1.0,,,,1.0,1.0,0.001101,0.8899,0.5861,0.8036,0.2009,0.6923,1.0,1.0,0.999453,True,False,0.5923,0.9998176666666666
glm53flash,parametric,openscad,0084/00844862,True,4,8,1.0,1.0,,,,1.0,1.0,0.00075,0.925,0.4032,0.9554,0.3612,0.7902,1.0,1.0,1.0,True,False,0.6199,1.0
glm53flash,parametric,openscad,0026/00268027,True,4,8,1.0,1.0,,,,1.0,1.0,1.4e-05,0.9986,0.984,1.0,0.9814,0.8999,1.0,1.0,1.0,True,False,0.965975,1.0
glm53flash,parametric,openscad,0092/00925049,True,4,8,1.0,1.0,,,,1.0,1.0,0.000334,0.9666,0.4152,0.964,0.4808,0.7874,1.0,1.0,1.0,True,False,0.6625,1.0
glm53flash,parametric,openscad,0072/00725542,True,4,6,1.0,0.75,,,,0.8333333333333334,0.8333333333333334,0.002275,0.7725,0.0,0.7967,0.3858,0.7305,1.0,1.0,1.0,False,True,0.4722,1.0
glm53flash,parametric,openscad,0015/00150938,True,3,8,0.75,1.0,,,,0.9166666666666666,0.9166666666666666,0.000288,0.9712,0.7729,0.9538,0.5041,0.8559,1.0,1.0,1.0,True,False,0.776025,1.0
glm53flash,parametric,openscad,0072/00726429,True,4,5,1.0,0.625,,,,0.75,0.75,0.002639,0.7361,0.3387,0.6091,0.0726,0.5958,1.0,1.0,1.0,True,False,0.43579999999999997,1.0
glm53flash,parametric,openscad,0065/00657969,True,4,8,1.0,1.0,,,,1.0,1.0,0.002084,0.7916000000000001,0.2987,0.6747,0.308,0.4877,1.0,1.0,1.0,True,False,0.47150000000000003,1.0
glm53flash,parametric,openscad,0031/00310774,True,4,7,1.0,0.875,,,,0.9166666666666666,0.9166666666666666,0.00071,0.929,0.351,0.8543,0.2438,0.7814,1.0,1.0,1.0,True,False,0.5763,1.0
glm53flash,parametric,openscad,0061/00618813,True,4,8,1.0,1.0,,,,1.0,1.0,0.000487,0.9513,0.7638,0.9635,0.4418,0.8601,1.0,1.0,1.0,True,False,0.75425,1.0
glm53flash,parametric,openscad,0030/00307386,True,4,8,1.0,1.0,,,,1.0,1.0,8.9e-05,0.9911,0.9763,0.9882,0.6483,0.9072,1.0,1.0,1.0,True,False,0.880725,1.0
glm53flash,parametric,openscad,0072/00724192,True,4,8,1.0,1.0,,,,1.0,1.0,0.00044,0.956,0.6294,0.9363,0.4851,0.74,1.0,1.0,1.0,True,False,0.7026249999999999,1.0
glm53flash,parametric,openscad,0018/00189804,True,4,8,1.0,1.0,,,,1.0,1.0,0.000887,0.9113,0.0,0.8996,0.5378,0.7113,1.0,1.0,0.998128,False,True,0.5401,0.9993759999999999
glm53flash,parametric,openscad,0080/00807326,True,3,8,0.75,1.0,,,,0.9166666666666666,0.9166666666666666,0.000305,0.9695,0.7489,0.9586,0.4628,0.7951,1.0,1.0,1.0,True,False,0.744075,1.0
glm53flash,parametric,openscad,0078/00789364,True,3,8,0.75,1.0,,,,0.9166666666666666,0.9166666666666666,0.01,0.0,0.0,0.3876,0.0351,0.4402,1.0,1.0,1.0,False,True,0.118825,1.0
glm53flash,parametric,openscad,0002/00029952,True,3,6,0.75,0.75,,,,0.75,0.75,6.2e-05,0.9938,0.9327,0.9998,0.7036,0.8868,1.0,1.0,1.0,True,False,0.879225,1.0
glm53flash,parametric,openscad,0005/00051224,True,4,7,1.0,0.875,,,,0.9166666666666666,0.9166666666666666,0.00012,0.988,0.6546,1.0,0.4913,0.8894,1.0,1.0,1.0,True,False,0.755825,1.0
glm53flash,parametric,openscad,0087/00873073,True,4,8,1.0,1.0,,,,1.0,1.0,0.000521,0.9479,0.5199,0.8851,0.3361,0.7946,1.0,1.0,1.0,True,False,0.649625,1.0
glm53flash,parametric,openscad,0077/00779770,True,2,4,0.5,0.5,,,,0.5,0.5,0.001749,0.8251,0.0583,0.6477,0.0316,0.6566,1.0,1.0,1.0,True,False,0.39289999999999997,1.0
glm53flash,parametric,openscad,0077/00778195,True,4,7,1.0,0.875,,,,0.9166666666666666,0.9166666666666666,0.002149,0.7851,0.1129,0.6289,0.166,0.4378,1.0,1.0,1.0,True,False,0.37545,1.0
glm53flash,parametric,openscad,0039/00397628,True,4,7,1.0,0.875,,,,0.9166666666666666,0.9166666666666666,0.00397,0.603,0.3487,0.693,0.1498,0.5349,1.0,1.0,1.0,True,False,0.4091,1.0
glm53flash,parametric,openscad,0008/00089777,True,3,8,0.75,1.0,,,,0.9166666666666666,0.9166666666666666,0.000316,0.9684,0.9173,0.9193,0.3851,0.8859,1.0,1.0,0.987378,True,False,0.789175,0.9957926666666667
glm53flash,parametric,openscad,0075/00758810,True,4,7,1.0,0.875,,,,0.9166666666666666,0.9166666666666666,0.001194,0.8806,0.4018,0.7593,0.3118,0.5482,1.0,1.0,1.0,True,False,0.5356000000000001,1.0
glm53flash,parametric,openscad,0028/00284926,True,4,8,1.0,1.0,,,,1.0,1.0,0.000152,0.9848,0.7777,0.9629,0.7635,0.8025,1.0,1.0,1.0,True,False,0.832125,1.0
glm53flash,parametric,openscad,0074/00741629,True,3,8,0.75,1.0,,,,0.9166666666666666,0.9166666666666666,0.0008,0.92,0.6345,0.8693,0.3642,0.7508,1.0,1.0,1.0,True,False,0.667375,1.0
glm53flash,parametric,openscad,0097/00973497,False,0,0,0.0,0.0,,,,0.0,0.0,0.01,0.0,0.0,0.0,0.0,0.0,0.0,0.0,0.0,False,False,0.0,0.0
glm53flash,parametric,openscad,0047/00474303,True,4,8,1.0,1.0,,,,1.0,1.0,0.003447,0.6553,0.2011,0.57,0.0886,0.5588,1.0,1.0,1.0,True,False,0.37595,1.0
glm53flash,parametric,openscad,0061/00616188,True,3,8,0.75,1.0,,,,0.9166666666666666,0.9166666666666666,0.000124,0.9876,0.8776,0.9677,0.7153,0.8351,1.0,1.0,1.0,True,False,0.8539,1.0
glm53flash,parametric,openscad,0005/00051572,True,3,7,0.75,0.875,,,,0.8333333333333334,0.8333333333333334,9.8e-05,0.9902,0.8089,0.9999,0.6246,0.8693,1.0,1.0,1.0,True,False,0.82325,1.0
glm53flash,parametric,openscad,0025/00253807,True,4,8,1.0,1.0,,,,1.0,1.0,0.001782,0.8218,0.2642,0.644,0.1404,0.5935,1.0,1.0,1.0,True,False,0.454975,1.0
glm53flash,parametric,openscad,0024/00242128,True,3,7,0.75,0.875,,,,0.8333333333333334,0.8333333333333334,0.003554,0.6446000000000001,0.0,0.627,0.1929,0.5534,1.0,1.0,1.0,False,True,0.347725,1.0
glm53flash,parametric,openscad,0029/00292492,True,3,8,0.75,1.0,,,,0.9166666666666666,0.9166666666666666,0.000617,0.9383,0.5249,0.8421,0.3228,0.6944,1.0,1.0,1.0,True,False,0.6201,1.0
glm53flash,parametric,openscad,0054/00547865,True,3,8,0.75,1.0,,,,0.9166666666666666,0.9166666666666666,9.2e-05,0.9908,0.9793,0.9916,0.6651,0.9325,1.0,1.0,1.0,True,False,0.891925,1.0
glm53flash,parametric,openscad,0005/00052091,True,3,8,0.75,1.0,,,,0.9166666666666666,0.9166666666666666,0.000415,0.9585,0.8024,0.9284,0.4246,0.8287,1.0,1.0,1.0,True,False,0.7535499999999999,1.0
glm53flash,parametric,openscad,0034/00344679,True,1,6,0.25,0.75,,,,0.5833333333333334,0.5833333333333334,0.005236,0.47640000000000005,0.4941,0.4977,0.0276,0.5479,1.0,1.0,1.0,True,False,0.3865,1.0
glm53flash,parametric,openscad,0092/00923543,True,4,8,1.0,1.0,,,,1.0,1.0,0.000751,0.9249,0.5134,0.8639,0.6011,0.6619,1.0,1.0,1.0,True,False,0.675325,1.0
glm53flash,parametric,openscad,0024/00242859,True,3,3,0.75,0.375,,,,0.5,0.5,0.00369,0.631,0.3167,0.4561,0.0484,0.5698,1.0,1.0,1.0,True,False,0.391475,1.0
glm53flash,parametric,openscad,0079/00790247,True,1,7,0.25,0.875,,,,0.6666666666666666,0.6666666666666666,0.002392,0.7608,0.4777,0.646,0.2201,0.6289,1.0,1.0,1.0,True,False,0.521875,1.0
glm53flash,parametric,openscad,0084/00843879,True,4,7,1.0,0.875,,,,0.9166666666666666,0.9166666666666666,0.004022,0.5977999999999999,0.0,0.5846,0.1903,0.5116,1.0,1.0,1.0,False,True,0.32492499999999996,1.0
glm53flash,parametric,openscad,0010/00108226,True,3,7,0.75,0.875,,,,0.8333333333333334,0.8333333333333334,0.000334,0.9666,0.8001,0.9479,0.5868,0.8383,1.0,1.0,1.0,True,False,0.79795,1.0
glm53flash,parametric,openscad,0026/00268031,True,4,6,1.0,0.75,,,,0.8333333333333334,0.8333333333333334,0.000627,0.9373,0.5286,0.9566,0.2491,0.84,1.0,1.0,1.0,True,False,0.6387499999999999,1.0
glm53flash,parametric,openscad,0022/00225399,True,3,8,0.75,1.0,,,,0.9166666666666666,0.9166666666666666,0.001786,0.8214,0.6129,0.8263,0.1054,0.7051,1.0,1.0,1.0,True,False,0.5612,1.0
glm53flash,parametric,openscad,0057/00570258,True,2,8,0.5,1.0,,,,0.8333333333333334,0.8333333333333334,0.000852,0.9148000000000001,0.6963,0.9781,0.2653,0.9419,1.0,1.0,1.0,True,False,0.704575,1.0
glm53flash,parametric,openscad,0010/00101896,True,2,3,0.5,0.375,,,,0.4166666666666667,0.4166666666666667,0.001054,0.8946,0.6386,0.7828,0.1471,0.7475,1.0,1.0,1.0,True,False,0.60695,1.0
glm53flash,parametric,openscad,0061/00619989,True,2,8,0.5,1.0,,,,0.8333333333333334,0.8333333333333334,0.001006,0.8994,0.7893,0.8527,0.3638,0.7947,1.0,1.0,1.0,True,False,0.7118,1.0
glm53flash,parametric,openscad,0022/00226013,True,4,8,1.0,1.0,,,,1.0,1.0,0.000319,0.9681,0.8278,0.9637,0.3754,0.8517,1.0,1.0,1.0,True,False,0.75575,1.0
glm53flash,parametric,openscad,0052/00523563,True,4,8,1.0,1.0,,,,1.0,1.0,0.001504,0.8496,0.7379,0.8105,0.3021,0.732,1.0,1.0,1.0,True,False,0.6554,1.0
glm53flash,parametric,openscad,0036/00361447,True,4,8,1.0,1.0,,,,1.0,1.0,0.00011,0.989,0.8884,0.9934,0.5839,0.79,1.0,1.0,1.0,True,False,0.812825,1.0
glm53flash,parametric,openscad,0070/00709862,True,0,7,0.0,0.875,,,,0.5833333333333334,0.5833333333333334,0.000729,0.9271,0.5335,0.657,0.2835,0.7773,1.0,1.0,1.0,True,False,0.63035,1.0
glm53flash,parametric,openscad,0054/00541109,True,4,8,1.0,1.0,,,,1.0,1.0,0.003171,0.6829000000000001,0.0,0.5821,0.0676,0.4075,1.0,1.0,1.0,False,True,0.2895,1.0
glm53flash,parametric,openscad,0086/00866616,True,4,6,1.0,0.75,,,,0.8333333333333334,0.8333333333333334,0.000262,0.9738,0.3469,0.9667,0.5091,0.8221,1.0,1.0,1.0,True,False,0.662975,1.0
glm53flash,parametric,openscad,0027/00279318,True,3,8,0.75,1.0,,,,0.9166666666666666,0.9166666666666666,0.000602,0.9398,0.2687,0.8784,0.4466,0.6536,1.0,1.0,1.0,True,False,0.577175,1.0
glm53flash,parametric,openscad,0082/00827203,True,4,8,1.0,1.0,,,,1.0,1.0,0.000192,0.9808,0.8338,0.9717,0.5729,0.8899,1.0,1.0,1.0,True,False,0.81935,1.0
glm53flash,parametric,openscad,0039/00391450,True,4,3,1.0,0.375,,,,0.5833333333333334,0.5833333333333334,0.002723,0.7277,0.2598,0.5521,0.0808,0.654,1.0,1.0,1.0,True,False,0.430575,1.0
glm53flash,parametric,openscad,0013/00135378,True,4,8,1.0,1.0,,,,1.0,1.0,0.000417,0.9583,0.515,0.8965,0.2576,0.6457,1.0,1.0,0.98166,True,False,0.5941500000000001,0.9938866666666666
glm53flash,parametric,openscad,0093/00934405,True,4,7,1.0,0.875,,,,0.9166666666666666,0.9166666666666666,0.001501,0.8499,0.0,0.7581,0.061,0.5951,1.0,1.0,1.0,False,True,0.3765,1.0
glm53flash,parametric,openscad,0056/00568816,True,0,5,0.0,0.625,,,,0.4166666666666667,0.4166666666666667,0.00236,0.764,0.2392,0.6927,0.0851,0.543,1.0,1.0,1.0,True,False,0.407825,1.0
glm53flash,parametric,openscad,0072/00728052,True,4,8,1.0,1.0,,,,1.0,1.0,0.003265,0.6735,0.2423,0.5994,0.0472,0.5326,1.0,1.0,1.0,True,False,0.3739,1.0
glm53flash,parametric,openscad,0021/00210983,True,4,8,1.0,1.0,,,,1.0,1.0,0.001861,0.8139000000000001,0.0,0.7263,0.2192,0.6946,1.0,1.0,1.0,False,True,0.431925,1.0
glm53flash,parametric,openscad,0046/00460772,True,3,8,0.75,1.0,,,,0.9166666666666666,0.9166666666666666,0.000196,0.9804,0.7407,0.9733,0.5177,0.8317,1.0,1.0,1.0,True,False,0.767625,1.0
deepseek_v41flash,descriptive,json,0085/00852511,True,4,0,1.0,,10,10,1.0,1.0,,,,,,,,,,,,,,
deepseek_v41flash,descriptive,json,0009/00099014,True,4,0,1.0,,10,10,1.0,1.0,,,,,,,,,,,,,,
deepseek_v41flash,descriptive,json,0071/00710826,True,1,0,0.25,,10,10,1.0,0.625,,,,,,,,,,,,,,
deepseek_v41flash,descriptive,json,0005/00057589,True,4,0,1.0,,8,8,0.7777777777777778,0.8888888888888888,,,,,,,,,,,,,,
deepseek_v41flash,descriptive,json,0015/00155951,True,4,0,1.0,,10,10,1.0,1.0,,,,,,,,,,,,,,
deepseek_v41flash,descriptive,json,0013/00134405,True,2,0,0.5,,4,4,0.3333333333333333,0.41666666666666663,,,,,,,,,,,,,,
deepseek_v41flash,descriptive,json,0053/00531353,True,4,0,1.0,,5,5,0.4444444444444444,0.7222222222222222,,,,,,,,,,,,,,
deepseek_v41flash,descriptive,json,0094/00941813,True,4,0,1.0,,10,10,1.0,1.0,,,,,,,,,,,,,,
deepseek_v41flash,descriptive,json,0081/00817410,True,3,0,0.75,,10,10,1.0,0.875,,,,,,,,,,,,,,
deepseek_v41flash,descriptive,json,0045/00457640,True,3,0,0.75,,10,10,1.0,0.875,,,,,,,,,,,,,,
deepseek_v41flash,descriptive,json,0047/00478097,True,4,0,1.0,,10,10,1.0,1.0,,,,,,,,,,,,,,
deepseek_v41flash,descriptive,json,0013/00135353,True,4,0,1.0,,10,10,1.0,1.0,,,,,,,,,,,,,,
deepseek_v41flash,descriptive,json,0062/00621494,True,4,0,1.0,,6,6,0.5555555555555556,0.7777777777777778,,,,,,,,,,,,,,
deepseek_v41flash,descriptive,json,0016/00169954,True,3,0,0.75,,8,8,0.7777777777777778,0.7638888888888888,,,,,,,,,,,,,,
deepseek_v41flash,descriptive,json,0039/00390147,True,4,0,1.0,,6,6,0.5555555555555556,0.7777777777777778,,,,,,,,,,,,,,
deepseek_v41flash,descriptive,json,0089/00895528,True,4,0,1.0,,10,10,1.0,1.0,,,,,,,,,,,,,,
deepseek_v41flash,descriptive,json,0030/00306122,True,4,0,1.0,,5,5,0.4444444444444444,0.7222222222222222,,,,,,,,,,,,,,
deepseek_v41flash,descriptive,json,0070/00706059,True,4,0,1.0,,10,10,1.0,1.0,,,,,,,,,,,,,,
deepseek_v41flash,descriptive,json,0008/00086411,True,4,0,1.0,,10,10,1.0,1.0,,,,,,,,,,,,,,
deepseek_v41flash,descriptive,json,0073/00732007,True,4,0,1.0,,10,10,1.0,1.0,,,,,,,,,,,,,,
deepseek_v41flash,descriptive,json,0010/00103639,True,2,0,0.5,,4,4,0.3333333333333333,0.41666666666666663,,,,,,,,,,,,,,
deepseek_v41flash,descriptive,json,0019/00199917,True,4,0,1.0,,8,8,0.7777777777777778,0.8888888888888888,,,,,,,,,,,,,,
deepseek_v41flash,descriptive,json,0035/00350534,True,1,0,0.25,,5,5,0.4444444444444444,0.3472222222222222,,,,,,,,,,,,,,
deepseek_v41flash,descriptive,json,0043/00431078,True,3,0,0.75,,6,6,0.5555555555555556,0.6527777777777778,,,,,,,,,,,,,,
deepseek_v41flash,descriptive,json,0073/00737056,True,4,0,1.0,,4,4,0.3333333333333333,0.6666666666666666,,,,,,,,,,,,,,
deepseek_v41flash,descriptive,json,0078/00788594,True,3,0,0.75,,8,8,0.7777777777777778,0.7638888888888888,,,,,,,,,,,,,,
deepseek_v41flash,descriptive,json,0067/00677148,True,4,0,1.0,,8,8,0.7777777777777778,0.8888888888888888,,,,,,,,,,,,,,
deepseek_v41flash,descriptive,json,0093/00937375,True,4,0,1.0,,10,10,1.0,1.0,,,,,,,,,,,,,,
deepseek_v41flash,descriptive,json,0072/00726428,True,4,0,1.0,,1,1,0.0,0.5,,,,,,,,,,,,,,
deepseek_v41flash,descriptive,json,0049/00497058,True,4,0,1.0,,10,10,1.0,1.0,,,,,,,,,,,,,,
deepseek_v41flash,descriptive,json,0013/00133189,True,4,0,1.0,,10,10,1.0,1.0,,,,,,,,,,,,,,
deepseek_v41flash,descriptive,json,0024/00249966,True,4,0,1.0,,10,10,1.0,1.0,,,,,,,,,,,,,,
deepseek_v41flash,descriptive,json,0004/00042777,True,4,0,1.0,,6,6,0.5555555555555556,0.7777777777777778,,,,,,,,,,,,,,
deepseek_v41flash,descriptive,json,0055/00553999,True,4,0,1.0,,4,4,0.3333333333333333,0.6666666666666666,,,,,,,,,,,,,,
deepseek_v41flash,descriptive,json,0068/00681400,True,3,0,0.75,,5,5,0.4444444444444444,0.5972222222222222,,,,,,,,,,,,,,
deepseek_v41flash,descriptive,json,0071/00714935,True,4,0,1.0,,10,10,1.0,1.0,,,,,,,,,,,,,,
deepseek_v41flash,descriptive,json,0022/00227442,True,4,0,1.0,,10,10,1.0,1.0,,,,,,,,,,,,,,
deepseek_v41flash,descriptive,json,0039/00397627,True,4,0,1.0,,4,4,0.3333333333333333,0.6666666666666666,,,,,,,,,,,,,,
deepseek_v41flash,descriptive,json,0026/00268024,True,4,0,1.0,,8,8,0.7777777777777778,0.8888888888888888,,,,,,,,,,,,,,
deepseek_v41flash,descriptive,json,0007/00073282,True,3,0,0.75,,8,8,0.7777777777777778,0.7638888888888888,,,,,,,,,,,,,,
deepseek_v41flash,descriptive,json,0036/00369868,True,3,0,0.75,,4,4,0.3333333333333333,0.5416666666666666,,,,,,,,,,,,,,
deepseek_v41flash,descriptive,json,0084/00844862,True,4,0,1.0,,8,8,0.7777777777777778,0.8888888888888888,,,,,,,,,,,,,,
deepseek_v41flash,descriptive,json,0026/00268027,True,4,0,1.0,,10,10,1.0,1.0,,,,,,,,,,,,,,
deepseek_v41flash,descriptive,json,0092/00925049,True,3,0,0.75,,6,6,0.5555555555555556,0.6527777777777778,,,,,,,,,,,,,,
deepseek_v41flash,descriptive,json,0072/00725542,True,4,0,1.0,,10,10,1.0,1.0,,,,,,,,,,,,,,
deepseek_v41flash,descriptive,json,0015/00150938,True,4,0,1.0,,10,10,1.0,1.0,,,,,,,,,,,,,,
deepseek_v41flash,descriptive,json,0072/00726429,True,4,0,1.0,,1,1,0.0,0.5,,,,,,,,,,,,,,
deepseek_v41flash,descriptive,json,0065/00657969,True,3,0,0.75,,4,4,0.3333333333333333,0.5416666666666666,,,,,,,,,,,,,,
deepseek_v41flash,descriptive,json,0031/00310774,True,4,0,1.0,,10,10,1.0,1.0,,,,,,,,,,,,,,
deepseek_v41flash,descriptive,json,0061/00618813,True,3,0,0.75,,10,10,1.0,0.875,,,,,,,,,,,,,,
deepseek_v41flash,descriptive,json,0030/00307386,True,3,0,0.75,,10,10,1.0,0.875,,,,,,,,,,,,,,
deepseek_v41flash,descriptive,json,0072/00724192,True,4,0,1.0,,10,10,1.0,1.0,,,,,,,,,,,,,,
deepseek_v41flash,descriptive,json,0018/00189804,True,2,0,0.5,,10,10,1.0,0.75,,,,,,,,,,,,,,
deepseek_v41flash,descriptive,json,0080/00807326,True,4,0,1.0,,10,10,1.0,1.0,,,,,,,,,,,,,,
deepseek_v41flash,descriptive,json,0078/00789364,True,4,0,1.0,,10,10,1.0,1.0,,,,,,,,,,,,,,
deepseek_v41flash,descriptive,json,0002/00029952,True,3,0,0.75,,10,10,1.0,0.875,,,,,,,,,,,,,,
deepseek_v41flash,descriptive,json,0005/00051224,True,4,0,1.0,,10,10,1.0,1.0,,,,,,,,,,,,,,
deepseek_v41flash,descriptive,json,0087/00873073,True,2,0,0.5,,10,10,1.0,0.75,,,,,,,,,,,,,,
deepseek_v41flash,descriptive,json,0077/00779770,True,3,0,0.75,,4,4,0.3333333333333333,0.5416666666666666,,,,,,,,,,,,,,
deepseek_v41flash,descriptive,json,0077/00778195,True,4,0,1.0,,10,10,1.0,1.0,,,,,,,,,,,,,,
deepseek_v41flash,descriptive,json,0039/00397628,True,4,0,1.0,,4,4,0.3333333333333333,0.6666666666666666,,,,,,,,,,,,,,
deepseek_v41flash,descriptive,json,0008/00089777,True,4,0,1.0,,10,10,1.0,1.0,,,,,,,,,,,,,,
deepseek_v41flash,descriptive,json,0075/00758810,True,4,0,1.0,,4,4,0.3333333333333333,0.6666666666666666,,,,,,,,,,,,,,
deepseek_v41flash,descriptive,json,0028/00284926,True,4,0,1.0,,10,10,1.0,1.0,,,,,,,,,,,,,,
deepseek_v41flash,descriptive,json,0074/00741629,True,3,0,0.75,,10,10,1.0,0.875,,,,,,,,,,,,,,
deepseek_v41flash,descriptive,json,0097/00973497,True,4,0,1.0,,10,10,1.0,1.0,,,,,,,,,,,,,,
deepseek_v41flash,descriptive,json,0047/00474303,True,4,0,1.0,,10,10,1.0,1.0,,,,,,,,,,,,,,
deepseek_v41flash,descriptive,json,0061/00616188,True,2,0,0.5,,4,4,0.3333333333333333,0.41666666666666663,,,,,,,,,,,,,,
deepseek_v41flash,descriptive,json,0005/00051572,True,4,0,1.0,,10,10,1.0,1.0,,,,,,,,,,,,,,
deepseek_v41flash,descriptive,json,0025/00253807,True,4,0,1.0,,3,3,0.2222222222222222,0.6111111111111112,,,,,,,,,,,,,,
deepseek_v41flash,descriptive,json,0024/00242128,True,4,0,1.0,,8,8,0.7777777777777778,0.8888888888888888,,,,,,,,,,,,,,
deepseek_v41flash,descriptive,json,0029/00292492,True,4,0,1.0,,10,10,1.0,1.0,,,,,,,,,,,,,,
deepseek_v41flash,descriptive,json,0054/00547865,True,3,0,0.75,,10,10,1.0,0.875,,,,,,,,,,,,,,
deepseek_v41flash,descriptive,json,0005/00052091,True,4,0,1.0,,6,6,0.5555555555555556,0.7777777777777778,,,,,,,,,,,,,,
deepseek_v41flash,descriptive,json,0034/00344679,True,4,0,1.0,,2,2,0.1111111111111111,0.5555555555555556,,,,,,,,,,,,,,
deepseek_v41flash,descriptive,json,0092/00923543,True,4,0,1.0,,5,5,0.4444444444444444,0.7222222222222222,,,,,,,,,,,,,,
deepseek_v41flash,descriptive,json,0024/00242859,True,4,0,1.0,,5,5,0.4444444444444444,0.7222222222222222,,,,,,,,,,,,,,
deepseek_v41flash,descriptive,json,0079/00790247,True,4,0,1.0,,7,7,0.6666666666666666,0.8333333333333333,,,,,,,,,,,,,,
deepseek_v41flash,descriptive,json,0084/00843879,True,3,0,0.75,,10,10,1.0,0.875,,,,,,,,,,,,,,
deepseek_v41flash,descriptive,json,0010/00108226,True,4,0,1.0,,7,7,0.6666666666666666,0.8333333333333333,,,,,,,,,,,,,,
deepseek_v41flash,descriptive,json,0026/00268031,True,4,0,1.0,,10,10,1.0,1.0,,,,,,,,,,,,,,
deepseek_v41flash,descriptive,json,0022/00225399,True,4,0,1.0,,10,10,1.0,1.0,,,,,,,,,,,,,,
deepseek_v41flash,descriptive,json,0057/00570258,True,4,0,1.0,,10,10,1.0,1.0,,,,,,,,,,,,,,
deepseek_v41flash,descriptive,json,0010/00101896,True,3,0,0.75,,4,4,0.3333333333333333,0.5416666666666666,,,,,,,,,,,,,,
deepseek_v41flash,descriptive,json,0061/00619989,True,4,0,1.0,,10,10,1.0,1.0,,,,,,,,,,,,,,
deepseek_v41flash,descriptive,json,0022/00226013,True,4,0,1.0,,10,10,1.0,1.0,,,,,,,,,,,,,,
deepseek_v41flash,descriptive,json,0052/00523563,True,4,0,1.0,,10,10,1.0,1.0,,,,,,,,,,,,,,
deepseek_v41flash,descriptive,json,0036/00361447,True,4,0,1.0,,10,10,1.0,1.0,,,,,,,,,,,,,,
deepseek_v41flash,descriptive,json,0070/00709862,True,4,0,1.0,,10,10,1.0,1.0,,,,,,,,,,,,,,
deepseek_v41flash,descriptive,json,0054/00541109,True,4,0,1.0,,6,6,0.5555555555555556,0.7777777777777778,,,,,,,,,,,,,,
deepseek_v41flash,descriptive,json,0086/00866616,True,4,0,1.0,,7,7,0.6666666666666666,0.8333333333333333,,,,,,,,,,,,,,
deepseek_v41flash,descriptive,json,0027/00279318,True,4,0,1.0,,10,10,1.0,1.0,,,,,,,,,,,,,,
deepseek_v41flash,descriptive,json,0082/00827203,True,4,0,1.0,,10,10,1.0,1.0,,,,,,,,,,,,,,
deepseek_v41flash,descriptive,json,0039/00391450,True,3,0,0.75,,4,4,0.3333333333333333,0.5416666666666666,,,,,,,,,,,,,,
deepseek_v41flash,descriptive,json,0013/00135378,True,4,0,1.0,,10,10,1.0,1.0,,,,,,,,,,,,,,
deepseek_v41flash,descriptive,json,0093/00934405,True,4,0,1.0,,10,10,1.0,1.0,,,,,,,,,,,,,,
deepseek_v41flash,descriptive,json,0056/00568816,True,4,0,1.0,,2,2,0.1111111111111111,0.5555555555555556,,,,,,,,,,,,,,
deepseek_v41flash,descriptive,json,0072/00728052,True,4,0,1.0,,10,10,1.0,1.0,,,,,,,,,,,,,,
deepseek_v41flash,descriptive,json,0021/00210983,True,3,0,0.75,,10,10,1.0,0.875,,,,,,,,,,,,,,
deepseek_v41flash,descriptive,json,0046/00460772,True,4,0,1.0,,8,8,0.7777777777777778,0.8888888888888888,,,,,,,,,,,,,,
deepseek_v41flash,descriptive,openscad,0085/00852511,True,4,0,1.0,,10,10,1.0,1.0,,,,,,,,,,,,,,
deepseek_v41flash,descriptive,openscad,0009/00099014,True,4,0,1.0,,10,10,1.0,1.0,,,,,,,,,,,,,,
deepseek_v41flash,descriptive,openscad,0071/00710826,True,4,0,1.0,,10,10,1.0,1.0,,,,,,,,,,,,,,
deepseek_v41flash,descriptive,openscad,0005/00057589,True,4,0,1.0,,10,10,1.0,1.0,,,,,,,,,,,,,,
deepseek_v41flash,descriptive,openscad,0015/00155951,True,4,0,1.0,,8,8,0.7777777777777778,0.8888888888888888,,,,,,,,,,,,,,
deepseek_v41flash,descriptive,openscad,0013/00134405,True,4,0,1.0,,10,10,1.0,1.0,,,,,,,,,,,,,,
deepseek_v41flash,descriptive,openscad,0053/00531353,True,3,0,0.75,,8,8,0.7777777777777778,0.7638888888888888,,,,,,,,,,,,,,
deepseek_v41flash,descriptive,openscad,0094/00941813,True,4,0,1.0,,10,10,1.0,1.0,,,,,,,,,,,,,,
deepseek_v41flash,descriptive,openscad,0081/00817410,True,4,0,1.0,,5,5,0.4444444444444444,0.7222222222222222,,,,,,,,,,,,,,
deepseek_v41flash,descriptive,openscad,0045/00457640,True,3,0,0.75,,10,10,1.0,0.875,,,,,,,,,,,,,,
deepseek_v41flash,descriptive,openscad,0047/00478097,True,4,0,1.0,,10,10,1.0,1.0,,,,,,,,,,,,,,
deepseek_v41flash,descriptive,openscad,0013/00135353,True,4,0,1.0,,10,10,1.0,1.0,,,,,,,,,,,,,,
deepseek_v41flash,descriptive,openscad,0062/00621494,True,4,0,1.0,,4,4,0.3333333333333333,0.6666666666666666,,,,,,,,,,,,,,
deepseek_v41flash,descriptive,openscad,0016/00169954,True,4,0,1.0,,10,10,1.0,1.0,,,,,,,,,,,,,,
deepseek_v41flash,descriptive,openscad,0039/00390147,True,4,0,1.0,,8,8,0.7777777777777778,0.8888888888888888,,,,,,,,,,,,,,
deepseek_v41flash,descriptive,openscad,0089/00895528,True,4,0,1.0,,10,10,1.0,1.0,,,,,,,,,,,,,,
deepseek_v41flash,descriptive,openscad,0030/00306122,True,4,0,1.0,,10,10,1.0,1.0,,,,,,,,,,,,,,
deepseek_v41flash,descriptive,openscad,0070/00706059,True,4,0,1.0,,10,10,1.0,1.0,,,,,,,,,,,,,,
deepseek_v41flash,descriptive,openscad,0008/00086411,True,4,0,1.0,,10,10,1.0,1.0,,,,,,,,,,,,,,
deepseek_v41flash,descriptive,openscad,0073/00732007,True,4,0,1.0,,7,7,0.6666666666666666,0.8333333333333333,,,,,,,,,,,,,,
deepseek_v41flash,descriptive,openscad,0010/00103639,True,4,0,1.0,,10,10,1.0,1.0,,,,,,,,,,,,,,
deepseek_v41flash,descriptive,openscad,0019/00199917,True,4,0,1.0,,10,10,1.0,1.0,,,,,,,,,,,,,,
deepseek_v41flash,descriptive,openscad,0035/00350534,True,3,0,0.75,,4,4,0.3333333333333333,0.5416666666666666,,,,,,,,,,,,,,
deepseek_v41flash,descriptive,openscad,0043/00431078,True,4,0,1.0,,6,6,0.5555555555555556,0.7777777777777778,,,,,,,,,,,,,,
deepseek_v41flash,descriptive,openscad,0073/00737056,True,4,0,1.0,,4,4,0.3333333333333333,0.6666666666666666,,,,,,,,,,,,,,
deepseek_v41flash,descriptive,openscad,0078/00788594,True,4,0,1.0,,10,10,1.0,1.0,,,,,,,,,,,,,,
deepseek_v41flash,descriptive,openscad,0067/00677148,True,4,0,1.0,,10,10,1.0,1.0,,,,,,,,,,,,,,
deepseek_v41flash,descriptive,openscad,0093/00937375,True,4,0,1.0,,10,10,1.0,1.0,,,,,,,,,,,,,,
deepseek_v41flash,descriptive,openscad,0072/00726428,True,4,0,1.0,,2,2,0.1111111111111111,0.5555555555555556,,,,,,,,,,,,,,
deepseek_v41flash,descriptive,openscad,0049/00497058,True,4,0,1.0,,10,10,1.0,1.0,,,,,,,,,,,,,,
deepseek_v41flash,descriptive,openscad,0013/00133189,True,4,0,1.0,,10,10,1.0,1.0,,,,,,,,,,,,,,
deepseek_v41flash,descriptive,openscad,0024/00249966,True,4,0,1.0,,10,10,1.0,1.0,,,,,,,,,,,,,,
deepseek_v41flash,descriptive,openscad,0004/00042777,True,4,0,1.0,,10,10,1.0,1.0,,,,,,,,,,,,,,
deepseek_v41flash,descriptive,openscad,0055/00553999,True,4,0,1.0,,2,2,0.1111111111111111,0.5555555555555556,,,,,,,,,,,,,,
deepseek_v41flash,descriptive,openscad,0068/00681400,True,4,0,1.0,,8,8,0.7777777777777778,0.8888888888888888,,,,,,,,,,,,,,
deepseek_v41flash,descriptive,openscad,0071/00714935,True,4,0,1.0,,10,10,1.0,1.0,,,,,,,,,,,,,,
deepseek_v41flash,descriptive,openscad,0022/00227442,True,4,0,1.0,,10,10,1.0,1.0,,,,,,,,,,,,,,
deepseek_v41flash,descriptive,openscad,0039/00397627,True,4,0,1.0,,4,4,0.3333333333333333,0.6666666666666666,,,,,,,,,,,,,,
deepseek_v41flash,descriptive,openscad,0026/00268024,True,4,0,1.0,,10,10,1.0,1.0,,,,,,,,,,,,,,
deepseek_v41flash,descriptive,openscad,0007/00073282,True,3,0,0.75,,10,10,1.0,0.875,,,,,,,,,,,,,,
deepseek_v41flash,descriptive,openscad,0036/00369868,True,3,0,0.75,,6,6,0.5555555555555556,0.6527777777777778,,,,,,,,,,,,,,
deepseek_v41flash,descriptive,openscad,0084/00844862,True,4,0,1.0,,8,8,0.7777777777777778,0.8888888888888888,,,,,,,,,,,,,,
deepseek_v41flash,descriptive,openscad,0026/00268027,True,4,0,1.0,,10,10,1.0,1.0,,,,,,,,,,,,,,
deepseek_v41flash,descriptive,openscad,0092/00925049,True,4,0,1.0,,10,10,1.0,1.0,,,,,,,,,,,,,,
deepseek_v41flash,descriptive,openscad,0072/00725542,True,4,0,1.0,,10,10,1.0,1.0,,,,,,,,,,,,,,
deepseek_v41flash,descriptive,openscad,0015/00150938,True,4,0,1.0,,10,10,1.0,1.0,,,,,,,,,,,,,,
deepseek_v41flash,descriptive,openscad,0072/00726429,True,4,0,1.0,,1,1,0.0,0.5,,,,,,,,,,,,,,
deepseek_v41flash,descriptive,openscad,0065/00657969,True,4,0,1.0,,5,5,0.4444444444444444,0.7222222222222222,,,,,,,,,,,,,,
deepseek_v41flash,descriptive,openscad,0031/00310774,True,4,0,1.0,,8,8,0.7777777777777778,0.8888888888888888,,,,,,,,,,,,,,
deepseek_v41flash,descriptive,openscad,0061/00618813,True,4,0,1.0,,10,10,1.0,1.0,,,,,,,,,,,,,,
deepseek_v41flash,descriptive,openscad,0030/00307386,True,4,0,1.0,,10,10,1.0,1.0,,,,,,,,,,,,,,
deepseek_v41flash,descriptive,openscad,0072/00724192,True,4,0,1.0,,10,10,1.0,1.0,,,,,,,,,,,,,,
deepseek_v41flash,descriptive,openscad,0018/00189804,True,4,0,1.0,,10,10,1.0,1.0,,,,,,,,,,,,,,
deepseek_v41flash,descriptive,openscad,0080/00807326,True,4,0,1.0,,10,10,1.0,1.0,,,,,,,,,,,,,,
deepseek_v41flash,descriptive,openscad,0078/00789364,True,4,0,1.0,,10,10,1.0,1.0,,,,,,,,,,,,,,
deepseek_v41flash,descriptive,openscad,0002/00029952,True,4,0,1.0,,10,10,1.0,1.0,,,,,,,,,,,,,,
deepseek_v41flash,descriptive,openscad,0005/00051224,True,4,0,1.0,,10,10,1.0,1.0,,,,,,,,,,,,,,
deepseek_v41flash,descriptive,openscad,0087/00873073,True,4,0,1.0,,10,10,1.0,1.0,,,,,,,,,,,,,,
deepseek_v41flash,descriptive,openscad,0077/00779770,True,4,0,1.0,,4,4,0.3333333333333333,0.6666666666666666,,,,,,,,,,,,,,
deepseek_v41flash,descriptive,openscad,0077/00778195,True,4,0,1.0,,10,10,1.0,1.0,,,,,,,,,,,,,,
deepseek_v41flash,descriptive,openscad,0039/00397628,True,4,0,1.0,,4,4,0.3333333333333333,0.6666666666666666,,,,,,,,,,,,,,
deepseek_v41flash,descriptive,openscad,0008/00089777,True,3,0,0.75,,8,8,0.7777777777777778,0.7638888888888888,,,,,,,,,,,,,,
deepseek_v41flash,descriptive,openscad,0075/00758810,True,4,0,1.0,,6,6,0.5555555555555556,0.7777777777777778,,,,,,,,,,,,,,
deepseek_v41flash,descriptive,openscad,0028/00284926,True,4,0,1.0,,10,10,1.0,1.0,,,,,,,,,,,,,,
deepseek_v41flash,descriptive,openscad,0074/00741629,True,4,0,1.0,,8,8,0.7777777777777778,0.8888888888888888,,,,,,,,,,,,,,
deepseek_v41flash,descriptive,openscad,0097/00973497,True,4,0,1.0,,8,8,0.7777777777777778,0.8888888888888888,,,,,,,,,,,,,,
deepseek_v41flash,descriptive,openscad,0047/00474303,True,4,0,1.0,,10,10,1.0,1.0,,,,,,,,,,,,,,
deepseek_v41flash,descriptive,openscad,0061/00616188,True,3,0,0.75,,7,7,0.6666666666666666,0.7083333333333333,,,,,,,,,,,,,,
deepseek_v41flash,descriptive,openscad,0005/00051572,True,4,0,1.0,,10,10,1.0,1.0,,,,,,,,,,,,,,
deepseek_v41flash,descriptive,openscad,0025/00253807,True,4,0,1.0,,5,5,0.4444444444444444,0.7222222222222222,,,,,,,,,,,,,,
deepseek_v41flash,descriptive,openscad,0024/00242128,True,4,0,1.0,,4,4,0.3333333333333333,0.6666666666666666,,,,,,,,,,,,,,
deepseek_v41flash,descriptive,openscad,0029/00292492,True,4,0,1.0,,10,10,1.0,1.0,,,,,,,,,,,,,,
deepseek_v41flash,descriptive,openscad,0054/00547865,True,4,0,1.0,,10,10,1.0,1.0,,,,,,,,,,,,,,
deepseek_v41flash,descriptive,openscad,0005/00052091,True,4,0,1.0,,5,5,0.4444444444444444,0.7222222222222222,,,,,,,,,,,,,,
deepseek_v41flash,descriptive,openscad,0034/00344679,True,4,0,1.0,,2,2,0.1111111111111111,0.5555555555555556,,,,,,,,,,,,,,
deepseek_v41flash,descriptive,openscad,0092/00923543,True,4,0,1.0,,7,7,0.6666666666666666,0.8333333333333333,,,,,,,,,,,,,,
deepseek_v41flash,descriptive,openscad,0024/00242859,True,3,0,0.75,,2,2,0.1111111111111111,0.4305555555555556,,,,,,,,,,,,,,
deepseek_v41flash,descriptive,openscad,0079/00790247,True,4,0,1.0,,10,10,1.0,1.0,,,,,,,,,,,,,,
deepseek_v41flash,descriptive,openscad,0084/00843879,True,4,0,1.0,,10,10,1.0,1.0,,,,,,,,,,,,,,
deepseek_v41flash,descriptive,openscad,0010/00108226,True,2,0,0.5,,6,6,0.5555555555555556,0.5277777777777778,,,,,,,,,,,,,,
deepseek_v41flash,descriptive,openscad,0026/00268031,True,4,0,1.0,,10,10,1.0,1.0,,,,,,,,,,,,,,
deepseek_v41flash,descriptive,openscad,0022/00225399,True,4,0,1.0,,8,8,0.7777777777777778,0.8888888888888888,,,,,,,,,,,,,,
deepseek_v41flash,descriptive,openscad,0057/00570258,True,4,0,1.0,,10,10,1.0,1.0,,,,,,,,,,,,,,
deepseek_v41flash,descriptive,openscad,0010/00101896,True,4,0,1.0,,10,10,1.0,1.0,,,,,,,,,,,,,,
deepseek_v41flash,descriptive,openscad,0061/00619989,True,4,0,1.0,,3,3,0.2222222222222222,0.6111111111111112,,,,,,,,,,,,,,
deepseek_v41flash,descriptive,openscad,0022/00226013,True,4,0,1.0,,10,10,1.0,1.0,,,,,,,,,,,,,,
deepseek_v41flash,descriptive,openscad,0052/00523563,True,4,0,1.0,,10,10,1.0,1.0,,,,,,,,,,,,,,
deepseek_v41flash,descriptive,openscad,0036/00361447,True,4,0,1.0,,10,10,1.0,1.0,,,,,,,,,,,,,,
deepseek_v41flash,descriptive,openscad,0070/00709862,True,4,0,1.0,,10,10,1.0,1.0,,,,,,,,,,,,,,
deepseek_v41flash,descriptive,openscad,0054/00541109,True,4,0,1.0,,6,6,0.5555555555555556,0.7777777777777778,,,,,,,,,,,,,,
deepseek_v41flash,descriptive,openscad,0086/00866616,True,4,0,1.0,,7,7,0.6666666666666666,0.8333333333333333,,,,,,,,,,,,,,
deepseek_v41flash,descriptive,openscad,0027/00279318,True,4,0,1.0,,10,10,1.0,1.0,,,,,,,,,,,,,,
deepseek_v41flash,descriptive,openscad,0082/00827203,True,4,0,1.0,,4,4,0.3333333333333333,0.6666666666666666,,,,,,,,,,,,,,
deepseek_v41flash,descriptive,openscad,0039/00391450,True,4,0,1.0,,4,4,0.3333333333333333,0.6666666666666666,,,,,,,,,,,,,,
deepseek_v41flash,descriptive,openscad,0013/00135378,True,4,0,1.0,,10,10,1.0,1.0,,,,,,,,,,,,,,
deepseek_v41flash,descriptive,openscad,0093/00934405,True,4,0,1.0,,8,8,0.7777777777777778,0.8888888888888888,,,,,,,,,,,,,,
deepseek_v41flash,descriptive,openscad,0056/00568816,True,4,0,1.0,,4,4,0.3333333333333333,0.6666666666666666,,,,,,,,,,,,,,
deepseek_v41flash,descriptive,openscad,0072/00728052,True,4,0,1.0,,6,6,0.5555555555555556,0.7777777777777778,,,,,,,,,,,,,,
deepseek_v41flash,descriptive,openscad,0021/00210983,True,4,0,1.0,,10,10,1.0,1.0,,,,,,,,,,,,,,
deepseek_v41flash,descriptive,openscad,0046/00460772,True,4,0,1.0,,10,10,1.0,1.0,,,,,,,,,,,,,,
deepseek_v41flash,parametric,json,0085/00852511,True,4,8,1.0,1.0,,,,1.0,1.0,0.000133,0.9867,0.6299,0.9695,0.7306,0.8854,1.0,1.0,0.949267,True,False,0.80815,0.983089
deepseek_v41flash,parametric,json,0009/00099014,True,4,8,1.0,1.0,,,,1.0,1.0,3.6e-05,0.9964,0.9987,1.0,0.7856,0.9669,1.0,1.0,1.0,True,False,0.9369,1.0
deepseek_v41flash,parametric,json,0071/00710826,True,2,8,0.5,1.0,,,,0.8333333333333334,0.8333333333333334,0.000892,0.9108,0.5478,0.8684,0.3268,0.7444,1.0,1.0,1.0,True,False,0.63245,1.0
deepseek_v41flash,parametric,json,0005/00057589,True,3,6,0.75,0.75,,,,0.75,0.75,9.2e-05,0.9908,0.7343,0.9853,0.7043,0.9189,1.0,1.0,1.0,True,False,0.837075,1.0
deepseek_v41flash,parametric,json,0015/00155951,True,4,8,1.0,1.0,,,,1.0,1.0,0.008641,0.13590000000000013,0.1887,0.4104,0.0298,0.388,1.0,1.0,1.0,True,False,0.18560000000000004,1.0
deepseek_v41flash,parametric,json,0013/00134405,True,4,8,1.0,1.0,,,,1.0,1.0,0.000814,0.9186,0.4217,0.8497,0.4335,0.6008,1.0,1.0,1.0,True,False,0.59365,1.0
deepseek_v41flash,parametric,json,0053/00531353,True,2,6,0.5,0.75,,,,0.6666666666666666,0.6666666666666666,0.003047,0.6953,0.4514,0.6737,0.2359,0.6404,1.0,1.0,1.0,True,False,0.50575,1.0
deepseek_v41flash,parametric,json,0094/00941813,True,4,8,1.0,1.0,,,,1.0,1.0,0.000309,0.9691,0.7571,0.9372,0.3325,0.8793,1.0,1.0,1.0,True,False,0.7344999999999999,1.0
deepseek_v41flash,parametric,json,0081/00817410,True,4,8,1.0,1.0,,,,1.0,1.0,0.000187,0.9813,0.7784,0.975,0.5359,0.8358,1.0,1.0,1.0,True,False,0.78285,1.0
deepseek_v41flash,parametric,json,0045/00457640,True,3,6,0.75,0.75,,,,0.75,0.75,0.000733,0.9267,0.3202,0.8837,0.2541,0.8171,1.0,1.0,1.0,True,False,0.579525,1.0
deepseek_v41flash,parametric,json,0047/00478097,True,4,8,1.0,1.0,,,,1.0,1.0,3.2e-05,0.9968,0.9795,0.9977,0.8398,0.9377,1.0,1.0,1.0,True,False,0.93845,1.0
deepseek_v41flash,parametric,json,0013/00135353,True,4,8,1.0,1.0,,,,1.0,1.0,0.000463,0.9537,0.6065,0.8873,0.2804,0.7377,1.0,1.0,1.0,True,False,0.644575,1.0
deepseek_v41flash,parametric,json,0062/00621494,True,3,7,0.75,0.875,,,,0.8333333333333334,0.8333333333333334,0.000587,0.9413,0.6139,0.9173,0.3576,0.8741,1.0,1.0,1.0,True,False,0.696725,1.0
deepseek_v41flash,parametric,json,0016/00169954,True,1,7,0.25,0.875,,,,0.6666666666666666,0.6666666666666666,0.006355,0.36449999999999994,0.0171,0.3448,0.0559,0.3674,1.0,1.0,0.969342,True,False,0.201225,0.9897806666666668
deepseek_v41flash,parametric,json,0039/00390147,True,4,8,1.0,1.0,,,,1.0,1.0,0.001008,0.8992,0.6063,0.8745,0.3099,0.7102,1.0,1.0,1.0,True,False,0.6314,1.0
deepseek_v41flash,parametric,json,0089/00895528,True,4,5,1.0,0.625,,,,0.75,0.75,0.003921,0.6079,0.2652,0.5953,0.0365,0.5872,1.0,1.0,1.0,True,False,0.37420000000000003,1.0
deepseek_v41flash,parametric,json,0030/00306122,True,4,5,1.0,0.625,,,,0.75,0.75,0.001267,0.8733,0.326,0.785,0.0972,0.5477,1.0,1.0,1.0,True,False,0.46104999999999996,1.0
deepseek_v41flash,parametric,json,0070/00706059,True,3,5,0.75,0.625,,,,0.6666666666666666,0.6666666666666666,0.000503,0.9497,0.7702,0.9175,0.3309,0.811,1.0,1.0,0.999328,True,False,0.71545,0.9997760000000001
deepseek_v41flash,parametric,json,0008/00086411,True,3,8,0.75,1.0,,,,0.9166666666666666,0.9166666666666666,0.004567,0.5433,0.1189,0.4551,0.1276,0.3783,1.0,1.0,1.0,True,False,0.292025,1.0
deepseek_v41flash,parametric,json,0073/00732007,True,2,4,0.5,0.5,,,,0.5,0.5,0.000512,0.9488,0.5011,0.9004,0.4836,0.8024,1.0,1.0,1.0,True,False,0.683975,1.0
deepseek_v41flash,parametric,json,0010/00103639,True,2,7,0.5,0.875,,,,0.75,0.75,0.000215,0.9785,0.5923,0.9474,0.8098,0.7732,1.0,1.0,1.0,True,False,0.78845,1.0
deepseek_v41flash,parametric,json,0019/00199917,True,2,6,0.5,0.75,,,,0.6666666666666666,0.6666666666666666,0.003398,0.6602,0.3891,0.6959,0.1723,0.6948,1.0,1.0,1.0,True,False,0.47909999999999997,1.0
deepseek_v41flash,parametric,json,0035/00350534,True,1,7,0.25,0.875,,,,0.6666666666666666,0.6666666666666666,0.001959,0.8041,0.318,0.6746,0.1895,0.5911,1.0,1.0,1.0,True,False,0.475675,1.0
deepseek_v41flash,parametric,json,0043/00431078,True,3,7,0.75,0.875,,,,0.8333333333333334,0.8333333333333334,0.001669,0.8331,0.3458,0.7838,0.2714,0.5969,1.0,1.0,0.99888,True,False,0.5118,0.9996266666666666
deepseek_v41flash,parametric,json,0073/00737056,True,4,8,1.0,1.0,,,,1.0,1.0,0.000762,0.9238,0.4616,0.9004,0.2886,0.8383,1.0,1.0,1.0,True,False,0.628075,1.0
deepseek_v41flash,parametric,json,0078/00788594,True,4,7,1.0,0.875,,,,0.9166666666666666,0.9166666666666666,0.001181,0.8819,0.572,0.9079,0.3203,0.7761,1.0,1.0,1.0,True,False,0.637575,1.0
deepseek_v41flash,parametric,json,0067/00677148,True,2,6,0.5,0.75,,,,0.6666666666666666,0.6666666666666666,0.000897,0.9103,0.5536,0.8838,0.2254,0.7502,1.0,1.0,1.0,True,False,0.609875,1.0
deepseek_v41flash,parametric,json,0093/00937375,True,4,8,1.0,1.0,,,,1.0,1.0,0.000282,0.9718,0.0,0.975,0.4887,0.8168,0.0,1.0,0.998551,False,True,0.569325,0.6661836666666666
deepseek_v41flash,parametric,json,0072/00726428,True,4,7,1.0,0.875,,,,0.9166666666666666,0.9166666666666666,0.00222,0.778,0.5742,0.7799,0.1493,0.6682,1.0,1.0,1.0,True,False,0.542425,1.0
deepseek_v41flash,parametric,json,0049/00497058,True,4,8,1.0,1.0,,,,1.0,1.0,0.000139,0.9861,0.0,1.0,0.5342,0.8264,1.0,1.0,1.0,False,True,0.5866750000000001,1.0
deepseek_v41flash,parametric,json,0013/00133189,True,4,7,1.0,0.875,,,,0.9166666666666666,0.9166666666666666,0.00095,0.905,0.4169,0.7407,0.2855,0.5399,1.0,1.0,1.0,True,False,0.536825,1.0
deepseek_v41flash,parametric,json,0024/00249966,True,2,8,0.5,1.0,,,,0.8333333333333334,0.8333333333333334,0.000801,0.9199,0.6837,0.8591,0.5512,0.773,1.0,1.0,1.0,True,False,0.73195,1.0
deepseek_v41flash,parametric,json,0004/00042777,True,4,8,1.0,1.0,,,,1.0,1.0,0.003693,0.6307,0.3297,0.6407,0.3512,0.5089,1.0,1.0,1.0,True,False,0.455125,1.0
deepseek_v41flash,parametric,json,0055/00553999,True,4,7,1.0,0.875,,,,0.9166666666666666,0.9166666666666666,0.006371,0.3629,0.1951,0.3734,0.0243,0.566,1.0,1.0,1.0,True,False,0.28707499999999997,1.0
deepseek_v41flash,parametric,json,0068/00681400,True,4,8,1.0,1.0,,,,1.0,1.0,6.1e-05,0.9939,0.9042,0.9967,0.8083,0.9018,1.0,1.0,1.0,True,False,0.90205,1.0
deepseek_v41flash,parametric,json,0071/00714935,True,4,8,1.0,1.0,,,,1.0,1.0,0.000838,0.9162,0.8373,0.9408,0.31,0.8853,1.0,1.0,1.0,True,False,0.7372,1.0
deepseek_v41flash,parametric,json,0022/00227442,True,4,8,1.0,1.0,,,,1.0,1.0,0.000133,0.9867,0.7826,0.98,0.5222,0.8705,1.0,1.0,1.0,True,False,0.7905,1.0
deepseek_v41flash,parametric,json,0039/00397627,True,3,5,0.75,0.625,,,,0.6666666666666666,0.6666666666666666,0.003631,0.6369,0.4531,0.6549,0.0186,0.5605,1.0,1.0,1.0,True,False,0.417275,1.0
deepseek_v41flash,parametric,json,0026/00268024,True,4,8,1.0,1.0,,,,1.0,1.0,7.2e-05,0.9928,0.7871,0.9831,0.8401,0.8973,1.0,1.0,1.0,True,False,0.879325,1.0
deepseek_v41flash,parametric,json,0007/00073282,True,4,7,1.0,0.875,,,,0.9166666666666666,0.9166666666666666,0.001125,0.8875,0.3415,0.8656,0.3573,0.847,1.0,1.0,0.972504,True,False,0.608325,0.9908346666666666
deepseek_v41flash,parametric,json,0036/00369868,True,4,8,1.0,1.0,,,,1.0,1.0,0.000796,0.9204,0.5954,0.8311,0.1603,0.6708,1.0,1.0,1.0,True,False,0.5867249999999999,1.0
deepseek_v41flash,parametric,json,0084/00844862,True,4,8,1.0,1.0,,,,1.0,1.0,3.7e-05,0.9963,0.9556,0.995,0.858,0.9506,1.0,1.0,1.0,True,False,0.940125,1.0
deepseek_v41flash,parametric,json,0026/00268027,True,4,8,1.0,1.0,,,,1.0,1.0,5e-06,0.9995,0.9975,1.0,0.9951,0.9623,1.0,1.0,1.0,True,False,0.9886,1.0
deepseek_v41flash,parametric,json,0092/00925049,True,4,7,1.0,0.875,,,,0.9166666666666666,0.9166666666666666,0.000328,0.9672,0.408,0.9659,0.5087,0.7871,1.0,1.0,1.0,True,False,0.66775,1.0
deepseek_v41flash,parametric,json,0072/00725542,True,3,7,0.75,0.875,,,,0.8333333333333334,0.8333333333333334,0.00068,0.9319999999999999,0.7902,0.9211,0.4432,0.8687,1.0,1.0,1.0,True,False,0.758525,1.0
deepseek_v41flash,parametric,json,0015/00150938,True,3,8,0.75,1.0,,,,0.9166666666666666,0.9166666666666666,0.000276,0.9724,0.7745,0.9558,0.5314,0.8628,1.0,1.0,1.0,True,False,0.785275,1.0
deepseek_v41flash,parametric,json,0072/00726429,True,3,7,0.75,0.875,,,,0.8333333333333334,0.8333333333333334,0.001397,0.8603000000000001,0.6144,0.8325,0.2952,0.747,1.0,1.0,1.0,True,False,0.629225,1.0
deepseek_v41flash,parametric,json,0065/00657969,True,4,8,1.0,1.0,,,,1.0,1.0,0.001254,0.8746,0.3494,0.737,0.3563,0.5633,1.0,1.0,1.0,True,False,0.5359,1.0
deepseek_v41flash,parametric,json,0031/00310774,True,3,7,0.75,0.875,,,,0.8333333333333334,0.8333333333333334,0.000584,0.9416,0.318,0.8614,0.2854,0.7902,1.0,1.0,0.96718,True,False,0.5838,0.9890599999999999
deepseek_v41flash,parametric,json,0061/00618813,True,4,8,1.0,1.0,,,,1.0,1.0,0.003717,0.6283000000000001,0.5653,0.8847,0.047,0.6511,1.0,1.0,1.0,True,False,0.47292500000000004,1.0
deepseek_v41flash,parametric,json,0030/00307386,True,4,8,1.0,1.0,,,,1.0,1.0,4.6e-05,0.9954,0.9839,1.0,0.7214,0.9408,1.0,1.0,1.0,True,False,0.9103749999999999,1.0
deepseek_v41flash,parametric,json,0072/00724192,True,3,8,0.75,1.0,,,,0.9166666666666666,0.9166666666666666,0.000173,0.9827,0.732,0.976,0.6064,0.8301,1.0,1.0,1.0,True,False,0.7878000000000001,1.0
deepseek_v41flash,parametric,json,0018/00189804,True,3,8,0.75,1.0,,,,0.9166666666666666,0.9166666666666666,0.001046,0.8954,0.0,0.8883,0.5204,0.7082,0.0,1.0,0.999838,False,True,0.531,0.6666126666666666
deepseek_v41flash,parametric,json,0080/00807326,True,3,7,0.75,0.875,,,,0.8333333333333334,0.8333333333333334,0.000366,0.9634,0.735,0.9377,0.4578,0.7852,1.0,1.0,1.0,True,False,0.73535,1.0
deepseek_v41flash,parametric,json,0078/00789364,True,4,8,1.0,1.0,,,,1.0,1.0,0.000101,0.9899,0.0,1.0,0.5199,0.9077,1.0,1.0,0.999632,False,True,0.604375,0.9998773333333334
deepseek_v41flash,parametric,json,0002/00029952,True,3,7,0.75,0.875,,,,0.8333333333333334,0.8333333333333334,5.8e-05,0.9942,0.934,0.9997,0.7293,0.8961,1.0,1.0,1.0,True,False,0.8884,1.0
deepseek_v41flash,parametric,json,0005/00051224,True,3,8,0.75,1.0,,,,0.9166666666666666,0.9166666666666666,0.002208,0.7792,0.6931,0.7594,0.5597,0.6815,1.0,1.0,1.0,True,False,0.678375,1.0
deepseek_v41flash,parametric,json,0087/00873073,True,4,8,1.0,1.0,,,,1.0,1.0,0.000601,0.9399,0.5659,0.8609,0.4418,0.8339,1.0,1.0,1.0,True,False,0.695375,1.0
deepseek_v41flash,parametric,json,0077/00779770,True,3,4,0.75,0.5,,,,0.5833333333333334,0.5833333333333334,0.001784,0.8216,0.0577,0.6316,0.0257,0.6595,1.0,1.0,1.0,True,False,0.391125,1.0
deepseek_v41flash,parametric,json,0077/00778195,True,4,8,1.0,1.0,,,,1.0,1.0,0.0001,0.99,0.6205,0.991,0.7784,0.7468,1.0,1.0,1.0,True,False,0.783925,1.0
deepseek_v41flash,parametric,json,0039/00397628,True,4,8,1.0,1.0,,,,1.0,1.0,0.004696,0.5304,0.3445,0.5604,0.1273,0.5004,1.0,1.0,1.0,True,False,0.37565,1.0
deepseek_v41flash,parametric,json,0008/00089777,True,4,8,1.0,1.0,,,,1.0,1.0,0.00224,0.776,0.4054,0.6131,0.051,0.6527,1.0,1.0,1.0,True,False,0.471275,1.0
deepseek_v41flash,parametric,json,0075/00758810,True,4,7,1.0,0.875,,,,0.9166666666666666,0.9166666666666666,0.000754,0.9246,0.4823,0.8761,0.391,0.6722,1.0,1.0,1.0,True,False,0.617525,1.0
deepseek_v41flash,parametric,json,0028/00284926,True,3,7,0.75,0.875,,,,0.8333333333333334,0.8333333333333334,0.000149,0.9851,0.7784,0.9632,0.7622,0.8099,1.0,1.0,1.0,True,False,0.8339,1.0
deepseek_v41flash,parametric,json,0074/00741629,True,1,6,0.25,0.75,,,,0.5833333333333334,0.5833333333333334,0.003419,0.6581,0.2827,0.539,0.1281,0.5981,1.0,1.0,1.0,True,False,0.41675,1.0
deepseek_v41flash,parametric,json,0097/00973497,True,4,8,1.0,1.0,,,,1.0,1.0,0.000592,0.9408,0.4845,0.848,0.5951,0.7229,1.0,1.0,1.0,True,False,0.685825,1.0
deepseek_v41flash,parametric,json,0047/00474303,True,3,8,0.75,1.0,,,,0.9166666666666666,0.9166666666666666,0.003441,0.6558999999999999,0.2033,0.5629,0.0846,0.5571,1.0,1.0,1.0,True,False,0.375225,1.0
deepseek_v41flash,parametric,json,0061/00616188,True,4,8,1.0,1.0,,,,1.0,1.0,0.000141,0.9859,0.8767,0.9676,0.7513,0.8725,1.0,1.0,1.0,True,False,0.8716,1.0
deepseek_v41flash,parametric,json,0005/00051572,True,3,8,0.75,1.0,,,,0.9166666666666666,0.9166666666666666,0.000115,0.9885,0.8798,0.9849,0.7303,0.9085,1.0,1.0,1.0,True,False,0.876775,1.0
deepseek_v41flash,parametric,json,0025/00253807,True,4,8,1.0,1.0,,,,1.0,1.0,0.000611,0.9389,0.6204,0.8794,0.4561,0.7449,1.0,1.0,1.0,True,False,0.690075,1.0
deepseek_v41flash,parametric,json,0024/00242128,True,2,7,0.5,0.875,,,,0.75,0.75,0.001489,0.8511,0.1925,0.8547,0.1997,0.7699,1.0,1.0,1.0,True,False,0.5033,1.0
deepseek_v41flash,parametric,json,0029/00292492,False,0,0,0.0,0.0,,,,0.0,0.0,0.01,0.0,0.0,0.0,0.0,0.0,0.0,0.0,0.0,False,False,0.0,0.0
deepseek_v41flash,parametric,json,0054/00547865,True,3,8,0.75,1.0,,,,0.9166666666666666,0.9166666666666666,6.1e-05,0.9939,0.9874,0.9911,0.8789,0.9534,1.0,1.0,1.0,True,False,0.9534,1.0
deepseek_v41flash,parametric,json,0005/00052091,True,3,8,0.75,1.0,,,,0.9166666666666666,0.9166666666666666,0.00061,0.9390000000000001,0.7421,0.901,0.395,0.7909,1.0,1.0,1.0,True,False,0.71675,1.0
deepseek_v41flash,parametric,json,0034/00344679,True,2,6,0.5,0.75,,,,0.6666666666666666,0.6666666666666666,0.002014,0.7986,0.8515,0.6857,0.1455,0.6236,1.0,1.0,1.0,True,False,0.6048,1.0
deepseek_v41flash,parametric,json,0092/00923543,True,4,8,1.0,1.0,,,,1.0,1.0,0.000527,0.9473,0.5122,0.885,0.5567,0.6824,1.0,1.0,1.0,True,False,0.67465,1.0
deepseek_v41flash,parametric,json,0024/00242859,True,4,4,1.0,0.5,,,,0.6666666666666666,0.6666666666666666,0.000962,0.9038,0.6663,0.8278,0.2319,0.6737,1.0,1.0,1.0,True,False,0.618925,1.0
deepseek_v41flash,parametric,json,0079/00790247,True,4,7,1.0,0.875,,,,0.9166666666666666,0.9166666666666666,6e-05,0.994,0.9959,1.0,0.6111,0.9475,1.0,1.0,1.0,True,False,0.8871249999999999,1.0
deepseek_v41flash,parametric,json,0084/00843879,True,3,7,0.75,0.875,,,,0.8333333333333334,0.8333333333333334,0.00043,0.957,0.7381,0.8903,0.5159,0.7751,1.0,1.0,1.0,True,False,0.746525,1.0
deepseek_v41flash,parametric,json,0010/00108226,True,4,7,1.0,0.875,,,,0.9166666666666666,0.9166666666666666,0.000351,0.9649,0.7144,0.9268,0.6126,0.819,1.0,1.0,1.0,True,False,0.777725,1.0
deepseek_v41flash,parametric,json,0026/00268031,True,4,6,1.0,0.75,,,,0.8333333333333334,0.8333333333333334,0.00062,0.938,0.5367,0.9564,0.4626,0.8653,1.0,1.0,1.0,True,False,0.70065,1.0
deepseek_v41flash,parametric,json,0022/00225399,True,3,6,0.75,0.75,,,,0.75,0.75,0.001779,0.8221,0.6393,0.8181,0.0944,0.6974,1.0,1.0,0.998,True,False,0.5633,0.9993333333333334
deepseek_v41flash,parametric,json,0057/00570258,True,2,7,0.5,0.875,,,,0.75,0.75,0.000846,0.9154,0.77,0.9779,0.3781,0.9465,1.0,1.0,1.0,True,False,0.7525,1.0
deepseek_v41flash,parametric,json,0010/00101896,True,1,5,0.25,0.625,,,,0.5,0.5,0.001726,0.8274,0.4558,0.7305,0.0866,0.5929,1.0,1.0,1.0,True,False,0.490675,1.0
deepseek_v41flash,parametric,json,0061/00619989,True,1,7,0.25,0.875,,,,0.6666666666666666,0.6666666666666666,0.001121,0.8879,0.7529,0.8445,0.339,0.7497,1.0,1.0,1.0,True,False,0.6823750000000001,1.0
deepseek_v41flash,parametric,json,0022/00226013,True,4,8,1.0,1.0,,,,1.0,1.0,0.000246,0.9754,0.8582,0.9757,0.3844,0.8745,1.0,1.0,1.0,True,False,0.7731250000000001,1.0
deepseek_v41flash,parametric,json,0052/00523563,True,4,8,1.0,1.0,,,,1.0,1.0,0.000336,0.9664,0.8934,0.9373,0.4024,0.8188,1.0,1.0,1.0,True,False,0.77025,1.0
deepseek_v41flash,parametric,json,0036/00361447,True,4,8,1.0,1.0,,,,1.0,1.0,0.000113,0.9887,0.8859,0.9927,0.584,0.7935,1.0,1.0,1.0,True,False,0.813025,1.0
deepseek_v41flash,parametric,json,0070/00709862,True,4,6,1.0,0.75,,,,0.8333333333333334,0.8333333333333334,7.1e-05,0.9929,0.9679,1.0,0.5778,0.8588,1.0,1.0,1.0,True,False,0.84935,1.0
deepseek_v41flash,parametric,json,0054/00541109,True,4,8,1.0,1.0,,,,1.0,1.0,0.003194,0.6806000000000001,0.0,0.6356,0.1404,0.4555,0.0,1.0,0.968237,False,True,0.31912500000000005,0.656079
deepseek_v41flash,parametric,json,0086/00866616,True,4,7,1.0,0.875,,,,0.9166666666666666,0.9166666666666666,8.4e-05,0.9916,0.8676,0.9882,0.8196,0.9279,1.0,1.0,1.0,True,False,0.901675,1.0
deepseek_v41flash,parametric,json,0027/00279318,True,3,8,0.75,1.0,,,,0.9166666666666666,0.9166666666666666,0.001606,0.8394,0.2098,0.7021,0.2548,0.6265,1.0,1.0,1.0,True,False,0.48262499999999997,1.0
deepseek_v41flash,parametric,json,0082/00827203,True,4,8,1.0,1.0,,,,1.0,1.0,9e-05,0.991,0.6702,0.9986,0.5372,0.9024,1.0,1.0,1.0,True,False,0.7752,1.0
deepseek_v41flash,parametric,json,0039/00391450,True,0,1,0.0,0.125,,,,0.08333333333333333,0.08333333333333333,0.004569,0.5430999999999999,0.2514,0.27,0.0745,0.6647,1.0,1.0,1.0,True,False,0.38342499999999996,1.0
deepseek_v41flash,parametric,json,0013/00135378,True,4,8,1.0,1.0,,,,1.0,1.0,0.000353,0.9647,0.6523,0.9073,0.2591,0.7928,1.0,1.0,1.0,True,False,0.667225,1.0
deepseek_v41flash,parametric,json,0093/00934405,True,3,7,0.75,0.875,,,,0.8333333333333334,0.8333333333333334,0.001617,0.8383,0.4812,0.765,0.2278,0.6702,1.0,1.0,0.99997,True,False,0.5543750000000001,0.99999
deepseek_v41flash,parametric,json,0056/00568816,True,2,6,0.5,0.75,,,,0.6666666666666666,0.6666666666666666,0.002266,0.7734000000000001,0.2207,0.6025,0.0986,0.5222,1.0,1.0,1.0,True,False,0.403725,1.0
deepseek_v41flash,parametric,json,0072/00728052,True,3,8,0.75,1.0,,,,0.9166666666666666,0.9166666666666666,0.000436,0.9564,0.8617,0.9516,0.445,0.8703,1.0,1.0,1.0,True,False,0.78335,1.0
deepseek_v41flash,parametric,json,0021/00210983,True,4,8,1.0,1.0,,,,1.0,1.0,0.002361,0.7639,0.0,0.7271,0.3304,0.7736,0.0,1.0,0.995204,False,True,0.46697500000000003,0.665068
deepseek_v41flash,parametric,json,0046/00460772,True,4,7,1.0,0.875,,,,0.9166666666666666,0.9166666666666666,0.000246,0.9754,0.6735,0.951,0.4345,0.7597,1.0,1.0,1.0,True,False,0.710775,1.0
deepseek_v41flash,parametric,openscad,0085/00852511,True,4,8,1.0,1.0,,,,1.0,1.0,0.00013,0.987,0.6273,0.9689,0.7472,0.8923,1.0,1.0,0.936685,True,False,0.81345,0.978895
deepseek_v41flash,parametric,openscad,0009/00099014,True,4,8,1.0,1.0,,,,1.0,1.0,8.8e-05,0.9912,0.9955,1.0,0.4725,0.9372,1.0,1.0,1.0,True,False,0.8491,1.0
deepseek_v41flash,parametric,openscad,0071/00710826,True,3,8,0.75,1.0,,,,0.9166666666666666,0.9166666666666666,0.000349,0.9651,0.6839,0.9377,0.388,0.8074,1.0,1.0,1.0,True,False,0.7111,1.0
deepseek_v41flash,parametric,openscad,0005/00057589,True,4,6,1.0,0.75,,,,0.8333333333333334,0.8333333333333334,0.000114,0.9886,0.6894,0.9845,0.5816,0.9049,1.0,1.0,1.0,True,False,0.7911250000000001,1.0
deepseek_v41flash,parametric,openscad,0015/00155951,True,4,8,1.0,1.0,,,,1.0,1.0,0.00054,0.946,0.7166,0.8839,0.3128,0.7361,1.0,1.0,1.0,True,False,0.677875,1.0
deepseek_v41flash,parametric,openscad,0013/00134405,True,4,8,1.0,1.0,,,,1.0,1.0,0.000761,0.9238999999999999,0.4547,0.8727,0.4544,0.6266,1.0,1.0,1.0,True,False,0.6149,1.0
deepseek_v41flash,parametric,openscad,0053/00531353,True,4,8,1.0,1.0,,,,1.0,1.0,0.000536,0.9464,0.7144,0.9092,0.5452,0.7867,1.0,1.0,1.0,True,False,0.748175,1.0
deepseek_v41flash,parametric,openscad,0094/00941813,True,4,7,1.0,0.875,,,,0.9166666666666666,0.9166666666666666,0.000124,0.9876,0.9491,1.0,0.3525,0.9249,1.0,1.0,1.0,True,False,0.803525,1.0
deepseek_v41flash,parametric,openscad,0081/00817410,True,4,8,1.0,1.0,,,,1.0,1.0,0.000226,0.9774,0.6788,0.9645,0.5069,0.7835,1.0,1.0,1.0,True,False,0.73665,1.0
deepseek_v41flash,parametric,openscad,0045/00457640,True,4,7,1.0,0.875,,,,0.9166666666666666,0.9166666666666666,0.000252,0.9748,0.5378,0.9864,0.2753,0.8867,1.0,1.0,1.0,True,False,0.66865,1.0
deepseek_v41flash,parametric,openscad,0047/00478097,True,4,8,1.0,1.0,,,,1.0,1.0,6.8e-05,0.9932,0.9562,0.9973,0.6084,0.9163,1.0,1.0,1.0,True,False,0.868525,1.0
deepseek_v41flash,parametric,openscad,0013/00135353,True,4,8,1.0,1.0,,,,1.0,1.0,0.00034,0.966,0.6419,0.9342,0.3798,0.7323,1.0,1.0,1.0,True,False,0.6799999999999999,1.0
deepseek_v41flash,parametric,openscad,0062/00621494,True,4,8,1.0,1.0,,,,1.0,1.0,0.001606,0.8394,0.3561,0.7455,0.2006,0.6862,1.0,1.0,1.0,True,False,0.520575,1.0
deepseek_v41flash,parametric,openscad,0016/00169954,True,3,8,0.75,1.0,,,,0.9166666666666666,0.9166666666666666,0.005726,0.4274,0.0175,0.339,0.0412,0.3703,1.0,1.0,1.0,True,False,0.2141,1.0
deepseek_v41flash,parametric,openscad,0039/00390147,True,4,7,1.0,0.875,,,,0.9166666666666666,0.9166666666666666,0.001168,0.8832,0.577,0.8685,0.3039,0.7072,1.0,1.0,1.0,True,False,0.617825,1.0
deepseek_v41flash,parametric,openscad,0089/00895528,True,4,7,1.0,0.875,,,,0.9166666666666666,0.9166666666666666,0.004031,0.5969,0.258,0.5779,0.035,0.5709,1.0,1.0,1.0,True,False,0.36519999999999997,1.0
deepseek_v41flash,parametric,openscad,0030/00306122,True,4,5,1.0,0.625,,,,0.75,0.75,0.001256,0.8744000000000001,0.3219,0.7832,0.1087,0.5431,1.0,1.0,1.0,True,False,0.462025,1.0
deepseek_v41flash,parametric,openscad,0070/00706059,True,4,6,1.0,0.75,,,,0.8333333333333334,0.8333333333333334,0.001997,0.8003,0.5841,0.8124,0.0884,0.6843,1.0,1.0,1.0,True,False,0.539275,1.0
deepseek_v41flash,parametric,openscad,0008/00086411,True,3,7,0.75,0.875,,,,0.8333333333333334,0.8333333333333334,0.004528,0.5472,0.1231,0.4845,0.0891,0.3908,1.0,1.0,1.0,True,False,0.28755,1.0
deepseek_v41flash,parametric,openscad,0073/00732007,True,4,4,1.0,0.5,,,,0.6666666666666666,0.6666666666666666,0.000497,0.9503,0.4974,0.9039,0.4856,0.8005,1.0,1.0,1.0,True,False,0.68345,1.0
deepseek_v41flash,parametric,openscad,0010/00103639,True,3,8,0.75,1.0,,,,0.9166666666666666,0.9166666666666666,0.000137,0.9863,0.6053,0.9668,0.8243,0.7672,1.0,1.0,1.0,True,False,0.795775,1.0
deepseek_v41flash,parametric,openscad,0019/00199917,True,4,8,1.0,1.0,,,,1.0,1.0,0.000952,0.9048,0.6673,0.8959,0.383,0.735,1.0,1.0,1.0,True,False,0.672525,1.0
deepseek_v41flash,parametric,openscad,0035/00350534,True,3,8,0.75,1.0,,,,0.9166666666666666,0.9166666666666666,0.000707,0.9293,0.6924,0.8923,0.257,0.7804,1.0,1.0,0.998542,True,False,0.664775,0.999514
deepseek_v41flash,parametric,openscad,0043/00431078,True,4,8,1.0,1.0,,,,1.0,1.0,0.001654,0.8346,0.3679,0.7933,0.245,0.6157,1.0,1.0,1.0,True,False,0.5158,1.0
deepseek_v41flash,parametric,openscad,0073/00737056,True,4,8,1.0,1.0,,,,1.0,1.0,0.000594,0.9406,0.4457,0.9157,0.321,0.8472,1.0,1.0,0.999354,True,False,0.638625,0.9997846666666667
deepseek_v41flash,parametric,openscad,0078/00788594,True,4,7,1.0,0.875,,,,0.9166666666666666,0.9166666666666666,0.001236,0.8764000000000001,0.5551,0.9164,0.339,0.7842,1.0,1.0,1.0,True,False,0.638675,1.0
deepseek_v41flash,parametric,openscad,0067/00677148,True,3,8,0.75,1.0,,,,0.9166666666666666,0.9166666666666666,0.000893,0.9107,0.5561,0.8235,0.2182,0.7411,1.0,1.0,1.0,True,False,0.606525,1.0
deepseek_v41flash,parametric,openscad,0093/00937375,True,4,8,1.0,1.0,,,,1.0,1.0,0.00024,0.976,0.7826,0.9736,0.5047,0.8747,1.0,1.0,1.0,True,False,0.7845,1.0
deepseek_v41flash,parametric,openscad,0072/00726428,True,4,8,1.0,1.0,,,,1.0,1.0,0.004181,0.5819000000000001,0.2948,0.4762,0.0359,0.5534,1.0,1.0,1.0,True,False,0.36650000000000005,1.0
deepseek_v41flash,parametric,openscad,0049/00497058,True,2,8,0.5,1.0,,,,0.8333333333333334,0.8333333333333334,0.000197,0.9803,0.0,0.9836,0.1906,0.7368,1.0,1.0,1.0,False,True,0.476925,1.0
deepseek_v41flash,parametric,openscad,0013/00133189,True,4,7,1.0,0.875,,,,0.9166666666666666,0.9166666666666666,0.000513,0.9487,0.4936,0.8798,0.2736,0.5894,1.0,1.0,1.0,True,False,0.576325,1.0
deepseek_v41flash,parametric,openscad,0024/00249966,True,3,8,0.75,1.0,,,,0.9166666666666666,0.9166666666666666,0.000803,0.9197,0.644,0.8607,0.4837,0.7272,1.0,1.0,1.0,True,False,0.69365,1.0
deepseek_v41flash,parametric,openscad,0004/00042777,True,4,8,1.0,1.0,,,,1.0,1.0,0.003616,0.6384000000000001,0.3313,0.6382,0.3485,0.5025,1.0,1.0,1.0,True,False,0.455175,1.0
deepseek_v41flash,parametric,openscad,0055/00553999,True,4,8,1.0,1.0,,,,1.0,1.0,0.005285,0.47150000000000003,0.3284,0.5586,0.0551,0.5892,1.0,1.0,1.0,True,False,0.36105,1.0
deepseek_v41flash,parametric,openscad,0068/00681400,True,4,8,1.0,1.0,,,,1.0,1.0,0.000305,0.9695,0.7203,0.9404,0.7406,0.8325,1.0,1.0,1.0,True,False,0.815725,1.0
deepseek_v41flash,parametric,openscad,0071/00714935,True,4,8,1.0,1.0,,,,1.0,1.0,0.000825,0.9175,0.8376,0.9387,0.3164,0.8839,1.0,1.0,1.0,True,False,0.73885,1.0
deepseek_v41flash,parametric,openscad,0022/00227442,True,4,7,1.0,0.875,,,,0.9166666666666666,0.9166666666666666,0.000162,0.9838,0.719,0.9747,0.5025,0.839,1.0,1.0,1.0,True,False,0.761075,1.0
deepseek_v41flash,parametric,openscad,0039/00397627,True,3,7,0.75,0.875,,,,0.8333333333333334,0.8333333333333334,0.002801,0.7199,0.4972,0.77,0.2044,0.585,1.0,1.0,1.0,True,False,0.501625,1.0
deepseek_v41flash,parametric,openscad,0026/00268024,True,4,8,1.0,1.0,,,,1.0,1.0,3e-05,0.997,0.9815,1.0,0.8588,0.9097,1.0,1.0,1.0,True,False,0.93675,1.0
deepseek_v41flash,parametric,openscad,0007/00073282,True,4,8,1.0,1.0,,,,1.0,1.0,0.001671,0.8329,0.3061,0.839,0.3643,0.8348,1.0,1.0,1.0,True,False,0.584525,1.0
deepseek_v41flash,parametric,openscad,0036/00369868,True,4,8,1.0,1.0,,,,1.0,1.0,0.000643,0.9357,0.7035,0.8664,0.2981,0.748,1.0,1.0,1.0,True,False,0.671325,1.0
deepseek_v41flash,parametric,openscad,0084/00844862,True,4,8,1.0,1.0,,,,1.0,1.0,3.9e-05,0.9961,0.9949,1.0,0.7603,0.9365,1.0,1.0,1.0,True,False,0.92195,1.0
deepseek_v41flash,parametric,openscad,0026/00268027,True,4,8,1.0,1.0,,,,1.0,1.0,1.3e-05,0.9987,0.9858,1.0,0.9854,0.9105,1.0,1.0,1.0,True,False,0.9701,1.0
deepseek_v41flash,parametric,openscad,0092/00925049,True,4,8,1.0,1.0,,,,1.0,1.0,0.000331,0.9669,0.399,0.9647,0.5123,0.7846,1.0,1.0,1.0,True,False,0.6657,1.0
deepseek_v41flash,parametric,openscad,0072/00725542,True,4,6,1.0,0.75,,,,0.8333333333333334,0.8333333333333334,0.000704,0.9296,0.722,0.9229,0.4219,0.8047,1.0,1.0,1.0,True,False,0.71955,1.0
deepseek_v41flash,parametric,openscad,0015/00150938,True,3,8,0.75,1.0,,,,0.9166666666666666,0.9166666666666666,0.000286,0.9714,0.7806,0.9531,0.5121,0.8519,1.0,1.0,1.0,True,False,0.779,1.0
deepseek_v41flash,parametric,openscad,0072/00726429,True,4,7,1.0,0.875,,,,0.9166666666666666,0.9166666666666666,0.001349,0.8651,0.6169,0.8324,0.2963,0.7472,1.0,1.0,1.0,True,False,0.631375,1.0
deepseek_v41flash,parametric,openscad,0065/00657969,True,4,7,1.0,0.875,,,,0.9166666666666666,0.9166666666666666,0.001243,0.8757,0.3513,0.7379,0.3478,0.5509,1.0,1.0,1.0,True,False,0.531425,1.0
deepseek_v41flash,parametric,openscad,0031/00310774,True,4,7,1.0,0.875,,,,0.9166666666666666,0.9166666666666666,0.000639,0.9361,0.3257,0.8318,0.2731,0.8192,1.0,1.0,1.0,True,False,0.588525,1.0
deepseek_v41flash,parametric,openscad,0061/00618813,True,3,8,0.75,1.0,,,,0.9166666666666666,0.9166666666666666,0.000509,0.9491,0.7298,0.9582,0.4112,0.8424,1.0,1.0,1.0,True,False,0.733125,1.0
deepseek_v41flash,parametric,openscad,0030/00307386,True,2,7,0.5,0.875,,,,0.75,0.75,0.005224,0.4776,0.1385,0.4559,0.055,0.4911,1.0,1.0,1.0,True,False,0.29055000000000003,1.0
deepseek_v41flash,parametric,openscad,0072/00724192,True,4,8,1.0,1.0,,,,1.0,1.0,0.000158,0.9842,0.7373,0.9916,0.5267,0.7834,1.0,1.0,0.975573,True,False,0.7579,0.9918576666666666
deepseek_v41flash,parametric,openscad,0018/00189804,True,4,8,1.0,1.0,,,,1.0,1.0,0.000728,0.9272,0.0,0.9056,0.5251,0.7046,1.0,1.0,0.999285,False,True,0.5392250000000001,0.9997616666666667
deepseek_v41flash,parametric,openscad,0080/00807326,True,3,7,0.75,0.875,,,,0.8333333333333334,0.8333333333333334,0.000298,0.9702,0.7564,0.9573,0.4712,0.7901,1.0,1.0,1.0,True,False,0.746975,1.0
deepseek_v41flash,parametric,openscad,0078/00789364,True,4,8,1.0,1.0,,,,1.0,1.0,0.000129,0.9871,0.0,1.0,0.5221,0.8772,1.0,1.0,0.999356,False,True,0.5966,0.9997853333333334
deepseek_v41flash,parametric,openscad,0002/00029952,True,3,6,0.75,0.75,,,,0.75,0.75,6.7e-05,0.9933,0.9054,0.9994,0.6722,0.8739,1.0,1.0,1.0,True,False,0.8612,1.0
deepseek_v41flash,parametric,openscad,0005/00051224,True,4,8,1.0,1.0,,,,1.0,1.0,0.000216,0.9784,0.8706,0.947,0.6754,0.8646,1.0,1.0,1.0,True,False,0.8472500000000001,1.0
deepseek_v41flash,parametric,openscad,0087/00873073,True,4,8,1.0,1.0,,,,1.0,1.0,0.00074,0.926,0.429,0.8707,0.3742,0.6394,1.0,1.0,1.0,True,False,0.59215,1.0
deepseek_v41flash,parametric,openscad,0077/00779770,False,0,0,0.0,0.0,,,,0.0,0.0,0.01,0.0,0.0,0.0,0.0,0.0,0.0,0.0,0.0,False,False,0.0,0.0
deepseek_v41flash,parametric,openscad,0077/00778195,True,4,7,1.0,0.875,,,,0.9166666666666666,0.9166666666666666,5.5e-05,0.9945,0.7567,0.9929,0.8641,0.8163,1.0,1.0,1.0,True,False,0.8579,1.0
deepseek_v41flash,parametric,openscad,0039/00397628,True,4,6,1.0,0.75,,,,0.8333333333333334,0.8333333333333334,0.003704,0.6296,0.3604,0.6982,0.166,0.543,1.0,1.0,1.0,True,False,0.42475,1.0
deepseek_v41flash,parametric,openscad,0008/00089777,True,4,8,1.0,1.0,,,,1.0,1.0,0.000278,0.9722,0.9267,0.944,0.4048,0.9376,1.0,1.0,0.983294,True,False,0.810325,0.9944313333333333
deepseek_v41flash,parametric,openscad,0075/00758810,True,4,8,1.0,1.0,,,,1.0,1.0,0.001252,0.8748,0.4203,0.8021,0.3297,0.6181,1.0,1.0,1.0,True,False,0.560725,1.0
deepseek_v41flash,parametric,openscad,0028/00284926,True,4,8,1.0,1.0,,,,1.0,1.0,0.000152,0.9848,0.7786,0.9628,0.7628,0.8041,1.0,1.0,1.0,True,False,0.8325750000000001,1.0
deepseek_v41flash,parametric,openscad,0074/00741629,True,3,8,0.75,1.0,,,,0.9166666666666666,0.9166666666666666,0.00074,0.926,0.6832,0.8897,0.4046,0.7894,1.0,1.0,0.999194,True,False,0.7008,0.9997313333333334
deepseek_v41flash,parametric,openscad,0097/00973497,True,4,8,1.0,1.0,,,,1.0,1.0,0.000118,0.9882,0.6382,0.9624,0.6845,0.8228,1.0,1.0,1.0,True,False,0.783425,1.0
deepseek_v41flash,parametric,openscad,0047/00474303,True,4,8,1.0,1.0,,,,1.0,1.0,0.003763,0.6237,0.2197,0.5755,0.1036,0.5629,1.0,1.0,1.0,True,False,0.377475,1.0
deepseek_v41flash,parametric,openscad,0061/00616188,True,4,8,1.0,1.0,,,,1.0,1.0,0.000206,0.9794,0.8386,0.9498,0.7228,0.8378,1.0,1.0,1.0,True,False,0.84465,1.0
deepseek_v41flash,parametric,openscad,0005/00051572,True,1,8,0.25,1.0,,,,0.75,0.75,0.00016,0.984,0.7401,0.9832,0.5237,0.8368,1.0,1.0,1.0,True,False,0.77115,1.0
deepseek_v41flash,parametric,openscad,0025/00253807,True,4,8,1.0,1.0,,,,1.0,1.0,0.00065,0.935,0.5927,0.8743,0.4459,0.7431,1.0,1.0,1.0,True,False,0.679175,1.0
deepseek_v41flash,parametric,openscad,0024/00242128,True,0,6,0.0,0.75,,,,0.5,0.5,0.00485,0.515,0.0747,0.4724,0.1274,0.5464,1.0,1.0,1.0,True,False,0.315875,1.0
deepseek_v41flash,parametric,openscad,0029/00292492,True,4,8,1.0,1.0,,,,1.0,1.0,0.000418,0.9581999999999999,0.6196,0.9132,0.3856,0.7549,1.0,1.0,1.0,True,False,0.679575,1.0
deepseek_v41flash,parametric,openscad,0054/00547865,True,4,8,1.0,1.0,,,,1.0,1.0,9.1e-05,0.9909,0.9806,0.9916,0.6713,0.9351,1.0,1.0,1.0,True,False,0.894475,1.0
deepseek_v41flash,parametric,openscad,0005/00052091,True,3,6,0.75,0.75,,,,0.75,0.75,0.000486,0.9514,0.7692,0.916,0.416,0.8037,1.0,1.0,1.0,True,False,0.735075,1.0
deepseek_v41flash,parametric,openscad,0034/00344679,True,1,6,0.25,0.75,,,,0.5833333333333334,0.5833333333333334,0.005186,0.48140000000000005,0.4951,0.5008,0.0336,0.5513,1.0,1.0,1.0,True,False,0.39035000000000003,1.0
deepseek_v41flash,parametric,openscad,0092/00923543,True,3,8,0.75,1.0,,,,0.9166666666666666,0.9166666666666666,0.000519,0.9480999999999999,0.5573,0.8952,0.5826,0.6945,1.0,1.0,1.0,True,False,0.6956249999999999,1.0
deepseek_v41flash,parametric,openscad,0024/00242859,True,4,3,1.0,0.375,,,,0.5833333333333334,0.5833333333333334,0.000965,0.9035,0.6602,0.8269,0.2234,0.6804,1.0,1.0,1.0,True,False,0.616875,1.0
deepseek_v41flash,parametric,openscad,0079/00790247,True,4,8,1.0,1.0,,,,1.0,1.0,6e-05,0.994,0.9941,1.0,0.6069,0.9471,1.0,1.0,1.0,True,False,0.885525,1.0
deepseek_v41flash,parametric,openscad,0084/00843879,True,4,8,1.0,1.0,,,,1.0,1.0,0.000408,0.9592,0.7528,0.8988,0.5068,0.7758,1.0,1.0,1.0,True,False,0.74865,1.0
deepseek_v41flash,parametric,openscad,0010/00108226,True,4,8,1.0,1.0,,,,1.0,1.0,6.7e-05,0.9933,0.9236,0.9999,0.6341,0.8901,1.0,1.0,1.0,True,False,0.860275,1.0
deepseek_v41flash,parametric,openscad,0026/00268031,True,4,6,1.0,0.75,,,,0.8333333333333334,0.8333333333333334,0.000627,0.9373,0.53,0.9566,0.2624,0.8522,1.0,1.0,1.0,True,False,0.645475,1.0
deepseek_v41flash,parametric,openscad,0022/00225399,True,4,8,1.0,1.0,,,,1.0,1.0,0.000854,0.9146,0.7772,0.8871,0.1768,0.7846,1.0,1.0,0.999194,True,False,0.6633,0.9997313333333334
deepseek_v41flash,parametric,openscad,0057/00570258,True,2,8,0.5,1.0,,,,0.8333333333333334,0.8333333333333334,0.000852,0.9148000000000001,0.6823,0.9781,0.2696,0.941,1.0,1.0,1.0,True,False,0.701925,1.0
deepseek_v41flash,parametric,openscad,0010/00101896,True,4,6,1.0,0.75,,,,0.8333333333333334,0.8333333333333334,0.001668,0.8331999999999999,0.4164,0.6565,0.1541,0.6623,1.0,1.0,1.0,True,False,0.5165,1.0
deepseek_v41flash,parametric,openscad,0061/00619989,True,3,8,0.75,1.0,,,,0.9166666666666666,0.9166666666666666,0.000984,0.9016,0.7597,0.8932,0.1793,0.773,1.0,1.0,1.0,True,False,0.6534,1.0
deepseek_v41flash,parametric,openscad,0022/00226013,True,4,8,1.0,1.0,,,,1.0,1.0,0.000247,0.9753000000000001,0.8535,0.9752,0.3693,0.8756,1.0,1.0,1.0,True,False,0.768425,1.0
deepseek_v41flash,parametric,openscad,0052/00523563,True,4,8,1.0,1.0,,,,1.0,1.0,0.001497,0.8503000000000001,0.738,0.8109,0.3043,0.7346,1.0,1.0,1.0,True,False,0.6568,1.0
deepseek_v41flash,parametric,openscad,0036/00361447,True,4,8,1.0,1.0,,,,1.0,1.0,0.000153,0.9847,0.8734,0.9751,0.5631,0.7618,1.0,1.0,1.0,True,False,0.79575,1.0
deepseek_v41flash,parametric,openscad,0070/00709862,True,4,7,1.0,0.875,,,,0.9166666666666666,0.9166666666666666,9.1e-05,0.9909,0.895,0.9948,0.5705,0.8129,1.0,1.0,1.0,True,False,0.817325,1.0
deepseek_v41flash,parametric,openscad,0054/00541109,True,4,8,1.0,1.0,,,,1.0,1.0,0.003689,0.6311,0.1377,0.4534,0.057,0.5014,1.0,1.0,1.0,True,False,0.3318,1.0
deepseek_v41flash,parametric,openscad,0086/00866616,True,4,8,1.0,1.0,,,,1.0,1.0,5.3e-05,0.9947,0.8594,0.9945,0.8228,0.916,1.0,1.0,1.0,True,False,0.898225,1.0
deepseek_v41flash,parametric,openscad,0027/00279318,True,3,8,0.75,1.0,,,,0.9166666666666666,0.9166666666666666,0.000614,0.9386,0.3723,0.856,0.4496,0.6815,1.0,1.0,1.0,True,False,0.6105,1.0
deepseek_v41flash,parametric,openscad,0082/00827203,True,4,8,1.0,1.0,,,,1.0,1.0,0.00012,0.988,0.807,0.9881,0.5627,0.9296,1.0,1.0,1.0,True,False,0.821825,1.0
deepseek_v41flash,parametric,openscad,0039/00391450,True,0,2,0.0,0.25,,,,0.16666666666666666,0.16666666666666666,0.002748,0.7252000000000001,0.2778,0.5613,0.1,0.6562,1.0,1.0,1.0,True,False,0.4398,1.0
deepseek_v41flash,parametric,openscad,0013/00135378,True,4,8,1.0,1.0,,,,1.0,1.0,0.000256,0.9744,0.678,0.9411,0.5884,0.7608,1.0,1.0,1.0,True,False,0.7504000000000001,1.0
deepseek_v41flash,parametric,openscad,0093/00934405,True,4,7,1.0,0.875,,,,0.9166666666666666,0.9166666666666666,0.001316,0.8684000000000001,0.4379,0.7811,0.1627,0.6251,1.0,1.0,0.966431,True,False,0.523525,0.9888103333333333
deepseek_v41flash,parametric,openscad,0056/00568816,True,2,6,0.5,0.75,,,,0.6666666666666666,0.6666666666666666,0.000475,0.9525,0.3403,0.869,0.2813,0.6384,1.0,1.0,1.0,True,False,0.553125,1.0
deepseek_v41flash,parametric,openscad,0072/00728052,True,4,8,1.0,1.0,,,,1.0,1.0,0.000388,0.9612,0.8468,0.9572,0.4295,0.8884,1.0,1.0,1.0,True,False,0.781475,1.0
deepseek_v41flash,parametric,openscad,0021/00210983,True,4,8,1.0,1.0,,,,1.0,1.0,0.001414,0.8586,0.0,0.797,0.407,0.7882,1.0,1.0,1.0,False,True,0.51345,1.0
deepseek_v41flash,parametric,openscad,0046/00460772,True,2,8,0.5,1.0,,,,0.8333333333333334,0.8333333333333334,0.000152,0.9848,0.8063,0.9733,0.6601,0.8518,1.0,1.0,1.0,True,False,0.82575,1.0
