{
  "parts": {
    "part_1": {
      "coordinate_system": {
        "Euler Angles": [0.0, 0.0, 0.0],
        "Translation Vector": [0.0, 0.0, 0.0]
      },
      "sketch": {
        "face_1": {
          "loop_1": {
            "circle_1": {
              "Center": [0.0, 0.0],
              "Radius": 50.0
            }
          },
          "loop_2": {
            "circle_1": {
              "Center": [0.0, 0.0],
              "Radius": 40.0
            }
          }
        }
      },
      "extrusion": {
        "extrude_depth_towards_normal": 10.0,
        "extrude_depth_opposite_normal": 0.0,
        "sketch_scale": 1.0,
        "operation": "NewBodyFeatureOperation"
      }
    },
    "part_2": {
      "coordinate_system": {
        "Euler Angles": [0.0, 0.0, 0.0],
        "Translation Vector": [0.0, 0.0, 0.0]
      },
      "sketch": {
        "face_1": {
          "loop_1": {
            "circle_1": {
              "Center": [0.0, 0.0],
              "Radius": 20.0
            }
          },
          "loop_2": {
            "circle_1": {
              "Center": [0.0, 0.0],
              "Radius": 10.0
            }
          },
          "loop_3": {
            "line_1": {
              "Start Point": [19.9000833056, -1.9966683329],
              "End Point": [39.8001666111, -3.9933366659]
            },
            "arc_1": {
              "Start Point": [39.8001666111, -3.9933366659],
              "Mid Point": [40.0, 0.0],
              "End Point": [39.8001666111, 3.9933366659]
            },
            "line_2": {
              "Start Point": [39.8001666111, 3.9933366659],
              "End Point": [19.9000833056, 1.9966683329]
            },
            "arc_2": {
              "Start Point": [19.9000833056, 1.9966683329],
              "Mid Point": [20.0, 0.0],
              "End Point": [19.9000833056, -1.9966683329]
            }
          },
          "loop_4": {
            "line_1": {
              "Start Point": [1.9966683329, -19.9000833056],
              "End Point": [3.9933366659, -39.8001666111]
            },
            "arc_1": {
              "Start Point": [3.9933366659, -39.8001666111],
              "Mid Point": [0.0, -40.0],
              "End Point": [-3.9933366659, -39.8001666111]
            },
            "line_2": {
              "Start Point": [-3.9933366659, -39.8001666111],
              "End Point": [-1.9966683329, -19.9000833056]
            },
            "arc_2": {
              "Start Point": [-1.9966683329, -19.9000833056],
              "Mid Point": [0.0, -20.0],
              "End Point": [1.9966683329, -19.9000833056]
            }
          },
          "loop_5": {
            "line_1": {
              "Start Point": [-17.9034286727, -8.0934286727],
              "End Point": [-35.8068573455, -16.1868573455]
            },
            "arc_1": {
              "Start Point": [-35.8068573455, -16.1868573455],
              "Mid Point": [-34.6410161514, -20.0],
              "End Point": [-30.6410161514, -23.0934286727]
            },
            "line_2": {
              "Start Point": [-30.6410161514, -23.0934286727],
              "End Point": [-15.3205080757, -11.5467143364]
            },
            "arc_2": {
              "Start Point": [-15.3205080757, -11.5467143364],
              "Mid Point": [-17.3205080757, -10.0],
              "End Point": [-17.9034286727, -8.0934286727]
            }
          },
          "loop_6": {
            "line_1": {
              "Start Point": [-17.9034286727, 8.0934286727],
              "End Point": [-35.8068573455, 16.1868573455]
            },
            "arc_1": {
              "Start Point": [-35.8068573455, 16.1868573455],
              "Mid Point": [-34.6410161514, 20.0],
              "End Point": [-30.6410161514, 23.0934286727]
            },
            "line_2": {
              "Start Point": [-30.6410161514, 23.0934286727],
              "End Point": [-15.3205080757, 11.5467143364]
            },
            "arc_2": {
              "Start Point": [-15.3205080757, 11.5467143364],
              "Mid Point": [-17.3205080757, 10.0],
              "End Point": [-17.9034286727, 8.0934286727]
            }
          },
          "loop_7": {
            "line_1": {
              "Start Point": [17.9034286727, 8.0934286727],
              "End Point": [35.8068573455, 16.1868573455]
            },
            "arc_1": {
              "Start Point": [35.8068573455, 16.1868573455],
              "Mid Point": [34.6410161514, 20.0],
              "End Point": [30.6410161514, 23.0934286727]
            },
            "line_2": {
              "Start Point": [30.6410161514, 23.0934286727],
              "End Point": [15.3205080757, 11.5467143364]
            },
            "arc_2": {
              "Start Point": [15.3205080757, 11.5467143364],
              "Mid Point": [17.3205080757, 10.0],
              "End Point": [17.9034286727, 8.0934286727]
            }
          },
          "loop_8": {
            "line_1": {
              "Start Point": [17.9034286727, -8.0934286727],
              "End Point": [35.8068573455, -16.1868573455]
            },
            "arc_1": {
              "Start Point": [35.8068573455, -16.1868573455],
              "Mid Point": [34.6410161514, -20.0],
              "End Point": [30.6410161514, -23.0934286727]
            },
            "line_2": {
              "Start Point": [30.6410161514, -23.0934286727],
              "End Point": [15.3205080757, -11.5467143364]
            },
            "arc_2": {
              "Start Point": [15.3205080757, -11.5467143364],
              "Mid Point": [17.3205080757, -10.0],
              "End Point": [17.9034286727, -8.0934286727]
            }
          }
        }
      },
      "extrusion": {
        "extrude_depth_towards_normal": 5.0,
        "extrude_depth_opposite_normal": 0.0,
        "sketch_scale": 1.0,
        "operation": "JoinFeatureOperation"
      }
    }
  }
}