{"parts":{"part_1":{"coordinate_system":{"Euler Angles":[0.0,0.0,0.0],"Translation Vector":[0.0,0.0,0.0]},"sketch":{"face_1":{"loop_1":{"circle_1":{"Center":[0.0,0.0],"Radius":50.0}},"loop_2":{"circle_1":{"Center":[0.0,0.0],"Radius":40.0}}}},"extrusion":{"extrude_depth_towards_normal":3.0,"extrude_depth_opposite_normal":3.0,"sketch_scale":1.0,"operation":"NewBodyFeatureOperation"}},"part_2":{"coordinate_system":{"Euler Angles":[0.0,0.0,0.0],"Translation Vector":[0.0,0.0,0.0]},"sketch":{"face_1":{"loop_1":{"line_1":{"Start Point":[17.350285,-2.284208],"End Point":[40.153517,-5.286311]},"arc_1":{"Start Point":[40.153517,-5.286311],"Mid Point":[40.5,0.0],"End Point":[40.153517,5.286311]},"line_2":{"Start Point":[40.153517,5.286311],"End Point":[17.350285,2.284208]},"arc_2":{"Start Point":[17.350285,2.284208],"Mid Point":[17.5,0.0],"End Point":[17.350285,-2.284208]}}},"face_2":{"loop_1":{"line_1":{"Start Point":[10.653325,13.883683],"End Point":[24.654838,32.13081]},"arc_1":{"Start Point":[24.654838,32.13081],"Mid Point":[20.25,35.074029],"End Point":[15.498679,37.417121]},"line_2":{"Start Point":[15.498679,37.417121],"End Point":[6.69696,16.167892]},"arc_2":{"Start Point":[6.69696,16.167892],"Mid Point":[8.75,15.155445],"End Point":[10.653325,13.883683]}}},"face_3":{"loop_1":{"line_1":{"Start Point":[-6.69696,16.167892],"End Point":[-15.498679,37.417121]},"arc_1":{"Start Point":[-15.498679,37.417121],"Mid Point":[-20.25,35.074029],"End Point":[-24.654838,32.13081]},"line_2":{"Start Point":[-24.654838,32.13081],"End Point":[-10.653325,13.883683]},"arc_2":{"Start Point":[-10.653325,13.883683],"Mid Point":[-8.75,15.155445],"End Point":[-6.69696,16.167892]}}},"face_4":{"loop_1":{"line_1":{"Start Point":[-17.350285,2.284208],"End Point":[-40.153517,5.286311]},"arc_1":{"Start Point":[-40.153517,5.286311],"Mid Point":[-40.5,0.0],"End Point":[-40.153517,-5.286311]},"line_2":{"Start Point":[-40.153517,-5.286311],"End Point":[-17.350285,-2.284208]},"arc_2":{"Start Point":[-17.350285,-2.284208],"Mid Point":[-17.5,0.0],"End Point":[-17.350285,2.284208]}}},"face_5":{"loop_1":{"line_1":{"Start Point":[-10.653325,-13.883683],"End Point":[-24.654838,-32.13081]},"arc_1":{"Start Point":[-24.654838,-32.13081],"Mid Point":[-20.25,-35.074029],"End Point":[-15.498679,-37.417121]},"line_2":{"Start Point":[-15.498679,-37.417121],"End Point":[-6.69696,-16.167892]},"arc_2":{"Start Point":[-6.69696,-16.167892],"Mid Point":[-8.75,-15.155445],"End Point":[-10.653325,-13.883683]}}},"face_6":{"loop_1":{"line_1":{"Start Point":[6.69696,-16.167892],"End Point":[15.498679,-37.417121]},"arc_1":{"Start Point":[15.498679,-37.417121],"Mid Point":[20.25,-35.074029],"End Point":[24.654838,-32.13081]},"line_2":{"Start Point":[24.654838,-32.13081],"End Point":[10.653325,-13.883683]},"arc_2":{"Start Point":[10.653325,-13.883683],"Mid Point":[8.75,-15.155445],"End Point":[6.69696,-16.167892]}}}},"extrusion":{"extrude_depth_towards_normal":1.5,"extrude_depth_opposite_normal":1.5,"sketch_scale":1.0,"operation":"JoinFeatureOperation"}},"part_3":{"coordinate_system":{"Euler Angles":[0.0,0.0,0.0],"Translation Vector":[0.0,0.0,0.0]},"sketch":{"face_1":{"loop_1":{"circle_1":{"Center":[0.0,0.0],"Radius":18.0}},"loop_2":{"circle_1":{"Center":[0.0,0.0],"Radius":10.0}}}},"extrusion":{"extrude_depth_towards_normal":2.0,"extrude_depth_opposite_normal":2.0,"sketch_scale":1.0,"operation":"JoinFeatureOperation"}}}}